# Finite Difference soliton collision: S=-0.1, v1=20, v2=-20
# L=30, N=512, T=1.0, tau=0.001
time,x_0.0000,x_0.2344,x_0.4688,x_0.7031,x_0.9375,x_1.1719,x_1.4062,x_1.6406,x_1.8750,x_2.1094,x_2.3438,x_2.5781,x_2.8125,x_3.0469,x_3.2812,x_3.5156,x_3.7500,x_3.9844,x_4.2188,x_4.4531,x_4.6875,x_4.9219,x_5.1562,x_5.3906,x_5.6250,x_5.8594,x_6.0938,x_6.3281,x_6.5625,x_6.7969,x_7.0312,x_7.2656,x_7.5000,x_7.7344,x_7.9688,x_8.2031,x_8.4375,x_8.6719,x_8.9062,x_9.1406,x_9.3750,x_9.6094,x_9.8438,x_10.0781,x_10.3125,x_10.5469,x_10.7812,x_11.0156,x_11.2500,x_11.4844,x_11.7188,x_11.9531,x_12.1875,x_12.4219,x_12.6562,x_12.8906,x_13.1250,x_13.3594,x_13.5938,x_13.8281,x_14.0625,x_14.2969,x_14.5312,x_14.7656,x_15.0000,x_15.2344,x_15.4688,x_15.7031,x_15.9375,x_16.1719,x_16.4062,x_16.6406,x_16.8750,x_17.1094,x_17.3438,x_17.5781,x_17.8125,x_18.0469,x_18.2812,x_18.5156,x_18.7500,x_18.9844,x_19.2188,x_19.4531,x_19.6875,x_19.9219,x_20.1562,x_20.3906,x_20.6250,x_20.8594,x_21.0938,x_21.3281,x_21.5625,x_21.7969,x_22.0312,x_22.2656,x_22.5000,x_22.7344,x_22.9688,x_23.2031,x_23.4375,x_23.6719,x_23.9062,x_24.1406,x_24.3750,x_24.6094,x_24.8438,x_25.0781,x_25.3125,x_25.5469,x_25.7812,x_26.0156,x_26.2500,x_26.4844,x_26.7188,x_26.9531,x_27.1875,x_27.4219,x_27.6562,x_27.8906,x_28.1250,x_28.3594,x_28.5938,x_28.8281,x_29.0625,x_29.2969,x_29.5312,x_29.7656
0.00000000,0.00000204,0.00000284,0.00000396,0.00000551,0.00000768,0.00001070,0.00001491,0.00002077,0.00002893,0.00004029,0.00005613,0.00007819,0.00010892,0.00015172,0.00021134,0.00029440,0.00041010,0.00057127,0.00079577,0.00110850,0.00154414,0.00215098,0.00299630,0.00417382,0.00581409,0.00809895,0.01128164,0.01571488,0.02188967,0.03048930,0.04246355,0.05913022,0.08231055,0.11450296,0.15908410,0.22048220,0.30414485,0.41582776,0.55915698,0.72978934,0.90576987,1.04143147,1.08358752,1.01232301,0.86035462,0.68227895,0.51772801,0.38290948,0.27925155,0.20210113,0.14572885,0.10480720,0.07537992,0.05406500,0.03893894,0.02779305,0.02018857,0.01415970,0.01063892,0.00696865,0.00594740,0.00294373,0.00397578,0.00026057,0.00381534,0.00233370,0.00538652,0.00597682,0.00941321,0.01233855,0.01773540,0.02431576,0.03414129,0.04735517,0.06607081,0.09186183,0.12781280,0.17741590,0.24561542,0.33799122,0.46006351,0.61361569,0.78964105,0.95827740,1.06795136,1.07177962,0.96793444,0.80142602,0.62470080,0.46921036,0.34506454,0.25087243,0.18128695,0.13058693,0.09391097,0.06747797,0.04846367,0.03479940,0.02498482,0.01793720,0.01287714,0.00924437,0.00663638,0.00476413,0.00342007,0.00245520,0.00176253,0.00126528,0.00090832,0.00065206,0.00046810,0.00033604,0.00024123,0.00017318,0.00012432,0.00008925,0.00006407,0.00004599,0.00003302,0.00002370,0.00001702,0.00001221,0.00000877,0.00000629,0.00000452,0.00000324,0.00000233,0.00000167
0.02000000,0.00000060,0.00000042,0.00000250,0.00000348,0.00000484,0.00000675,0.00000940,0.00001309,0.00001824,0.00002541,0.00003539,0.00004930,0.00006868,0.00009567,0.00013326,0.00018564,0.00025859,0.00036021,0.00050177,0.00069897,0.00097366,0.00135631,0.00188933,0.00263183,0.00366611,0.00510687,0.00711381,0.00990943,0.01380353,0.01922762,0.02678223,0.03730281,0.05194987,0.07233143,0.10066414,0.13997262,0.19430039,0.26882124,0.36952447,0.50161767,0.66500931,0.84537369,1.00463641,1.08709664,1.05569865,0.92625548,0.75120669,0.57803601,0.43098989,0.31565606,0.22904493,0.16526804,0.11906728,0.08547395,0.06158849,0.04396958,0.03194295,0.02240524,0.01683480,0.01102719,0.00941128,0.00465822,0.00629139,0.00041234,0.00603751,0.00369290,0.00852374,0.00945777,0.01489537,0.01952389,0.02806231,0.03847061,0.05400625,0.07488234,0.10440693,0.14497279,0.20120131,0.27793386,0.38123224,0.51559206,0.67998953,0.85873892,1.01320531,1.08861015,1.04977574,0.91443827,0.73649495,0.56343521,0.41829128,0.30553334,0.22129546,0.15958959,0.11483487,0.08253686,0.05928820,0.04257528,0.03056888,0.02194658,0.01575564,0.01131088,0.00811992,0.00582914,0.00418462,0.00300405,0.00215654,0.00154814,0.00111137,0.00079783,0.00057274,0.00041116,0.00029516,0.00021189,0.00015211,0.00010920,0.00007839,0.00005627,0.00004040,0.00002900,0.00002082,0.00001495,0.00001073,0.00000770,0.00000553,0.00000397,0.00000285,0.00000205,0.00000148,0.00000032
0.04000000,0.00000034,0.00000033,0.00000070,0.00000194,0.00000314,0.00000435,0.00000606,0.00000844,0.00001175,0.00001637,0.00002280,0.00003177,0.00004425,0.00006164,0.00008586,0.00011961,0.00016661,0.00023209,0.00032330,0.00045036,0.00062734,0.00087389,0.00121731,0.00169572,0.00236212,0.00329043,0.00458355,0.00638488,0.00889410,0.01238949,0.01725857,0.02404133,0.03348997,0.04665244,0.06498807,0.09052407,0.12605558,0.17534650,0.24321451,0.33526662,0.45689965,0.61029987,0.78745248,0.95967585,1.07508460,1.08419680,0.98352864,0.81782137,0.63979654,0.48168498,0.35482999,0.25808922,0.18672416,0.13433478,0.09690528,0.06922321,0.05030458,0.03528965,0.02651812,0.01737062,0.01482554,0.00733811,0.00991095,0.00064956,0.00951102,0.00581745,0.01342747,0.01489853,0.02346361,0.03075252,0.04419655,0.06057469,0.08499896,0.11775230,0.16390485,0.22685077,0.31289009,0.42716697,0.57331565,0.74586955,0.92198106,1.05538360,1.09303898,1.01586354,0.85926499,0.67918413,0.51442732,0.38001650,0.27672812,0.19990304,0.14383146,0.10331909,0.07417939,0.05325115,0.03822690,0.02744169,0.01969956,0.01414178,0.01015203,0.00728791,0.00523181,0.00375581,0.00269620,0.00193555,0.00138948,0.00099748,0.00071607,0.00051405,0.00036902,0.00026491,0.00019018,0.00013652,0.00009801,0.00007036,0.00005051,0.00003626,0.00002603,0.00001869,0.00001341,0.00000963,0.00000691,0.00000496,0.00000356,0.00000256,0.00000184,0.00000121,0.00000050,0.00000028
0.06000000,0.00000042,0.00000032,0.00000037,0.00000040,0.00000112,0.00000308,0.00000421,0.00000586,0.00000817,0.00001138,0.00001585,0.00002208,0.00003076,0.00004284,0.00005968,0.00008314,0.00011581,0.00016132,0.00022472,0.00031303,0.00043605,0.00060742,0.00084612,0.00117865,0.00164184,0.00228708,0.00318586,0.00443784,0.00618172,0.00861069,0.01199344,0.01670354,0.02325882,0.03237324,0.04501967,0.06249009,0.08644365,0.11899172,0.16302067,0.22270405,0.30370008,0.41230619,0.55300889,0.72279843,0.90165509,1.04469839,1.09548760,1.03011135,0.88105297,0.70269670,0.53565259,0.39711823,0.29027979,0.20996722,0.15189451,0.10866178,0.07902542,0.05545882,0.04168303,0.02730682,0.02330747,0.01153652,0.01558178,0.00102122,0.01495306,0.00914588,0.02110982,0.02342126,0.03688357,0.04833323,0.06944310,0.09512042,0.13332543,0.18429743,0.25546520,0.35076269,0.47662160,0.63319307,0.81062645,0.97756011,1.08261005,1.07863385,0.96630989,0.79502585,0.61790660,0.46452340,0.34340299,0.25211826,0.18467779,0.13498721,0.09826468,0.07116630,0.05132967,0.03693230,0.02654167,0.01906357,0.01368886,0.00982820,0.00705591,0.00506545,0.00363643,0.00261054,0.00187405,0.00134535,0.00096579,0.00069333,0.00049772,0.00035730,0.00025650,0.00018414,0.00013219,0.00009489,0.00006812,0.00004890,0.00003511,0.00002520,0.00001809,0.00001299,0.00000932,0.00000669,0.00000480,0.00000345,0.00000248,0.00000182,0.00000072,0.00000030,0.00000027,0.00000027
0.08000000,0.00000025,0.00000022,0.00000037,0.00000033,0.00000045,0.00000130,0.00000295,0.00000452,0.00000622,0.00000867,0.00001207,0.00001682,0.00002343,0.00003263,0.00004546,0.00006332,0.00008821,0.00012288,0.00017116,0.00023843,0.00033213,0.00046266,0.00064447,0.00089774,0.00125049,0.00174186,0.00242612,0.00337892,0.00470490,0.00654889,0.00910885,0.01265179,0.01752524,0.02415469,0.03301230,0.04460194,0.05962790,0.07941977,0.10631400,0.14367389,0.19582811,0.26801737,0.36619997,0.49555944,0.65660170,0.83668100,1.00044539,1.09077772,1.06573384,0.93991762,0.76678784,0.59273154,0.44379568,0.32523616,0.23693481,0.17011208,0.12395453,0.08707196,0.06547889,0.04290540,0.03662764,0.01813023,0.02448917,0.00160498,0.02350119,0.01437344,0.03317512,0.03680264,0.05794682,0.07590298,0.10897558,0.14904801,0.20833306,0.28642433,0.39300708,0.52947738,0.69561243,0.87335336,1.02497786,1.09515774,1.04864092,0.90686938,0.72758166,0.55632382,0.41389391,0.30374747,0.22191500,0.16244002,0.11974982,0.08913451,0.06684960,0.05013153,0.03727906,0.02739548,0.01993470,0.01441498,0.01038742,0.00747150,0.00536900,0.00385631,0.00276907,0.00198815,0.00142733,0.00102470,0.00073561,0.00052809,0.00037910,0.00027215,0.00019537,0.00014025,0.00010068,0.00007228,0.00005189,0.00003725,0.00002674,0.00001920,0.00001378,0.00000989,0.00000710,0.00000510,0.00000366,0.00000265,0.00000178,0.00000078,0.00000030,0.00000028,0.00000029,0.00000025
0.10000000,0.00000040,0.00000041,0.00000023,0.00000070,0.00000040,0.00000115,0.00000198,0.00000249,0.00000478,0.00000667,0.00000927,0.00001291,0.00001799,0.00002506,0.00003491,0.00004863,0.00006773,0.00009436,0.00013143,0.00018310,0.00025503,0.00035527,0.00049484,0.00068929,0.00095995,0.00133684,0.00186089,0.00258907,0.00359754,0.00498786,0.00688454,0.00942546,0.01271989,0.01680955,0.02173265,0.02784093,0.03608996,0.04791424,0.06495703,0.08916562,0.12315856,0.17044606,0.23570928,0.32454134,0.44279868,0.59328946,0.76969358,0.94596281,1.07102668,1.08873434,0.99334100,0.83020185,0.65362247,0.49345904,0.36554462,0.26478886,0.19386888,0.13650723,0.10279383,0.06739483,0.05755815,0.02849299,0.03849297,0.00252264,0.03694063,0.02258981,0.05213706,0.05781806,0.09099817,0.11906946,0.17064210,0.23252411,0.32279040,0.43800302,0.58692568,0.75883213,0.93321606,1.06224535,1.09296309,1.00553437,0.84240438,0.66146163,0.49906516,0.36792047,0.26800512,0.19403475,0.14020636,0.10138236,0.07363333,0.05399053,0.04029284,0.03080265,0.02398944,0.01866630,0.01425664,0.01064594,0.00781397,0.00567649,0.00410009,0.00295290,0.00212322,0.00152558,0.00109560,0.00078673,0.00056481,0.00040551,0.00029110,0.00020899,0.00015002,0.00010770,0.00007731,0.00005551,0.00003984,0.00002860,0.00002053,0.00001474,0.00001058,0.00000760,0.00000545,0.00000392,0.00000282,0.00000149,0.00000123,0.00000071,0.00000022,0.00000044,0.00000016,0.00000026
0.12000000,0.00000051,0.00000001,0.00000066,0.00000049,0.00000114,0.00000097,0.00000205,0.00000295,0.00000389,0.00000464,0.00000720,0.00001001,0.00001394,0.00001942,0.00002705,0.00003768,0.00005248,0.00007311,0.00010183,0.00014187,0.00019758,0.00027523,0.00038325,0.00053372,0.00074269,0.00103301,0.00143404,0.00198529,0.00273093,0.00371384,0.00493597,0.00630502,0.00758697,0.00861761,0.00982426,0.01252164,0.01785985,0.02622998,0.03806277,0.05433393,0.07670578,0.10750143,0.15002167,0.20845669,0.28832366,0.39535984,0.53441828,0.70299848,0.88471479,1.03643169,1.09812094,1.03804479,0.89297913,0.71497559,0.54940119,0.40632330,0.30098160,0.21317745,0.16107329,0.10575679,0.09041691,0.04476864,0.06050621,0.00396480,0.05806855,0.03549695,0.08191817,0.09076551,0.14270320,0.18622808,0.26569305,0.35875612,0.48994944,0.64540313,0.82353818,0.98681577,1.08823602,1.07482007,0.95229130,0.77557540,0.59871829,0.44687246,0.32748536,0.23741420,0.17116840,0.12284304,0.08783197,0.06241285,0.04395012,0.03049464,0.02082380,0.01430269,0.01063750,0.00902038,0.00802440,0.00684272,0.00547473,0.00417540,0.00309300,0.00225706,0.00163351,0.00117787,0.00084728,0.00060903,0.00043739,0.00031414,0.00022551,0.00016193,0.00011623,0.00008345,0.00005990,0.00004301,0.00003087,0.00002216,0.00001591,0.00001142,0.00000820,0.00000589,0.00000423,0.00000275,0.00000231,0.00000173,0.00000125,0.00000050,0.00000074,0.00000021,0.00000050,0.00000020
0.14000000,0.00000054,0.00000060,0.00000093,0.00000100,0.00000167,0.00000204,0.00000282,0.00000447,0.00000599,0.00000732,0.00000942,0.00001221,0.00001732,0.00002413,0.00003361,0.00004682,0.00006522,0.00009085,0.00012655,0.00017627,0.00024550,0.00034189,0.00047599,0.00066236,0.00092071,0.00127741,0.00176518,0.00242032,0.00326504,0.00426334,0.00522962,0.00577236,0.00539805,0.00379340,0.00113282,0.00335179,0.00841041,0.01477859,0.02294481,0.03369289,0.04821656,0.06802929,0.09538657,0.13305371,0.18515033,0.25632644,0.35293999,0.47970124,0.63877806,0.81862024,0.98996823,1.09051451,1.07430752,0.94947020,0.78108834,0.60322823,0.45888039,0.32962705,0.25114861,0.16549070,0.14186424,0.07027998,0.09508630,0.00622887,0.09126507,0.05573859,0.12859742,0.14217605,0.22294560,0.28902966,0.40788914,0.53912712,0.71063314,0.88349174,1.03520658,1.09847235,1.04267638,0.89058763,0.70935025,0.53943097,0.39976965,0.29144222,0.21099149,0.15183534,0.10900725,0.07788698,0.05539212,0.03895355,0.02687244,0.01778139,0.01077850,0.00522419,0.00106641,0.00281008,0.00491086,0.00575786,0.00552469,0.00467039,0.00365083,0.00273475,0.00200464,0.00145437,0.00104955,0.00075554,0.00054311,0.00039018,0.00028020,0.00020119,0.00014444,0.00010370,0.00007444,0.00005344,0.00003837,0.00002754,0.00001977,0.00001419,0.00001019,0.00000720,0.00000553,0.00000429,0.00000356,0.00000265,0.00000169,0.00000114,0.00000109,0.00000050,0.00000071,0.00000026
0.16000000,0.00000118,0.00000050,0.00000131,0.00000164,0.00000228,0.00000341,0.00000449,0.00000629,0.00000915,0.00001219,0.00001660,0.00002280,0.00003101,0.00004263,0.00005952,0.00008290,0.00011550,0.00016086,0.00022410,0.00031207,0.00043468,0.00060513,0.00084229,0.00117102,0.00162567,0.00224823,0.00308715,0.00417138,0.00545603,0.00672158,0.00757517,0.00762710,0.00678036,0.00530285,0.00395683,0.00415479,0.00644525,0.01008963,0.01507434,0.02176004,0.03092374,0.04344979,0.06088028,0.08486699,0.11836585,0.16433462,0.22813903,0.31421242,0.43011590,0.57661057,0.75244438,0.93133937,1.06958825,1.09361361,1.00633214,0.83825260,0.67195664,0.49778747,0.38683089,0.25713377,0.22189282,0.11007462,0.14932513,0.00977457,0.14336227,0.08735353,0.20140759,0.22146359,0.34504423,0.44026821,0.60620015,0.76666536,0.94741240,1.06871599,1.09628814,0.99457877,0.82603570,0.64360280,0.48518459,0.35642906,0.25960355,0.18728265,0.13504496,0.09688228,0.06956781,0.04970647,0.03546543,0.02506300,0.01751134,0.01189822,0.00775864,0.00486194,0.00376845,0.00468269,0.00623879,0.00738918,0.00770676,0.00713628,0.00598285,0.00466732,0.00349048,0.00255453,0.00185140,0.00133513,0.00096086,0.00069051,0.00049608,0.00035618,0.00025578,0.00018360,0.00013183,0.00009463,0.00006794,0.00004877,0.00003502,0.00002509,0.00001821,0.00001339,0.00000975,0.00000713,0.00000543,0.00000367,0.00000267,0.00000198,0.00000140,0.00000084,0.00000094,0.00000015
0.18000000,0.00000136,0.00000103,0.00000237,0.00000234,0.00000402,0.00000488,0.00000742,0.00000972,0.00001411,0.00001971,0.00002692,0.00003702,0.00005177,0.00007289,0.00010088,0.00014027,0.00019548,0.00027224,0.00037924,0.00052805,0.00073533,0.00102313,0.00142270,0.00197382,0.00272847,0.00373734,0.00502228,0.00648461,0.00783954,0.00867109,0.00870997,0.00798574,0.00683238,0.00565305,0.00490613,0.00489618,0.00582821,0.00763701,0.01046205,0.01444586,0.02012542,0.02793422,0.03899833,0.05413894,0.07560213,0.10484552,0.14624676,0.20214278,0.28043077,0.38322370,0.52063693,0.68359860,0.87064721,1.02666601,1.10708511,1.04201902,0.91279610,0.71505176,0.57917293,0.39269286,0.34439302,0.17140506,0.23408844,0.01529412,0.22489089,0.13623399,0.31361904,0.34025236,0.52223426,0.64350623,0.84540658,0.99026586,1.10096955,1.06942961,0.94156390,0.75567223,0.58373613,0.43325194,0.31857736,0.23010304,0.16673773,0.11957019,0.08627798,0.06177042,0.04451429,0.03187091,0.02296507,0.01646611,0.01190339,0.00862706,0.00644927,0.00515070,0.00480306,0.00527805,0.00634239,0.00755231,0.00850025,0.00878628,0.00825623,0.00706028,0.00559648,0.00421847,0.00309831,0.00224741,0.00162192,0.00116710,0.00083907,0.00060264,0.00043284,0.00031073,0.00022312,0.00016016,0.00011499,0.00008252,0.00005932,0.00004285,0.00003043,0.00002174,0.00001585,0.00001158,0.00000836,0.00000561,0.00000447,0.00000271,0.00000257,0.00000111,0.00000178,0.00000027
0.20000000,0.00000264,0.00000154,0.00000328,0.00000392,0.00000597,0.00000800,0.00001142,0.00001581,0.00002183,0.00003072,0.00004262,0.00005878,0.00008217,0.00011514,0.00016083,0.00022516,0.00031313,0.00043602,0.00060724,0.00084534,0.00117629,0.00163474,0.00226698,0.00312738,0.00426501,0.00566439,0.00715477,0.00837189,0.00893676,0.00869205,0.00780369,0.00660043,0.00544460,0.00455773,0.00409352,0.00405674,0.00453330,0.00550242,0.00715576,0.00953452,0.01308673,0.01792433,0.02499751,0.03446864,0.04830411,0.06665914,0.09354348,0.12888625,0.18064797,0.24757427,0.34431266,0.46355304,0.62477665,0.79570295,0.98582158,1.08248676,1.09714535,0.94132319,0.81993321,0.57698712,0.52474934,0.26310380,0.36535259,0.02375699,0.35158099,0.20989755,0.48154107,0.50634856,0.75453137,0.87205414,1.06158143,1.09281776,1.04461526,0.86856789,0.69508236,0.52124591,0.39023956,0.28138797,0.20584757,0.14689782,0.10674847,0.07601877,0.05513253,0.03929459,0.02850672,0.02039494,0.01486898,0.01077134,0.00802046,0.00606252,0.00486387,0.00417820,0.00402993,0.00431506,0.00505155,0.00611511,0.00734166,0.00839688,0.00893408,0.00869091,0.00769745,0.00626487,0.00479734,0.00354651,0.00257990,0.00186324,0.00134170,0.00096454,0.00069300,0.00049765,0.00035735,0.00025654,0.00018420,0.00013244,0.00009462,0.00006773,0.00004833,0.00003452,0.00002510,0.00001805,0.00001289,0.00000923,0.00000686,0.00000454,0.00000376,0.00000196,0.00000239,0.00000023
0.22000000,0.00000372,0.00000228,0.00000562,0.00000604,0.00000953,0.00001255,0.00001781,0.00002465,0.00003449,0.00004780,0.00006717,0.00009314,0.00012954,0.00018071,0.00025220,0.00035211,0.00049087,0.00068454,0.00095252,0.00132521,0.00184104,0.00255084,0.00351058,0.00475458,0.00621288,0.00762710,0.00859559,0.00881340,0.00825181,0.00715256,0.00584715,0.00463866,0.00369215,0.00306562,0.00274823,0.00271893,0.00300683,0.00359348,0.00464127,0.00610141,0.00840101,0.01137988,0.01600413,0.02182395,0.03092377,0.04216876,0.05995434,0.08159232,0.11617460,0.15752445,0.22391200,0.30094763,0.42304018,0.55224670,0.74440183,0.90139302,1.08820956,1.07176411,1.05985580,0.78929587,0.76906482,0.39042370,0.56410613,0.03624353,0.54501922,0.31401516,0.71682823,0.70772441,1.00836882,1.04349087,1.12381810,0.96602911,0.82063777,0.61636911,0.47760786,0.34125354,0.25498239,0.17935575,0.13260816,0.09299604,0.06847769,0.04806430,0.03531785,0.02485863,0.01825842,0.01293041,0.00954198,0.00687269,0.00518943,0.00393602,0.00321208,0.00278846,0.00270588,0.00290093,0.00340463,0.00422395,0.00534055,0.00663770,0.00785892,0.00867408,0.00878087,0.00808938,0.00680366,0.00532073,0.00397333,0.00290096,0.00209788,0.00151137,0.00108677,0.00078091,0.00056080,0.00040285,0.00028886,0.00020716,0.00014839,0.00010629,0.00007621,0.00005475,0.00003958,0.00002802,0.00002037,0.00001436,0.00001065,0.00000710,0.00000602,0.00000297,0.00000418,0.00000029
0.24000000,0.00000616,0.00000385,0.00000845,0.00000946,0.00001504,0.00001952,0.00002841,0.00003861,0.00005456,0.00007535,0.00010528,0.00014670,0.00020386,0.00028390,0.00039605,0.00055224,0.00076880,0.00107027,0.00148906,0.00206912,0.00286326,0.00392858,0.00526757,0.00674118,0.00800842,0.00868744,0.00856832,0.00774914,0.00648968,0.00513341,0.00389436,0.00293636,0.00221632,0.00177793,0.00151601,0.00151365,0.00170532,0.00211530,0.00284081,0.00375594,0.00532765,0.00710873,0.01027218,0.01367247,0.01993880,0.02640893,0.03875708,0.05106172,0.07530835,0.09866465,0.14598789,0.18985615,0.28058582,0.35957629,0.52271709,0.64009126,0.88753221,0.97151598,1.17960290,0.95977616,1.05687833,0.54123255,0.84998118,0.05300451,0.82826860,0.44102191,1.01053724,0.89206702,1.18828700,1.01152547,0.96731811,0.70758563,0.58718420,0.40584944,0.31934606,0.21574614,0.16672197,0.11230011,0.08610567,0.05812757,0.04433568,0.03005598,0.02281281,0.01555194,0.01174912,0.00807366,0.00608150,0.00424337,0.00321398,0.00234096,0.00185585,0.00156007,0.00148473,0.00165533,0.00200543,0.00262541,0.00347280,0.00461752,0.00594185,0.00728227,0.00831141,0.00873762,0.00836698,0.00729531,0.00585426,0.00443387,0.00325350,0.00235701,0.00169846,0.00122189,0.00087765,0.00063019,0.00045250,0.00032495,0.00023302,0.00016696,0.00011994,0.00008627,0.00006203,0.00004420,0.00003230,0.00002246,0.00001709,0.00001099,0.00000952,0.00000464,0.00000621,0.00000053
0.26000000,0.00000952,0.00000568,0.00001354,0.00001507,0.00002347,0.00003099,0.00004424,0.00006089,0.00008527,0.00011864,0.00016522,0.00023031,0.00032096,0.00044663,0.00062234,0.00086707,0.00120676,0.00167847,0.00233006,0.00322090,0.00439680,0.00581644,0.00724968,0.00831889,0.00868912,0.00828544,0.00726385,0.00593431,0.00456462,0.00339133,0.00243961,0.00176558,0.00121581,0.00090549,0.00062968,0.00067475,0.00081425,0.00114094,0.00169221,0.00223982,0.00340414,0.00434963,0.00670669,0.00839321,0.01312748,0.01616964,0.02563737,0.03114759,0.05000354,0.06000220,0.09736484,0.11545455,0.18883435,0.22068793,0.36181171,0.41085333,0.66134365,0.70040440,1.08075443,0.93724163,1.31510014,0.66995228,1.22462704,0.07165322,1.20964863,0.55561023,1.31270979,0.92793605,1.16186439,0.76234653,0.73962217,0.45989537,0.41126437,0.24992247,0.21582217,0.13098762,0.11152052,0.06806802,0.05733439,0.03531492,0.02941949,0.01832214,0.01507629,0.00950654,0.00771112,0.00492714,0.00392382,0.00254086,0.00196398,0.00129484,0.00094738,0.00071187,0.00059997,0.00080431,0.00105133,0.00154336,0.00213305,0.00298938,0.00406232,0.00538096,0.00675095,0.00793786,0.00861517,0.00856216,0.00774203,0.00640657,0.00494191,0.00365595,0.00265334,0.00191321,0.00137640,0.00098931,0.00071060,0.00051032,0.00036621,0.00026269,0.00018887,0.00013540,0.00009728,0.00006962,0.00005038,0.00003546,0.00002650,0.00001754,0.00001481,0.00000747,0.00001001,0.00000052
0.28000000,0.00001498,0.00000934,0.00002119,0.00002337,0.00003710,0.00004846,0.00006983,0.00009572,0.00013439,0.00018641,0.00026030,0.00036188,0.00050472,0.00070243,0.00097797,0.00136160,0.00189440,0.00262992,0.00362875,0.00491475,0.00637797,0.00771068,0.00853141,0.00860318,0.00795190,0.00679725,0.00543199,0.00411929,0.00301296,0.00216829,0.00152301,0.00106437,0.00067574,0.00044004,0.00013169,0.00021312,0.00038867,0.00060479,0.00108342,0.00131649,0.00230033,0.00258641,0.00461527,0.00494929,0.00912178,0.00940958,0.01793962,0.01787278,0.03519558,0.03397344,0.06891031,0.06463887,0.13454739,0.12288050,0.26104230,0.23151477,0.49769748,0.41502372,0.89424338,0.65508955,1.40650669,0.65686044,1.64693674,0.08633415,1.65775316,0.56890487,1.49328665,0.68737344,0.99680613,0.45751633,0.56441066,0.25965696,0.29875019,0.13809563,0.15446535,0.07256276,0.07926269,0.03806227,0.04054906,0.01998720,0.02070106,0.01050872,0.01054435,0.00552460,0.00534887,0.00289105,0.00268192,0.00148256,0.00128912,0.00070212,0.00051348,0.00025291,0.00005771,0.00035516,0.00054859,0.00091288,0.00131417,0.00189406,0.00264289,0.00364989,0.00488906,0.00626196,0.00753517,0.00842073,0.00865423,0.00811863,0.00694725,0.00548973,0.00410892,0.00299320,0.00215973,0.00155374,0.00111655,0.00080167,0.00057558,0.00041324,0.00029706,0.00021274,0.00015334,0.00010939,0.00007947,0.00005576,0.00004190,0.00002735,0.00002346,0.00001144,0.00001565,0.00000118
0.30000000,0.00002368,0.00001430,0.00003326,0.00003711,0.00005820,0.00007633,0.00010974,0.00015026,0.00021128,0.00029283,0.00040906,0.00056898,0.00079295,0.00110415,0.00153727,0.00213833,0.00296925,0.00408366,0.00546627,0.00692075,0.00809101,0.00863126,0.00842387,0.00756577,0.00632384,0.00495660,0.00371960,0.00269997,0.00195598,0.00137974,0.00099445,0.00065900,0.00047647,0.00023918,0.00023665,0.00006415,0.00038966,0.00037367,0.00086827,0.00081507,0.00179343,0.00155110,0.00360245,0.00284470,0.00716662,0.00514751,0.01419270,0.00925127,0.02801960,0.01655477,0.05516370,0.02955008,0.10828268,0.05270893,0.21168561,0.09386364,0.41018660,0.16536680,0.77229346,0.26813949,1.35309692,0.34867904,1.97296580,0.07181778,2.04688222,0.31890507,1.49304215,0.28084488,0.87212202,0.17619027,0.46907795,0.09986456,0.24315195,0.05562911,0.12477524,0.03104924,0.06373281,0.01738644,0.03245324,0.00973688,0.01648058,0.00543808,0.00834468,0.00302017,0.00420815,0.00165814,0.00210514,0.00088285,0.00102970,0.00042207,0.00047078,0.00010894,0.00023163,0.00018067,0.00040276,0.00056149,0.00086205,0.00120141,0.00171251,0.00236943,0.00328587,0.00443605,0.00577993,0.00709925,0.00814771,0.00863528,0.00839541,0.00744336,0.00605594,0.00460857,0.00337785,0.00243894,0.00175438,0.00125984,0.00090502,0.00064966,0.00046666,0.00033449,0.00024095,0.00017178,0.00012493,0.00008745,0.00006584,0.00004311,0.00003677,0.00001835,0.00002453,0.00000147
0.32000000,0.00003699,0.00002278,0.00005249,0.00005799,0.00009152,0.00012001,0.00017240,0.00023662,0.00033203,0.00046083,0.00064299,0.00089486,0.00124688,0.00173581,0.00241686,0.00335185,0.00458461,0.00603029,0.00741622,0.00836298,0.00861946,0.00815179,0.00714327,0.00583269,0.00450994,0.00332781,0.00243261,0.00173088,0.00127935,0.00087139,0.00068837,0.00040192,0.00041246,0.00012247,0.00034812,0.00012586,0.00049126,0.00037929,0.00090172,0.00076814,0.00176742,0.00142390,0.00350697,0.00256332,0.00696181,0.00454689,0.01379098,0.00797290,0.02724773,0.01382188,0.05368668,0.02367453,0.10545696,0.04001495,0.20624441,0.06649705,0.39966038,0.10643852,0.75515126,0.14800506,1.32583190,0.15751809,2.02772242,0.03571711,2.12947802,0.17193646,1.46420811,0.14743474,0.85307059,0.10426439,0.45696247,0.06544940,0.23705058,0.03953934,0.12159209,0.02359967,0.06206851,0.01393379,0.03158521,0.00813063,0.01602890,0.00468766,0.00811324,0.00266975,0.00409731,0.00149814,0.00206794,0.00081870,0.00105131,0.00041539,0.00055848,0.00015409,0.00036173,0.00008077,0.00038314,0.00033659,0.00061261,0.00075516,0.00112656,0.00151442,0.00213907,0.00293020,0.00401710,0.00529026,0.00664311,0.00779980,0.00851480,0.00855418,0.00786613,0.00661083,0.00514742,0.00380881,0.00275597,0.00198077,0.00142325,0.00102131,0.00073383,0.00052614,0.00037872,0.00027042,0.00019629,0.00013783,0.00010339,0.00006780,0.00005781,0.00002850,0.00003877,0.00000265
0.34000000,0.00005845,0.00003565,0.00008222,0.00009146,0.00014399,0.00018858,0.00027126,0.00037167,0.00052213,0.00072426,0.00101121,0.00140711,0.00196200,0.00273160,0.00378470,0.00512274,0.00658550,0.00783400,0.00852656,0.00849985,0.00781783,0.00668092,0.00535425,0.00406169,0.00298639,0.00214808,0.00156758,0.00110511,0.00083488,0.00055041,0.00048065,0.00024868,0.00035070,0.00013379,0.00038814,0.00028887,0.00061147,0.00061572,0.00112916,0.00120245,0.00219104,0.00228617,0.00430516,0.00431315,0.00847658,0.00812257,0.01667729,0.01530069,0.03276032,0.02885489,0.06422461,0.05447589,0.12552752,0.10271103,0.24377224,0.19120648,0.46429474,0.33674017,0.83811280,0.51557835,1.37160061,0.58825176,1.79681719,0.07599903,1.82377264,0.55736406,1.47985693,0.55075453,0.93441334,0.36906200,0.52685379,0.21302699,0.27904014,0.11471635,0.14422709,0.06073299,0.07395848,0.03208720,0.03779592,0.01697824,0.01927436,0.00899939,0.00981275,0.00477486,0.00499065,0.00253118,0.00254101,0.00133370,0.00130557,0.00068704,0.00069670,0.00032703,0.00042246,0.00013268,0.00034985,0.00020118,0.00044294,0.00047205,0.00074259,0.00096352,0.00138050,0.00188238,0.00262843,0.00359886,0.00482550,0.00615915,0.00740587,0.00829659,0.00860292,0.00819089,0.00713150,0.00570776,0.00428876,0.00311522,0.00223958,0.00160640,0.00115410,0.00082703,0.00059556,0.00042490,0.00030869,0.00021638,0.00016274,0.00010648,0.00009100,0.00004509,0.00006065,0.00000392
0.36000000,0.00009159,0.00005608,0.00012960,0.00014365,0.00022614,0.00029669,0.00042626,0.00058473,0.00082108,0.00113950,0.00159139,0.00221739,0.00309208,0.00426518,0.00568451,0.00710338,0.00815805,0.00857765,0.00829249,0.00743182,0.00620734,0.00488199,0.00364908,0.00265793,0.00190920,0.00138351,0.00098977,0.00072177,0.00051780,0.00038400,0.00030036,0.00024285,0.00027867,0.00029372,0.00044286,0.00053974,0.00082718,0.00104117,0.00159868,0.00200536,0.00311791,0.00385392,0.00609500,0.00740167,0.01191694,0.01421750,0.02328701,0.02732105,0.04546062,0.05251154,0.08858663,0.10077817,0.17183618,0.19187506,0.32841217,0.35343212,0.59880638,0.59430070,0.99809572,0.85202794,1.38557618,0.71843471,1.35807559,0.07272624,1.33604629,0.61551491,1.40993607,0.88196281,1.08878248,0.64838356,0.66928771,0.39453892,0.37308987,0.21673529,0.19648415,0.11412538,0.10154096,0.05945946,0.05217405,0.03091298,0.02675106,0.01607387,0.01370071,0.00836232,0.00701228,0.00435174,0.00358905,0.00226341,0.00184051,0.00117419,0.00095152,0.00060572,0.00050679,0.00031744,0.00030592,0.00022614,0.00028892,0.00033496,0.00046247,0.00063077,0.00087122,0.00121366,0.00167636,0.00233274,0.00322071,0.00437046,0.00567699,0.00697340,0.00800590,0.00854526,0.00841016,0.00758738,0.00627036,0.00481168,0.00352356,0.00253275,0.00181680,0.00130135,0.00093662,0.00066833,0.00048538,0.00034046,0.00025566,0.00016758,0.00014284,0.00007074,0.00009569,0.00000629
0.38000000,0.00014426,0.00008826,0.00020344,0.00022587,0.00035587,0.00046638,0.00067046,0.00091968,0.00129191,0.00179539,0.00251234,0.00349927,0.00478994,0.00624640,0.00755612,0.00837898,0.00852329,0.00801503,0.00700348,0.00573754,0.00441953,0.00327651,0.00234804,0.00171180,0.00120195,0.00090766,0.00059458,0.00050683,0.00026496,0.00033730,0.00013101,0.00033105,0.00028190,0.00049310,0.00061495,0.00088846,0.00123294,0.00168797,0.00241836,0.00324846,0.00471838,0.00627110,0.00919307,0.01211660,0.01790116,0.02341783,0.03483871,0.04525699,0.06773005,0.08735792,0.13126650,0.16772519,0.25175564,0.31520460,0.46518481,0.55368182,0.79105557,0.86792353,1.17186255,1.01439582,1.17399832,0.58477474,0.94004889,0.05446374,0.91480846,0.47795934,1.12047435,0.96603494,1.22022535,0.93009765,0.86902099,0.61108185,0.52167502,0.35482588,0.28622591,0.19038457,0.14992082,0.09935689,0.07747107,0.05148536,0.03987536,0.02663575,0.02049780,0.01377754,0.01053037,0.00712834,0.00540705,0.00369047,0.00277365,0.00191470,0.00141785,0.00100216,0.00071439,0.00054465,0.00034035,0.00034325,0.00015347,0.00031848,0.00022775,0.00045533,0.00051483,0.00080105,0.00104997,0.00150525,0.00205617,0.00288317,0.00393131,0.00520802,0.00651326,0.00766134,0.00839099,0.00852164,0.00795783,0.00680775,0.00536563,0.00398093,0.00287021,0.00205203,0.00147422,0.00105148,0.00076315,0.00053530,0.00040210,0.00026336,0.00022487,0.00011123,0.00015013,0.00000987
0.40000000,0.00022664,0.00013858,0.00032014,0.00035527,0.00055933,0.00073358,0.00105499,0.00144829,0.00203950,0.00284273,0.00396239,0.00534227,0.00678279,0.00792486,0.00849125,0.00838078,0.00767381,0.00656118,0.00525743,0.00399882,0.00290820,0.00210486,0.00148829,0.00110703,0.00074627,0.00060686,0.00033581,0.00038375,0.00007820,0.00033637,0.00015810,0.00044330,0.00045750,0.00074982,0.00096817,0.00139608,0.00192252,0.00267518,0.00375764,0.00516714,0.00731394,0.01000195,0.01421913,0.01937164,0.02762926,0.03751800,0.05364921,0.07260086,0.10395795,0.13997549,0.19999987,0.26608042,0.37450227,0.48090961,0.65161132,0.79001925,1.01961741,1.08711240,1.16380870,0.86613112,0.84204059,0.42211905,0.62591262,0.03973200,0.60730709,0.34042156,0.78401692,0.77464759,1.11473324,1.09646505,1.08953661,0.86038006,0.71966835,0.53496622,0.42165997,0.30098805,0.22758785,0.15925856,0.11866373,0.08272054,0.06129417,0.04275930,0.03157738,0.02207745,0.01625420,0.01139753,0.00836254,0.00588652,0.00429836,0.00304525,0.00220238,0.00158503,0.00111501,0.00084368,0.00053822,0.00048493,0.00020802,0.00034575,0.00002984,0.00036257,0.00027391,0.00054570,0.00064333,0.00097817,0.00130099,0.00184790,0.00254700,0.00354093,0.00473665,0.00605289,0.00726467,0.00816218,0.00852665,0.00823022,0.00729364,0.00592829,0.00448953,0.00324971,0.00233033,0.00165690,0.00120148,0.00084196,0.00063237,0.00041415,0.00035328,0.00017499,0.00023630,0.00001542
0.42000000,0.00035646,0.00021813,0.00050328,0.00055848,0.00088029,0.00115485,0.00166361,0.00229246,0.00323961,0.00446059,0.00591262,0.00725995,0.00819999,0.00849898,0.00816045,0.00728986,0.00610075,0.00479844,0.00358794,0.00259333,0.00185520,0.00133771,0.00095560,0.00070122,0.00048181,0.00039040,0.00023542,0.00028612,0.00018843,0.00035598,0.00037976,0.00060684,0.00078245,0.00113595,0.00154961,0.00217881,0.00302699,0.00421136,0.00588799,0.00815843,0.01143838,0.01581495,0.02221018,0.03065824,0.04310483,0.05939835,0.08354094,0.11479253,0.16111604,0.21975870,0.30499675,0.40568812,0.54335605,0.68823567,0.88262287,1.03982636,1.16416856,1.03961754,0.89919203,0.62032312,0.57532896,0.28936332,0.40878316,0.02668140,0.39371975,0.23293860,0.52975892,0.54541770,0.82331497,0.96188823,1.15414090,1.09297093,0.95921668,0.75596883,0.60306728,0.45418967,0.34467541,0.24936391,0.18348795,0.13077288,0.09533838,0.06773402,0.04922071,0.03496861,0.02536657,0.01803875,0.01306531,0.00930501,0.00672637,0.00480234,0.00345913,0.00248324,0.00177251,0.00129244,0.00089730,0.00068769,0.00043703,0.00039430,0.00020156,0.00029265,0.00019642,0.00036040,0.00041327,0.00062216,0.00083329,0.00117688,0.00162287,0.00227098,0.00315985,0.00429550,0.00558261,0.00684114,0.00786692,0.00843557,0.00840150,0.00769946,0.00648333,0.00502483,0.00369590,0.00262761,0.00189670,0.00132618,0.00099507,0.00065143,0.00055586,0.00027493,0.00037141,0.00002443
0.44000000,0.00056051,0.00034281,0.00079172,0.00087924,0.00138674,0.00182469,0.00264431,0.00364791,0.00502569,0.00644436,0.00767905,0.00836005,0.00842426,0.00786689,0.00688184,0.00563015,0.00436142,0.00320100,0.00231111,0.00163204,0.00120038,0.00083107,0.00064074,0.00040523,0.00037054,0.00019800,0.00028539,0.00022243,0.00037295,0.00045324,0.00066345,0.00090122,0.00126849,0.00175777,0.00245500,0.00341402,0.00476386,0.00662312,0.00924651,0.01284713,0.01794627,0.02491743,0.03482207,0.04830727,0.06750569,0.09349358,0.13042904,0.17979643,0.24887512,0.33720546,0.45325704,0.58796410,0.75662971,0.93590956,1.11157972,1.13454406,1.01161246,0.77168812,0.62361337,0.42843918,0.38218955,0.19221724,0.26201902,0.01701210,0.25128921,0.15293890,0.35011462,0.37321609,0.56445998,0.69230085,0.92881823,1.09267611,1.14906881,1.00967588,0.82962456,0.64960026,0.50564985,0.37956733,0.28208965,0.20444433,0.14862845,0.10659232,0.07703169,0.05511228,0.03975148,0.02843227,0.02048922,0.01465981,0.01055708,0.00755782,0.00543882,0.00389635,0.00280208,0.00200811,0.00144502,0.00103224,0.00075094,0.00052502,0.00040804,0.00026254,0.00028091,0.00019238,0.00033437,0.00035474,0.00056528,0.00072535,0.00105563,0.00142868,0.00202129,0.00280720,0.00388039,0.00511271,0.00640419,0.00751292,0.00827074,0.00845933,0.00802931,0.00697738,0.00560498,0.00415792,0.00302120,0.00209971,0.00156924,0.00102538,0.00087435,0.00043267,0.00058408,0.00003818
0.46000000,0.00088140,0.00053974,0.00124645,0.00138709,0.00219828,0.00291568,0.00420034,0.00554044,0.00698332,0.00797083,0.00844879,0.00824484,0.00754216,0.00643374,0.00518356,0.00392228,0.00287053,0.00202363,0.00147682,0.00102293,0.00079279,0.00048957,0.00046134,0.00017919,0.00033972,0.00006080,0.00037338,0.00030889,0.00057783,0.00070065,0.00104843,0.00140974,0.00199969,0.00275944,0.00386388,0.00536596,0.00748863,0.01041686,0.01452821,0.02021152,0.02818601,0.03919963,0.05465307,0.07593695,0.10573531,0.14646813,0.20285991,0.27782001,0.37642166,0.49681651,0.64396649,0.81537253,1.00893741,1.14206627,1.11607896,0.91986338,0.71848460,0.53317467,0.42471128,0.28559095,0.24913129,0.12281810,0.16689055,0.01082512,0.16037271,0.09715911,0.22591311,0.24774319,0.38102437,0.47434754,0.64826803,0.83142936,1.05167440,1.15251174,1.07812047,0.89141571,0.70968297,0.55174512,0.42215299,0.31406344,0.23045164,0.16676900,0.12054544,0.08661549,0.06236548,0.04473308,0.03217159,0.02306762,0.01658340,0.01188969,0.00854764,0.00612579,0.00440811,0.00315208,0.00227930,0.00161392,0.00118977,0.00081015,0.00064451,0.00037372,0.00039660,0.00010894,0.00033334,0.00013402,0.00042264,0.00041526,0.00070441,0.00089029,0.00130017,0.00176422,0.00251270,0.00346664,0.00467498,0.00593804,0.00713949,0.00801443,0.00844812,0.00822755,0.00745014,0.00612066,0.00474259,0.00335712,0.00249526,0.00162062,0.00137730,0.00068078,0.00091871,0.00006027
0.48000000,0.00138696,0.00085109,0.00196911,0.00221337,0.00352543,0.00458942,0.00619729,0.00734869,0.00824479,0.00838691,0.00804003,0.00714383,0.00600401,0.00471826,0.00353828,0.00253190,0.00181231,0.00127933,0.00094856,0.00064577,0.00051818,0.00029777,0.00033610,0.00012632,0.00032747,0.00024185,0.00048291,0.00055625,0.00085955,0.00113457,0.00162563,0.00223203,0.00313285,0.00434650,0.00606808,0.00844127,0.01176886,0.01638303,0.02282998,0.03178194,0.04427572,0.06160368,0.08573892,0.11905641,0.16510186,0.22756368,0.31082066,0.41619167,0.54512271,0.69897577,0.88388277,1.07068415,1.16236957,1.05731898,0.84619024,0.63783373,0.49302646,0.36303006,0.27991321,0.18599279,0.15826058,0.07846338,0.10645178,0.00707953,0.10231260,0.06240960,0.14325326,0.15930083,0.24999948,0.32041169,0.44141526,0.57254851,0.76112487,0.97505713,1.14326064,1.12640177,0.96304578,0.76871059,0.60329695,0.46465685,0.35030556,0.25806068,0.18786484,0.13566537,0.09778776,0.07028178,0.05052860,0.03627120,0.02605822,0.01869903,0.01343251,0.00963587,0.00692567,0.00496195,0.00357448,0.00254989,0.00185235,0.00130002,0.00097403,0.00064351,0.00053901,0.00028584,0.00034891,0.00011228,0.00032603,0.00024332,0.00046919,0.00055545,0.00083934,0.00111806,0.00158705,0.00220627,0.00311376,0.00422392,0.00549922,0.00670591,0.00774077,0.00830017,0.00839686,0.00774563,0.00673496,0.00517546,0.00399233,0.00259473,0.00218170,0.00107478,0.00144580,0.00009469
0.50000000,0.00218591,0.00135584,0.00315226,0.00356020,0.00545624,0.00649604,0.00786496,0.00825653,0.00835967,0.00769350,0.00677832,0.00552596,0.00430220,0.00315182,0.00225028,0.00159704,0.00113878,0.00083632,0.00058252,0.00044491,0.00030109,0.00026986,0.00022490,0.00027873,0.00035530,0.00048366,0.00067715,0.00093274,0.00130924,0.00181367,0.00253449,0.00352458,0.00491411,0.00684196,0.00953328,0.01327657,0.01849642,0.02575737,0.03587766,0.04994525,0.06952210,0.09665187,0.13420718,0.18567338,0.25527392,0.34589651,0.45882914,0.59447111,0.75965544,0.95334606,1.12684440,1.14986919,0.98883821,0.76200339,0.57782698,0.43818750,0.33328466,0.23804909,0.18107595,0.11763355,0.10116639,0.05015865,0.06784609,0.00438188,0.06490048,0.03979481,0.09190017,0.10090054,0.15966954,0.20906582,0.29616753,0.38988961,0.51978120,0.68216925,0.89805109,1.10093352,1.16107467,1.03163447,0.83470364,0.65604957,0.51012598,0.38826713,0.28886330,0.21102765,0.15287256,0.11019402,0.07931374,0.05698876,0.04094785,0.02939705,0.02111277,0.01515280,0.01088248,0.00780865,0.00560964,0.00402267,0.00289316,0.00207031,0.00149450,0.00106295,0.00077542,0.00054592,0.00040793,0.00029642,0.00024517,0.00024738,0.00027721,0.00039016,0.00051233,0.00073312,0.00100019,0.00139740,0.00195934,0.00276003,0.00382584,0.00502442,0.00630940,0.00734638,0.00818325,0.00832594,0.00815350,0.00700888,0.00600634,0.00412950,0.00350573,0.00171832,0.00228195,0.00014961
0.52000000,0.00347455,0.00221469,0.00502631,0.00533357,0.00744523,0.00779066,0.00853062,0.00800819,0.00748101,0.00626812,0.00513736,0.00385010,0.00282420,0.00198495,0.00140217,0.00103373,0.00070222,0.00057166,0.00031192,0.00036479,0.00009704,0.00032747,0.00020536,0.00044986,0.00050587,0.00078592,0.00103854,0.00148522,0.00204274,0.00286277,0.00397665,0.00554711,0.00772159,0.01075988,0.01498520,0.02087332,0.02907294,0.04048158,0.05636342,0.07840747,0.10898730,0.15112507,0.20873142,0.28545834,0.38355166,0.50293012,0.64727636,0.82433758,1.02545409,1.16304482,1.11244846,0.90657268,0.68638188,0.51787473,0.39704932,0.29454114,0.21686595,0.15343298,0.11420875,0.07552694,0.06444648,0.03194443,0.04298335,0.00282557,0.04145617,0.02522717,0.05830887,0.06502008,0.10125125,0.13297440,0.19158513,0.26044614,0.35317277,0.46538753,0.61439992,0.81389693,1.03960928,1.16807055,1.09666195,0.90461966,0.71336125,0.55704402,0.42864296,0.32202633,0.23689073,0.17202645,0.12422277,0.08943173,0.06430943,0.04619749,0.03318227,0.02382334,0.01710521,0.01228029,0.00881460,0.00633066,0.00454034,0.00326577,0.00233495,0.00169025,0.00119217,0.00088776,0.00059085,0.00049368,0.00025884,0.00033457,0.00009891,0.00034212,0.00026053,0.00051185,0.00060688,0.00091475,0.00122324,0.00173158,0.00245970,0.00340555,0.00463319,0.00579394,0.00707602,0.00778095,0.00848351,0.00802508,0.00783014,0.00594632,0.00550753,0.00279291,0.00364371,0.00024068
0.54000000,0.00560210,0.00349382,0.00734488,0.00680318,0.00869677,0.00796108,0.00814181,0.00683964,0.00603030,0.00456047,0.00354953,0.00244945,0.00177856,0.00123858,0.00089540,0.00067339,0.00042455,0.00040313,0.00014969,0.00032588,0.00011956,0.00040110,0.00037940,0.00065895,0.00082373,0.00121631,0.00164520,0.00232703,0.00321612,0.00449860,0.00625379,0.00871977,0.01214052,0.01691525,0.02355658,0.03280966,0.04568336,0.06358570,0.08843777,0.12282487,0.17012594,0.23422544,0.31825210,0.42301789,0.54920844,0.70369127,0.89498200,1.09284665,1.17425584,1.05083173,0.82215007,0.61475952,0.46700253,0.35618286,0.26457367,0.19046705,0.13918784,0.09652319,0.07350190,0.04801073,0.04106132,0.02021445,0.02750156,0.00184190,0.02622922,0.01615239,0.03716716,0.04106374,0.06519111,0.08446226,0.12147401,0.16716202,0.23423984,0.31564107,0.41971252,0.55090370,0.73321764,0.96213273,1.14691253,1.14807315,0.97860205,0.77562192,0.60659227,0.47066229,0.35760678,0.26528053,0.19347047,0.13994466,0.10084525,0.07254443,0.05212972,0.03744582,0.02688611,0.01930696,0.01385712,0.00995302,0.00713900,0.00513302,0.00367364,0.00265318,0.00188198,0.00138220,0.00094879,0.00074122,0.00044820,0.00043692,0.00015657,0.00033097,0.00010169,0.00037760,0.00035452,0.00060228,0.00077781,0.00109351,0.00154390,0.00213319,0.00311570,0.00408940,0.00552382,0.00643012,0.00781721,0.00788475,0.00875970,0.00722265,0.00773827,0.00423783,0.00585354,0.00039355
0.56000000,0.00876134,0.00466323,0.00934300,0.00724837,0.00894681,0.00704838,0.00704032,0.00515396,0.00445604,0.00295204,0.00231909,0.00146432,0.00116418,0.00076040,0.00060551,0.00040528,0.00031244,0.00026512,0.00021530,0.00030653,0.00034096,0.00052302,0.00067825,0.00098135,0.00133638,0.00188451,0.00260660,0.00364500,0.00506669,0.00706635,0.00983609,0.01370639,0.01908738,0.02658903,0.03702273,0.05155129,0.07172703,0.09972515,0.13837540,0.19134309,0.26226488,0.35325742,0.46417336,0.59801450,0.76541484,0.97023023,1.14779674,1.15572220,0.97345400,0.73868007,0.55114520,0.42059633,0.32068393,0.23505689,0.17009022,0.12182941,0.08747976,0.06241074,0.04658730,0.03061331,0.02598328,0.01298827,0.01739623,0.00107327,0.01679987,0.01016469,0.02360346,0.02629234,0.04111894,0.05443346,0.07736662,0.10581853,0.14920712,0.20773464,0.28358806,0.37737544,0.49523459,0.65683130,0.87738887,1.09829880,1.17778334,1.05222473,0.84425502,0.65967836,0.51438906,0.39514521,0.29617010,0.21731568,0.15757917,0.11368501,0.08182088,0.05882096,0.04225241,0.03034660,0.02178574,0.01564459,0.01122773,0.00806481,0.00578372,0.00416002,0.00297631,0.00214978,0.00152631,0.00111828,0.00077497,0.00059433,0.00038510,0.00034170,0.00021288,0.00026774,0.00026908,0.00036847,0.00052414,0.00067403,0.00101970,0.00127979,0.00201008,0.00258176,0.00396241,0.00469439,0.00654839,0.00674619,0.00869263,0.00736981,0.00942550,0.00535828,0.00889315,0.00054915
0.58000000,0.01233936,0.00479982,0.01068690,0.00644597,0.00846362,0.00534901,0.00568302,0.00333919,0.00312716,0.00168099,0.00155914,0.00082956,0.00083381,0.00040791,0.00047064,0.00017930,0.00033241,0.00017187,0.00036722,0.00037860,0.00059472,0.00077200,0.00110481,0.00151549,0.00212274,0.00294789,0.00411043,0.00572291,0.00797240,0.01110451,0.01546727,0.02154466,0.03000483,0.04178212,0.05816081,0.08090828,0.11241426,0.15583416,0.21491888,0.29274168,0.39008357,0.50703483,0.65040825,0.83380561,1.04632019,1.18082546,1.10931822,0.88718177,0.66059013,0.49438924,0.37970574,0.28759081,0.20936860,0.15040912,0.10849685,0.07654938,0.05677486,0.03936409,0.02974050,0.01933527,0.01669627,0.00815992,0.01109667,0.00080421,0.01060756,0.00659575,0.01503131,0.01659106,0.02635636,0.03422599,0.04979689,0.06759607,0.09448065,0.13140557,0.18502687,0.25357803,0.33991891,0.44536500,0.58770372,0.79083984,1.02879120,1.17861038,1.11881529,0.91897049,0.71804884,0.56013672,0.43432223,0.32928863,0.24364239,0.17731526,0.12811796,0.09226997,0.06636008,0.04767893,0.03424589,0.02458898,0.01765507,0.01267472,0.00909960,0.00653219,0.00469082,0.00336610,0.00242053,0.00173250,0.00125520,0.00088686,0.00066605,0.00044351,0.00039082,0.00020986,0.00031946,0.00016778,0.00042336,0.00035451,0.00073612,0.00072951,0.00136443,0.00145496,0.00272278,0.00294948,0.00512927,0.00495111,0.00796914,0.00630838,0.01035870,0.00528051,0.01215187,0.00052947
0.60000000,0.01510100,0.00340997,0.01178839,0.00439559,0.00779734,0.00318674,0.00450137,0.00168147,0.00227137,0.00079020,0.00118062,0.00038860,0.00065514,0.00013683,0.00042386,0.00005235,0.00038987,0.00026688,0.00053510,0.00060393,0.00092451,0.00121602,0.00173591,0.00238202,0.00333913,0.00463320,0.00646443,0.00899516,0.01253563,0.01745534,0.02431688,0.03385993,0.04714965,0.06561244,0.09124776,0.12668097,0.17538491,0.24091170,0.32538379,0.42837340,0.55209742,0.70787141,0.90939530,1.11568540,1.18527974,1.04029361,0.79909836,0.58942101,0.44465804,0.34273073,0.25766234,0.18569032,0.13353265,0.09572529,0.06823578,0.04989374,0.03561238,0.02520391,0.01876765,0.01248500,0.01047059,0.00524711,0.00708045,0.00039456,0.00677431,0.00405349,0.00958860,0.01068253,0.01659646,0.02200453,0.03125759,0.04345363,0.06050441,0.08340300,0.11634739,0.16398749,0.22666556,0.30578346,0.40134268,0.52597506,0.70773465,0.94550789,1.14906137,1.16884927,0.99765765,0.78321063,0.60906302,0.47487725,0.36431698,0.27235021,0.19934043,0.14431648,0.10403822,0.07485177,0.05380150,0.03864359,0.02775284,0.01992394,0.01430774,0.01026785,0.00737703,0.00528941,0.00380838,0.00272133,0.00197568,0.00139274,0.00104396,0.00069826,0.00058892,0.00032152,0.00040314,0.00009291,0.00040272,0.00010171,0.00058737,0.00033362,0.00104451,0.00069098,0.00197581,0.00144708,0.00396065,0.00283438,0.00711145,0.00413308,0.01104440,0.00354603,0.01471704,0.00029707
0.62000000,0.01610673,0.00121609,0.01267729,0.00137609,0.00763928,0.00079165,0.00386183,0.00029716,0.00193284,0.00014379,0.00102049,0.00005608,0.00055750,0.00007868,0.00038728,0.00022522,0.00045111,0.00048952,0.00075577,0.00098317,0.00141086,0.00192773,0.00270843,0.00375212,0.00523958,0.00728709,0.01015815,0.01414315,0.01970435,0.02743971,0.03821391,0.05319728,0.07401715,0.10287686,0.14272352,0.19716758,0.26926528,0.35974465,0.46810044,0.60022365,0.77246447,0.98982320,1.16899621,1.15866820,0.95652846,0.71400356,0.52623168,0.40095793,0.30933512,0.23013510,0.16456485,0.11826352,0.08480403,0.06033811,0.04460568,0.03107499,0.02288924,0.01587426,0.01213991,0.00776081,0.00676517,0.00332807,0.00444124,0.00034883,0.00433655,0.00271060,0.00601672,0.00670043,0.01074143,0.01381811,0.02013218,0.02721553,0.03880177,0.05351313,0.07414481,0.10267368,0.14529269,0.20204980,0.27485899,0.36213961,0.47168105,0.63090688,0.85603546,1.09250111,1.19334272,1.07484146,0.85612535,0.66284450,0.51706171,0.40082943,0.30322622,0.22373256,0.16248470,0.11727568,0.08442030,0.06070125,0.04360773,0.03131891,0.02248833,0.01614434,0.01159354,0.00831871,0.00597890,0.00428381,0.00308873,0.00220192,0.00160572,0.00112460,0.00085385,0.00056205,0.00049438,0.00026064,0.00038513,0.00008826,0.00050545,0.00003792,0.00089830,0.00013538,0.00169722,0.00025299,0.00335097,0.00059305,0.00675018,0.00098523,0.01174072,0.00077749,0.01571633,0.00021086
0.64000000,0.01524663,0.00205851,0.01261345,0.00294352,0.00813019,0.00210085,0.00411748,0.00098477,0.00202795,0.00044642,0.00101143,0.00019795,0.00048434,0.00014775,0.00030212,0.00036211,0.00053663,0.00077569,0.00110005,0.00154990,0.00217225,0.00303340,0.00423406,0.00590090,0.00822482,0.01145835,0.01596255,0.02223532,0.03096606,0.04312231,0.06001673,0.08348494,0.11596133,0.16072805,0.22126544,0.29971949,0.39542297,0.50958505,0.65296242,0.84569026,1.06925924,1.19727618,1.10369032,0.86596562,0.63509869,0.47092941,0.36243106,0.27884773,0.20500050,0.14556722,0.10485933,0.07495263,0.05364570,0.03951548,0.02757840,0.02009751,0.01438702,0.01029943,0.00750966,0.00508042,0.00424788,0.00208619,0.00291084,0.00017557,0.00268414,0.00162513,0.00395562,0.00429805,0.00665219,0.00898366,0.01263769,0.01758205,0.02427765,0.03421040,0.04761149,0.06578025,0.09076968,0.12842175,0.17977277,0.24657910,0.32705493,0.42413419,0.56192846,0.76680683,1.01565897,1.18676213,1.14191249,0.93606718,0.72341802,0.56183772,0.43848421,0.33593574,0.25042636,0.18281667,0.13215025,0.09520162,0.06847393,0.04920784,0.03534194,0.02537826,0.01822005,0.01307936,0.00938908,0.00673679,0.00483509,0.00346456,0.00248395,0.00177259,0.00126431,0.00089102,0.00062498,0.00042119,0.00032436,0.00016650,0.00042089,0.00016299,0.00087522,0.00038860,0.00176943,0.00083265,0.00355680,0.00185281,0.00719981,0.00294045,0.01178232,0.00252856,0.01492411,0.00045940
0.66000000,0.01300769,0.00366176,0.01144429,0.00567937,0.00870346,0.00477924,0.00534973,0.00258550,0.00260628,0.00114719,0.00119878,0.00045527,0.00044201,0.00002702,0.00014424,0.00048618,0.00073871,0.00118303,0.00168157,0.00242049,0.00339026,0.00476199,0.00664345,0.00927410,0.01292353,0.01801145,0.02508894,0.03494487,0.04865431,0.06770807,0.09413871,0.13069352,0.18084651,0.24765020,0.33182375,0.43227719,0.55354211,0.71265780,0.92678773,1.13915430,1.19438016,1.02714639,0.77515188,0.56417336,0.42295761,0.32810726,0.25087535,0.18199962,0.12869252,0.09293609,0.06632172,0.04763442,0.03513499,0.02423466,0.01798199,0.01257721,0.00935224,0.00632407,0.00496582,0.00313556,0.00271256,0.00138692,0.00175876,0.00013155,0.00181351,0.00108774,0.00236294,0.00276962,0.00437656,0.00550029,0.00821404,0.01101890,0.01573045,0.02139465,0.03032896,0.04220168,0.05851518,0.08022546,0.11342055,0.15953476,0.22075366,0.29532040,0.38258732,0.50121736,0.68231305,0.92662600,1.14880113,1.18891176,1.01936845,0.79249493,0.61084196,0.47735349,0.37002224,0.27922904,0.20541325,0.14886485,0.10733780,0.07723219,0.05552124,0.03987949,0.02863808,0.02055844,0.01475495,0.01058814,0.00758974,0.00544118,0.00388246,0.00277423,0.00194395,0.00137248,0.00089066,0.00059776,0.00024767,0.00009899,0.00032472,0.00035599,0.00101504,0.00097652,0.00223141,0.00220929,0.00469930,0.00438212,0.00802954,0.00579474,0.01090678,0.00447769,0.01277892,0.00061755
0.68000000,0.01008025,0.00423112,0.00969397,0.00688026,0.00895183,0.00675840,0.00691861,0.00467482,0.00393432,0.00227901,0.00176706,0.00095641,0.00071643,0.00041175,0.00048237,0.00083561,0.00125011,0.00188824,0.00268427,0.00381980,0.00534991,0.00749410,0.01045471,0.01458328,0.02032230,0.02831224,0.03943363,0.05489337,0.07637610,0.10613291,0.14726447,0.20318369,0.27608631,0.36513008,0.47046662,0.60141606,0.78160020,1.01172379,1.18982312,1.15899709,0.93766129,0.68867062,0.50188598,0.38137873,0.29725696,0.22505943,0.16109543,0.11372444,0.08241889,0.05864754,0.04238546,0.03113175,0.02138400,0.01597190,0.01117926,0.00820440,0.00571494,0.00424283,0.00301100,0.00204360,0.00175132,0.00080466,0.00120255,0.00011859,0.00103448,0.00070026,0.00165223,0.00166517,0.00270283,0.00370767,0.00501364,0.00716253,0.00983705,0.01391650,0.01897706,0.02679655,0.03742592,0.05206402,0.07100912,0.10008288,0.14127423,0.19711628,0.26642426,0.34602217,0.44846926,0.60513338,0.83335567,1.08394162,1.20738249,1.09891083,0.87063548,0.66617451,0.51819902,0.40504799,0.30981390,0.23023786,0.16762463,0.12098890,0.08710647,0.06263367,0.04500170,0.03231591,0.02319857,0.01664970,0.01194025,0.00856191,0.00612026,0.00437535,0.00308992,0.00218415,0.00147290,0.00100022,0.00058187,0.00042255,0.00058098,0.00079898,0.00149060,0.00192598,0.00338909,0.00416153,0.00633541,0.00648247,0.00864350,0.00712230,0.00953405,0.00511372,0.00997723,0.00063166
0.70000000,0.00711903,0.00386699,0.00781786,0.00673272,0.00860978,0.00772690,0.00805591,0.00668396,0.00584791,0.00417220,0.00311065,0.00202356,0.00157567,0.00129540,0.00138430,0.00170852,0.00228912,0.00316059,0.00438136,0.00610254,0.00849304,0.01183207,0.01647756,0.02295154,0.03196235,0.04450460,0.06193801,0.08613822,0.11965822,0.16583907,0.22774321,0.30612900,0.39939518,0.51050884,0.65565137,0.86036822,1.09348695,1.21238441,1.09535896,0.84325494,0.60947932,0.44799784,0.34511896,0.26920150,0.20118693,0.14220908,0.10054310,0.07311959,0.05187521,0.03773652,0.02756818,0.01883281,0.01426778,0.00983347,0.00732694,0.00498665,0.00387540,0.00250978,0.00201591,0.00129407,0.00106088,0.00059488,0.00070480,0.00003425,0.00076834,0.00038970,0.00093374,0.00119796,0.00173265,0.00218849,0.00342073,0.00436782,0.00639158,0.00866695,0.01238990,0.01679175,0.02370645,0.03312672,0.04636557,0.06293835,0.08829019,0.12486140,0.17547499,0.23993523,0.31346729,0.40297803,0.53659793,0.74202370,0.99994721,1.19280184,1.16515679,0.95589346,0.73007294,0.56250397,0.44091514,0.34170210,0.25712564,0.18855417,0.13635990,0.09823298,0.07065564,0.05078710,0.03647563,0.02619680,0.01880614,0.01350537,0.00969312,0.00696439,0.00499816,0.00360134,0.00259635,0.00191324,0.00148007,0.00129563,0.00144134,0.00177219,0.00267538,0.00365319,0.00527679,0.00626168,0.00772255,0.00770391,0.00861159,0.00712001,0.00798146,0.00465770,0.00716173,0.00053051
0.72000000,0.00461729,0.00296112,0.00596888,0.00578044,0.00762625,0.00768183,0.00839346,0.00793835,0.00755759,0.00638726,0.00528234,0.00398773,0.00317189,0.00272571,0.00280465,0.00320666,0.00401683,0.00526629,0.00711586,0.00975127,0.01347042,0.01868300,0.02596125,0.03611597,0.05024474,0.06989747,0.09714520,0.13491279,0.18654688,0.25432178,0.33729625,0.43462169,0.55365259,0.71906132,0.94666834,1.16296595,1.20127413,1.01163255,0.75016549,0.53912749,0.40176916,0.31320780,0.24337859,0.17912314,0.12524246,0.08898668,0.06488359,0.04588842,0.03363261,0.02435121,0.01662075,0.01273209,0.00867105,0.00649358,0.00443117,0.00341834,0.00224293,0.00174311,0.00122979,0.00079499,0.00074578,0.00030189,0.00048096,0.00008804,0.00040979,0.00034660,0.00066965,0.00060462,0.00116162,0.00150902,0.00195272,0.00300051,0.00390961,0.00563901,0.00767533,0.01099751,0.01489269,0.02095668,0.02928909,0.04128162,0.05588578,0.07789758,0.11018884,0.15572243,0.21554333,0.28418542,0.36373141,0.47697555,0.65658045,0.90579924,1.14589998,1.20817447,1.04299797,0.80410830,0.61237267,0.47816050,0.37437619,0.28576881,0.21164846,0.15366963,0.11076930,0.07971889,0.05732387,0.04120338,0.02961471,0.02130136,0.01534338,0.01108620,0.00805896,0.00592361,0.00445585,0.00347896,0.00292659,0.00270116,0.00294731,0.00358975,0.00477493,0.00592095,0.00718384,0.00777016,0.00835920,0.00789433,0.00786048,0.00628096,0.00630404,0.00360008,0.00477314,0.00037113
0.74000000,0.00282728,0.00194077,0.00421171,0.00446068,0.00618494,0.00679741,0.00784616,0.00811213,0.00830805,0.00786555,0.00724113,0.00626880,0.00541048,0.00477286,0.00472410,0.00526731,0.00648462,0.00841212,0.01128609,0.01540117,0.02122931,0.02940250,0.04082824,0.05674475,0.07887344,0.10957953,0.15206783,0.20942101,0.28248552,0.36925845,0.47110804,0.60228021,0.79328571,1.03532102,1.21008623,1.15661271,0.91690135,0.66278044,0.47795870,0.36216415,0.28477060,0.21943626,0.15881460,0.11012848,0.07889325,0.05756298,0.04060566,0.02998375,0.02146362,0.01468617,0.01138030,0.00760871,0.00579063,0.00389902,0.00306534,0.00193313,0.00161604,0.00101058,0.00079506,0.00056093,0.00039508,0.00025547,0.00031160,0.00003829,0.00030624,0.00009735,0.00041781,0.00053436,0.00062549,0.00092106,0.00143544,0.00167032,0.00268179,0.00346014,0.00501153,0.00676724,0.00977528,0.01320774,0.01854548,0.02584956,0.03674353,0.04970896,0.06879505,0.09714119,0.13779441,0.19300279,0.25754378,0.32954236,0.42581066,0.57941360,0.80940427,1.07254525,1.21990881,1.12377375,0.88785452,0.67033909,0.51804567,0.40757929,0.31567576,0.23677305,0.17306012,0.12491602,0.08994434,0.06471247,0.04656109,0.03350971,0.02416771,0.01748965,0.01275832,0.00942994,0.00716045,0.00566980,0.00486975,0.00467303,0.00511522,0.00589541,0.00688617,0.00762963,0.00820925,0.00820080,0.00804895,0.00717222,0.00656274,0.00498569,0.00457699,0.00242406,0.00300384,0.00021462
0.76000000,0.00171515,0.00111580,0.00267449,0.00305881,0.00452316,0.00535314,0.00653301,0.00721311,0.00779300,0.00787462,0.00769486,0.00716912,0.00665039,0.00634373,0.00662472,0.00763893,0.00962398,0.01277055,0.01740005,0.02396173,0.03318879,0.04606798,0.06402225,0.08894784,0.12359514,0.17124357,0.23426921,0.31171676,0.40186072,0.50983913,0.65948691,0.87754952,1.11867168,1.22589546,1.08440132,0.81906497,0.58376034,0.42555836,0.32806005,0.25898985,0.19712867,0.14020556,0.09680559,0.07009131,0.05104932,0.03595354,0.02673555,0.01887229,0.01301523,0.01016968,0.00666544,0.00516852,0.00344214,0.00272635,0.00169852,0.00144864,0.00088164,0.00069913,0.00053007,0.00028456,0.00032898,0.00013077,0.00016536,0.00006587,0.00020501,0.00018450,0.00023086,0.00023468,0.00054555,0.00056506,0.00078164,0.00129387,0.00147800,0.00236254,0.00308099,0.00444961,0.00596800,0.00868096,0.01172305,0.01643185,0.02277838,0.03267375,0.04428248,0.06084170,0.08559593,0.12159441,0.17215668,0.23302733,0.29942560,0.38224703,0.51164338,0.71638918,0.98187184,1.19650850,1.18834333,0.97790080,0.73870598,0.56254428,0.44160776,0.34625261,0.26362399,0.19453096,0.14086119,0.10143057,0.07300215,0.05253189,0.03782259,0.02727548,0.01975355,0.01441846,0.01072717,0.00830244,0.00693186,0.00637153,0.00648542,0.00694327,0.00751899,0.00783057,0.00788721,0.00746212,0.00686691,0.00579220,0.00493677,0.00351686,0.00298249,0.00144688,0.00182168,0.00010833
0.78000000,0.00102641,0.00059796,0.00148917,0.00178885,0.00285973,0.00364691,0.00473005,0.00553124,0.00622715,0.00649898,0.00638347,0.00576735,0.00492763,0.00459681,0.00597030,0.00897285,0.01318327,0.01876914,0.02639800,0.03696907,0.05163368,0.07196177,0.10014848,0.13926547,0.19242892,0.26062451,0.34157802,0.43515426,0.55298838,0.72767788,0.96847657,1.18696134,1.20571877,0.99384489,0.72422076,0.51425667,0.38108306,0.29840080,0.23527985,0.17630296,0.12325247,0.08516414,0.06238925,0.04523617,0.03185655,0.02383618,0.01654987,0.01158130,0.00907788,0.00582493,0.00462908,0.00302685,0.00243350,0.00147970,0.00131816,0.00073743,0.00066676,0.00043349,0.00028798,0.00026062,0.00014516,0.00009909,0.00016384,0.00005235,0.00009158,0.00004920,0.00023286,0.00022638,0.00018709,0.00044803,0.00057820,0.00062814,0.00118106,0.00130240,0.00209026,0.00273192,0.00396354,0.00525431,0.00770413,0.01040626,0.01458106,0.02004600,0.02900205,0.03949653,0.05389298,0.07544972,0.10704993,0.15296199,0.21029590,0.27255488,0.34507900,0.45328780,0.63043979,0.88324543,1.14011252,1.22663128,1.06789933,0.81827904,0.61427445,0.47743757,0.37706731,0.29166313,0.21791395,0.15867311,0.11424489,0.08212311,0.05895802,0.04225725,0.03020493,0.02152387,0.01521713,0.01051361,0.00700846,0.00490925,0.00466370,0.00543184,0.00619453,0.00650312,0.00639169,0.00583037,0.00508863,0.00405233,0.00321389,0.00211961,0.00169059,0.00077881,0.00105881,0.00006407
0.80000000,0.00054221,0.00031675,0.00071288,0.00082515,0.00143075,0.00200762,0.00285609,0.00363374,0.00438445,0.00486154,0.00496322,0.00447641,0.00329512,0.00212813,0.00459296,0.01002156,0.01756760,0.02742335,0.04021605,0.05725335,0.08044232,0.11248138,0.15662823,0.21539455,0.28791068,0.37174861,0.46980327,0.60371024,0.80729868,1.06026215,1.22948036,1.15147877,0.89422434,0.63644834,0.45436918,0.34342255,0.27216914,0.21325719,0.15689516,0.10797887,0.07508446,0.05562560,0.04003078,0.02825333,0.02123087,0.01447608,0.01035089,0.00808472,0.00507972,0.00415885,0.00265296,0.00217287,0.00129386,0.00119094,0.00062514,0.00061838,0.00036712,0.00025850,0.00025239,0.00008736,0.00014436,0.00008467,0.00002974,0.00005471,0.00013130,0.00009731,0.00003498,0.00015244,0.00026943,0.00015529,0.00037231,0.00055898,0.00051970,0.00105666,0.00116305,0.00184584,0.00242071,0.00353754,0.00462426,0.00683099,0.00923537,0.01296436,0.01763083,0.02568540,0.03525909,0.04782969,0.06658643,0.09409539,0.13535512,0.18909288,0.24814016,0.31309516,0.40375136,0.55372150,0.78413228,1.05844055,1.23061361,1.14917120,0.90730306,0.67599570,0.51679715,0.40816080,0.32020763,0.24287170,0.17829223,0.12845210,0.09199349,0.06563927,0.04641331,0.03211988,0.02120050,0.01277856,0.00649469,0.00258793,0.00268624,0.00408876,0.00484839,0.00495810,0.00461497,0.00394568,0.00318011,0.00231779,0.00166844,0.00100298,0.00079494,0.00038774,0.00055538,0.00004102
0.82000000,0.00034090,0.00022054,0.00049219,0.00050963,0.00078610,0.00110823,0.00178907,0.00266818,0.00383435,0.00516539,0.00667932,0.00834705,0.01027972,0.01273975,0.01630017,0.02188426,0.03068437,0.04398093,0.06310215,0.08967847,0.12627496,0.17592883,0.23987486,0.31576078,0.40215019,0.50774062,0.66494584,0.89658092,1.14455532,1.23740487,1.07080458,0.79345162,0.55791975,0.40356062,0.31139094,0.24850575,0.19261198,0.13885089,0.09437206,0.06642253,0.04965900,0.03536993,0.02510004,0.01888297,0.01264089,0.00929639,0.00717695,0.00442837,0.00374848,0.00231572,0.00194532,0.00113066,0.00107707,0.00052509,0.00058082,0.00029318,0.00025920,0.00021481,0.00007957,0.00012754,0.00007640,0.00002965,0.00009422,0.00005506,0.00001427,0.00007356,0.00014208,0.00008310,0.00009480,0.00025096,0.00019272,0.00028126,0.00054117,0.00043246,0.00094167,0.00104096,0.00163356,0.00213826,0.00316411,0.00407013,0.00605202,0.00819015,0.01155390,0.01550916,0.02268985,0.03147818,0.04252897,0.05885338,0.08264508,0.11927272,0.16929528,0.22563603,0.28529197,0.36201698,0.48699174,0.68986229,0.96162309,1.19742950,1.21135685,1.00134577,0.74947462,0.56227278,0.44029263,0.34880993,0.26903143,0.19979067,0.14438676,0.10289452,0.07270406,0.05083179,0.03538201,0.02493811,0.01822435,0.01398459,0.01117420,0.00907686,0.00732354,0.00574929,0.00434772,0.00310155,0.00211768,0.00133414,0.00090551,0.00058051,0.00053033,0.00027761,0.00036249,0.00002278
0.84000000,0.00054487,0.00033091,0.00078068,0.00087287,0.00133867,0.00170768,0.00248247,0.00356517,0.00527222,0.00754558,0.01054395,0.01429551,0.01901683,0.02497089,0.03267524,0.04288934,0.05685034,0.07635175,0.10416214,0.14382301,0.19809780,0.26601955,0.34429289,0.43353350,0.55229217,0.73825710,0.99172113,1.21073542,1.20746019,0.97367852,0.69744297,0.48949746,0.36090854,0.28383264,0.22683363,0.17317799,0.12218877,0.08238337,0.05900307,0.04433594,0.03119642,0.02234041,0.01675975,0.01103036,0.00839033,0.00634170,0.00386805,0.00338825,0.00200896,0.00174842,0.00098462,0.00097428,0.00043972,0.00054324,0.00022831,0.00025751,0.00018398,0.00007097,0.00013167,0.00004402,0.00005666,0.00006369,0.00003135,0.00005139,0.00008781,0.00006027,0.00004465,0.00012314,0.00013178,0.00002593,0.00022673,0.00022415,0.00020165,0.00050963,0.00037215,0.00083441,0.00093424,0.00145101,0.00188044,0.00283518,0.00358237,0.00535811,0.00725015,0.01031758,0.01365586,0.01998479,0.02807997,0.03787970,0.05212552,0.07262586,0.10472679,0.15086991,0.20468716,0.26067366,0.32682582,0.43008206,0.60393010,0.85891371,1.13133316,1.24386701,1.09365835,0.83448804,0.61709072,0.47523920,0.37778936,0.29632571,0.22377545,0.16368613,0.11835388,0.08626894,0.06383872,0.04792758,0.03639311,0.02780052,0.02122254,0.01605094,0.01194319,0.00865146,0.00610825,0.00416588,0.00287043,0.00195703,0.00149393,0.00100947,0.00086682,0.00042260,0.00056585,0.00003607
0.86000000,0.00082657,0.00050189,0.00116281,0.00130229,0.00205076,0.00265683,0.00378193,0.00521785,0.00747996,0.01058898,0.01489285,0.02054416,0.02798070,0.03773666,0.05070518,0.06810976,0.09173230,0.12426799,0.16886140,0.22698031,0.29640448,0.37487647,0.46831000,0.60722097,0.82362144,1.08665152,1.24778664,1.14366259,0.86979346,0.60980520,0.43118531,0.32527577,0.25970096,0.20671272,0.15489232,0.10698119,0.07198967,0.05266879,0.03954646,0.02747407,0.01992161,0.01483318,0.00962767,0.00760303,0.00556728,0.00339457,0.00306650,0.00173001,0.00157855,0.00085394,0.00088177,0.00036876,0.00050712,0.00017169,0.00025829,0.00014932,0.00008348,0.00012343,0.00002145,0.00006318,0.00006044,0.00002595,0.00005549,0.00005290,0.00004754,0.00007346,0.00008819,0.00005202,0.00010546,0.00014949,0.00003542,0.00018756,0.00024897,0.00013210,0.00047219,0.00033077,0.00073746,0.00083999,0.00129570,0.00164685,0.00254425,0.00315618,0.00474331,0.00640432,0.00922963,0.01205624,0.01755416,0.02502286,0.03379091,0.04629048,0.06393065,0.09170196,0.13375106,0.18502376,0.23841211,0.29703543,0.38232104,0.52813224,0.75765496,1.04192842,1.23913537,1.17528945,0.92873922,0.68418091,0.51606072,0.40885951,0.32661788,0.25365087,0.19046858,0.14046851,0.10345647,0.07667180,0.05703185,0.04247008,0.03155289,0.02327266,0.01696851,0.01215168,0.00860779,0.00600815,0.00430602,0.00303272,0.00230930,0.00152189,0.00128836,0.00063223,0.00085879,0.00005729
0.88000000,0.00115684,0.00070732,0.00162858,0.00181081,0.00286292,0.00374725,0.00535251,0.00732293,0.01034251,0.01448590,0.02032445,0.02819987,0.03885811,0.05324463,0.07284290,0.09989924,0.13753927,0.18850634,0.25226950,0.32548433,0.40683109,0.51088071,0.67629402,0.91980495,1.17256419,1.24778741,1.05532603,0.76724430,0.53240837,0.38235624,0.29540867,0.23816715,0.18780136,0.13772005,0.09323628,0.06311654,0.04723849,0.03521636,0.02418268,0.01780935,0.01308862,0.00842757,0.00691150,0.00485109,0.00300673,0.00277649,0.00147907,0.00143433,0.00073719,0.00080030,0.00030885,0.00047335,0.00012226,0.00025782,0.00011402,0.00009935,0.00011435,0.00000676,0.00007311,0.00004776,0.00002716,0.00004934,0.00004646,0.00004956,0.00006173,0.00005543,0.00006885,0.00009629,0.00007635,0.00008075,0.00015424,0.00008209,0.00014667,0.00026044,0.00007596,0.00043174,0.00030206,0.00065216,0.00075421,0.00116447,0.00143619,0.00228585,0.00278601,0.00420294,0.00564507,0.00826590,0.01068960,0.01538190,0.02226187,0.03016849,0.04121088,0.05642560,0.08016359,0.11795971,0.16654992,0.21799723,0.27152880,0.34262517,0.46299746,0.66316617,0.93996075,1.19637258,1.23535896,1.02813698,0.76569437,0.56763754,0.44361015,0.35639658,0.28073659,0.21260084,0.15621385,0.11345042,0.08258997,0.06033713,0.04408436,0.03207276,0.02319211,0.01658928,0.01184135,0.00838241,0.00608232,0.00429019,0.00323642,0.00211560,0.00179819,0.00089036,0.00120597,0.00007962
0.90000000,0.00167410,0.00102525,0.00236230,0.00261917,0.00413291,0.00542407,0.00778106,0.01064281,0.01495525,0.02082146,0.02914909,0.04052506,0.05617472,0.07761345,0.10754352,0.14915525,0.20419101,0.27052457,0.34510344,0.43095808,0.55524904,0.75489775,1.02120458,1.23825086,1.20954142,0.95328048,0.67129094,0.46575213,0.34182388,0.26994880,0.21849912,0.16987186,0.12167246,0.08095102,0.05562130,0.04249583,0.03125898,0.02127768,0.01595135,0.01150296,0.00741524,0.00629093,0.00419064,0.00269766,0.00251077,0.00125535,0.00131157,0.00063032,0.00072889,0.00025680,0.00044104,0.00008072,0.00025524,0.00008191,0.00011483,0.00010342,0.00002441,0.00007737,0.00003816,0.00003585,0.00004947,0.00003666,0.00004180,0.00005076,0.00005705,0.00006623,0.00006523,0.00006479,0.00009844,0.00009787,0.00006542,0.00014641,0.00011809,0.00011032,0.00026144,0.00004210,0.00039097,0.00028236,0.00057841,0.00067472,0.00105315,0.00124538,0.00205269,0.00246207,0.00372813,0.00495940,0.00739879,0.00952139,0.01344843,0.01975222,0.02693504,0.03676016,0.04998606,0.07006422,0.10352677,0.14914412,0.19891500,0.24906722,0.30958585,0.40802772,0.57826490,0.83459415,1.12240897,1.26325246,1.12506670,0.85699714,0.62496920,0.47368998,0.37672795,0.29941570,0.22964603,0.16952503,0.12258660,0.08834746,0.06392317,0.04618066,0.03327419,0.02380822,0.01708041,0.01216190,0.00884789,0.00622130,0.00467491,0.00305529,0.00260703,0.00129253,0.00174552,0.00011413
0.92000000,0.00256493,0.00156936,0.00362255,0.00401604,0.00632701,0.00829944,0.01193118,0.01633701,0.02293102,0.03183417,0.04448218,0.06182123,0.08600941,0.11977214,0.16607105,0.22464158,0.29225829,0.36639854,0.45850020,0.60646827,0.83752874,1.11172739,1.26359906,1.13298822,0.84438765,0.58347381,0.40873444,0.30770601,0.24735968,0.19982052,0.15258799,0.10662941,0.07004674,0.04928258,0.03823459,0.02759068,0.01870396,0.01427779,0.01004310,0.00655749,0.00570975,0.00357545,0.00245131,0.00225783,0.00105560,0.00120419,0.00052987,0.00066577,0.00021122,0.00041089,0.00004821,0.00025113,0.00005606,0.00012798,0.00009094,0.00004345,0.00007901,0.00003426,0.00004530,0.00004564,0.00003056,0.00004052,0.00004687,0.00004888,0.00005333,0.00005813,0.00007012,0.00007680,0.00006899,0.00009310,0.00011146,0.00006866,0.00013286,0.00014302,0.00008304,0.00025484,0.00004508,0.00035182,0.00026777,0.00051615,0.00060043,0.00095749,0.00107240,0.00183913,0.00217378,0.00330881,0.00433596,0.00660202,0.00851228,0.01172927,0.01744859,0.02400271,0.03278199,0.04438784,0.06120518,0.09028397,0.13253231,0.18055749,0.22842685,0.28139832,0.36163650,0.50313486,0.73083676,1.02328361,1.24450949,1.20002289,0.94821576,0.68912960,0.50866015,0.39911446,0.32065872,0.25096945,0.18813161,0.13665780,0.09813653,0.07051659,0.05075222,0.03637027,0.02615814,0.01866745,0.01357560,0.00952651,0.00715307,0.00468192,0.00399875,0.00198023,0.00267303,0.00017474
0.94000000,0.00403664,0.00246881,0.00570005,0.00632378,0.00995685,0.01305388,0.01876838,0.02572622,0.03609671,0.05003463,0.06977178,0.09727450,0.13596930,0.18737127,0.24944282,0.31810073,0.39356442,0.49923480,0.67592173,0.93347380,1.19103114,1.24661211,1.02868761,0.73246042,0.50040872,0.35644513,0.27609350,0.22548121,0.18118769,0.13553000,0.09228965,0.06024757,0.04373946,0.03421308,0.02410466,0.01638888,0.01271659,0.00867714,0.00581820,0.00514205,0.00299649,0.00225033,0.00200818,0.00088005,0.00110676,0.00043377,0.00061035,0.00017024,0.00038268,0.00002857,0.00024503,0.00004241,0.00013759,0.00007941,0.00006031,0.00007875,0.00003590,0.00005278,0.00004238,0.00003124,0.00004080,0.00004038,0.00004113,0.00004806,0.00005513,0.00006006,0.00006155,0.00007035,0.00008470,0.00007948,0.00008691,0.00011671,0.00008310,0.00011915,0.00015854,0.00007017,0.00024287,0.00006561,0.00031481,0.00025431,0.00046368,0.00052788,0.00087272,0.00091295,0.00163833,0.00190929,0.00293027,0.00375938,0.00584229,0.00760845,0.01017043,0.01527460,0.02123793,0.02907165,0.03932043,0.05328482,0.07796608,0.11644739,0.16234403,0.20810282,0.25480566,0.31918833,0.43328978,0.62880313,0.90803297,1.18350382,1.24904722,1.04574939,0.77114260,0.55962182,0.42984042,0.34635368,0.27632243,0.21122191,0.15496492,0.11121102,0.07963752,0.05711100,0.04115580,0.02939996,0.02136206,0.01498414,0.01125280,0.00737282,0.00629323,0.00311484,0.00420587,0.00027592
0.96000000,0.00637629,0.00390024,0.00900156,0.00999068,0.01572939,0.02061849,0.02963392,0.04061987,0.05693398,0.07894225,0.11061959,0.15423991,0.21031037,0.27484597,0.34395950,0.42473008,0.55243355,0.76200455,1.03900181,1.25212944,1.19715507,0.92097232,0.63607702,0.43509796,0.31732845,0.25129379,0.20531353,0.16188768,0.11781914,0.07826518,0.05140682,0.03880064,0.03029779,0.02074213,0.01428348,0.01122069,0.00738302,0.00517802,0.00457398,0.00244921,0.00208685,0.00175549,0.00073431,0.00101569,0.00033937,0.00056109,0.00013040,0.00035579,0.00002908,0.00023719,0.00004670,0.00014402,0.00007237,0.00007420,0.00007726,0.00004217,0.00005821,0.00004145,0.00003535,0.00003999,0.00003532,0.00003798,0.00004415,0.00004763,0.00005156,0.00005763,0.00006528,0.00006821,0.00007194,0.00008782,0.00008971,0.00008447,0.00011630,0.00009888,0.00010939,0.00016640,0.00007234,0.00022800,0.00008465,0.00028214,0.00023900,0.00042075,0.00045343,0.00079544,0.00076228,0.00144571,0.00165904,0.00258127,0.00322125,0.00509671,0.00677682,0.00874451,0.01319723,0.01858979,0.02555533,0.03466962,0.04618186,0.06631066,0.10016515,0.14327256,0.18812551,0.23259549,0.28738164,0.37975448,0.54446621,0.79957723,1.09986610,1.26816684,1.14421639,0.86877771,0.62568270,0.46770554,0.37313964,0.30168946,0.23554939,0.17527291,0.12649107,0.09021811,0.06490323,0.04640139,0.03373448,0.02366034,0.01777735,0.01164729,0.00993982,0.00491957,0.00664427,0.00043565
0.98000000,0.01004867,0.00614624,0.01418575,0.01573909,0.02478937,0.03248253,0.04665102,0.06384948,0.08981666,0.12531588,0.17416683,0.23326366,0.29898025,0.36833769,0.46072667,0.61686580,0.85968573,1.14085516,1.27783650,1.11748835,0.81511957,0.55529990,0.38712092,0.29314601,0.23869677,0.19553127,0.15108109,0.10583040,0.06758301,0.04466150,0.03478355,0.02673025,0.01782958,0.01265342,0.00995111,0.00628084,0.00472405,0.00405422,0.00198035,0.00198903,0.00151126,0.00064994,0.00093797,0.00025347,0.00052390,0.00009204,0.00033445,0.00003970,0.00023069,0.00005998,0.00014913,0.00007195,0.00008457,0.00007625,0.00005007,0.00006216,0.00004282,0.00004034,0.00003977,0.00003334,0.00003651,0.00003985,0.00004154,0.00004635,0.00005222,0.00005692,0.00006082,0.00006831,0.00007455,0.00007630,0.00008879,0.00009665,0.00008620,0.00011393,0.00011169,0.00010566,0.00016886,0.00008069,0.00021458,0.00009639,0.00025977,0.00022209,0.00039555,0.00038036,0.00073754,0.00063401,0.00128289,0.00145106,0.00230102,0.00278810,0.00443806,0.00612431,0.00762409,0.01144466,0.01635680,0.02251062,0.03065934,0.04050687,0.05735867,0.08860426,0.13170751,0.17787609,0.22173017,0.26925682,0.34284812,0.47735545,0.70092534,0.99985309,1.24640468,1.22668851,0.97444760,0.70417894,0.51336654,0.40031601,0.32541626,0.25908524,0.19688253,0.14318168,0.10266473,0.07297635,0.05307208,0.03726519,0.02801743,0.01834939,0.01566349,0.00775144,0.01047175,0.00068584
1.00000000,0.01580620,0.00966552,0.02231344,0.02475206,0.03897728,0.05099302,0.07325054,0.10091323,0.14251251,0.19459512,0.25643540,0.32102257,0.39342907,0.50421991,0.69313662,0.96471644,1.22548353,1.25845609,1.01488736,0.71156914,0.48280910,0.34473852,0.26994550,0.22418870,0.18426913,0.14197911,0.09958372,0.06520052,0.04601981,0.03668863,0.02675121,0.01698534,0.01225193,0.00936901,0.00580566,0.00474208,0.00379275,0.00178455,0.00204645,0.00134823,0.00069022,0.00090988,0.00021621,0.00051946,0.00006824,0.00033071,0.00004276,0.00023208,0.00006918,0.00015599,0.00007554,0.00009391,0.00007667,0.00005718,0.00006624,0.00004548,0.00004533,0.00004108,0.00003382,0.00003585,0.00003628,0.00003766,0.00004223,0.00004608,0.00005021,0.00005567,0.00006157,0.00006504,0.00007096,0.00007956,0.00008164,0.00008952,0.00010100,0.00008969,0.00011270,0.00012169,0.00010489,0.00017120,0.00008503,0.00020835,0.00010257,0.00025606,0.00021123,0.00040257,0.00033047,0.00073147,0.00058500,0.00122071,0.00138497,0.00222243,0.00266717,0.00413527,0.00598516,0.00726467,0.01060288,0.01565809,0.02242965,0.03173927,0.04211719,0.05681719,0.08410925,0.12364304,0.16726815,0.20873053,0.25056390,0.30974961,0.41798619,0.60859103,0.88935818,1.18326836,1.27738908,1.08070125,0.79411209,0.56899960,0.43064454,0.34756828,0.28186590,0.21862395,0.16217114,0.11570221,0.08346208,0.05848454,0.04402738,0.02886058,0.02463450,0.01219324,0.01647013,0.00107940
