time,Bz_k1_simulation,Bz_k1_linear_theory
0.00000000e+00,0.00000000e+00,9.08313988e-04
5.00000000e-02,5.15776402e-06,9.18360597e-04
1.00000000e-01,2.05945862e-05,9.28518329e-04
1.50000000e-01,4.62115370e-05,9.38788412e-04
2.00000000e-01,8.18579814e-05,9.49172091e-04
2.50000000e-01,1.27332992e-04,9.59670620e-04
3.00000000e-01,1.82386914e-04,9.70285270e-04
3.50000000e-01,2.46721855e-04,9.81017326e-04
4.00000000e-01,3.19992803e-04,9.91868086e-04
4.50000000e-01,4.01809704e-04,1.00283886e-03
5.00000000e-01,4.91739682e-04,1.01393099e-03
5.50000000e-01,5.89309513e-04,1.02514580e-03
6.00000000e-01,6.94008373e-04,1.03648465e-03
6.50000000e-01,8.05290224e-04,1.04794892e-03
7.00000000e-01,9.22576281e-04,1.05953999e-03
7.50000000e-01,1.04525812e-03,1.07125927e-03
8.00000000e-01,1.17270032e-03,1.08310817e-03
8.50000000e-01,1.30424406e-03,1.09508813e-03
9.00000000e-01,1.43921178e-03,1.10720059e-03
9.50000000e-01,1.57691046e-03,1.11944703e-03
1.00000000e+00,1.71663452e-03,1.13182892e-03
1.05000000e+00,1.85766944e-03,1.14434777e-03
1.10000000e+00,1.99929540e-03,1.15700508e-03
1.15000000e+00,2.14079072e-03,1.16980240e-03
1.20000000e+00,2.28143590e-03,1.18274126e-03
1.25000000e+00,2.42051818e-03,1.19582323e-03
1.30000000e+00,2.55733488e-03,1.20904990e-03
1.35000000e+00,2.69119611e-03,1.22242286e-03
1.40000000e+00,2.82142857e-03,1.23594374e-03
1.45000000e+00,2.94737962e-03,1.24961417e-03
1.50000000e+00,3.06842079e-03,1.26343581e-03
1.55000000e+00,3.18395031e-03,1.27741032e-03
1.60000000e+00,3.29339603e-03,1.29153940e-03
1.65000000e+00,3.39621860e-03,1.30582476e-03
1.70000000e+00,3.49191453e-03,1.32026813e-03
1.75000000e+00,3.58001896e-03,1.33487125e-03
1.80000000e+00,3.66010842e-03,1.34963589e-03
1.85000000e+00,3.73180293e-03,1.36456383e-03
1.90000000e+00,3.79476794e-03,1.37965690e-03
1.95000000e+00,3.84871622e-03,1.39491690e-03
2.00000000e+00,3.89340938e-03,1.41034569e-03
2.05000000e+00,3.92865902e-03,1.42594513e-03
2.10000000e+00,3.95432721e-03,1.44171711e-03
2.15000000e+00,3.97032713e-03,1.45766354e-03
2.20000000e+00,3.97662355e-03,1.47378636e-03
2.25000000e+00,3.97323406e-03,1.49008750e-03
2.30000000e+00,3.96022951e-03,1.50656894e-03
2.35000000e+00,3.93773289e-03,1.52323268e-03
2.40000000e+00,3.90591812e-03,1.54008074e-03
2.45000000e+00,3.86500899e-03,1.55711514e-03
2.50000000e+00,3.81527810e-03,1.57433796e-03
2.55000000e+00,3.75704537e-03,1.59175128e-03
2.60000000e+00,3.69067634e-03,1.60935720e-03
2.65000000e+00,3.61657985e-03,1.62715785e-03
2.70000000e+00,3.53520577e-03,1.64515539e-03
2.75000000e+00,3.44704262e-03,1.66335200e-03
2.80000000e+00,3.35261587e-03,1.68174987e-03
2.85000000e+00,3.25248564e-03,1.70035124e-03
2.90000000e+00,3.14724359e-03,1.71915835e-03
2.95000000e+00,3.03751024e-03,1.73817349e-03
3.00000000e+00,2.92393090e-03,1.75739894e-03
3.05000000e+00,2.80717142e-03,1.77683704e-03
3.10000000e+00,2.68791519e-03,1.79649015e-03
3.15000000e+00,2.56686057e-03,1.81636062e-03
3.20000000e+00,2.44471738e-03,1.83645088e-03
3.25000000e+00,2.32220329e-03,1.85676336e-03
3.30000000e+00,2.20003999e-03,1.87730050e-03
3.35000000e+00,2.07894859e-03,1.89806480e-03
3.40000000e+00,1.95964543e-03,1.91905877e-03
3.45000000e+00,1.84283895e-03,1.94028495e-03
3.50000000e+00,1.72922699e-03,1.96174590e-03
3.55000000e+00,1.61949291e-03,1.98344423e-03
3.60000000e+00,1.51430144e-03,2.00538255e-03
3.65000000e+00,1.41429560e-03,2.02756353e-03
3.70000000e+00,1.32009395e-03,2.04998985e-03
3.75000000e+00,1.23228679e-03,2.07266422e-03
3.80000000e+00,1.15143250e-03,2.09558938e-03
3.85000000e+00,1.07805479e-03,2.11876812e-03
3.90000000e+00,1.01264098e-03,2.14220322e-03
3.95000000e+00,9.55639901e-04,2.16589754e-03
4.00000000e+00,9.07459335e-04,2.18985393e-03
4.05000000e+00,8.68464179e-04,2.21407529e-03
4.10000000e+00,8.38973547e-04,2.23856457e-03
4.15000000e+00,8.19258467e-04,2.26332471e-03
4.20000000e+00,8.09540368e-04,2.28835871e-03
4.25000000e+00,8.09989753e-04,2.31366961e-03
4.30000000e+00,8.20725438e-04,2.33926047e-03
4.35000000e+00,8.41814599e-04,2.36513438e-03
4.40000000e+00,8.73273260e-04,2.39129448e-03
4.45000000e+00,9.15065907e-04,2.41774392e-03
4.50000000e+00,9.67106256e-04,2.44448592e-03
4.55000000e+00,1.02925838e-03,2.47152370e-03
4.60000000e+00,1.10133666e-03,2.49886054e-03
4.65000000e+00,1.18310597e-03,2.52649974e-03
4.70000000e+00,1.27428290e-03,2.55444465e-03
4.75000000e+00,1.37453707e-03,2.58269865e-03
4.80000000e+00,1.48349240e-03,2.61126517e-03
4.85000000e+00,1.60072923e-03,2.64014765e-03
4.90000000e+00,1.72578749e-03,2.66934959e-03
4.95000000e+00,1.85816956e-03,2.69887452e-03
5.00000000e+00,1.99734299e-03,2.72872602e-03
5.05000000e+00,2.14274239e-03,2.75890770e-03
5.10000000e+00,2.29377186e-03,2.78942322e-03
5.15000000e+00,2.44980895e-03,2.82027625e-03
5.20000000e+00,2.61020815e-03,2.85147055e-03
5.25000000e+00,2.77430381e-03,2.88300987e-03
5.30000000e+00,2.94141347e-03,2.91489804e-03
5.35000000e+00,3.11084103e-03,2.94713892e-03
5.40000000e+00,3.28188028e-03,2.97973641e-03
5.45000000e+00,3.45381844e-03,3.01269444e-03
5.50000000e+00,3.62593989e-03,3.04601702e-03
5.55000000e+00,3.79753132e-03,3.07970817e-03
5.60000000e+00,3.96788618e-03,3.11377197e-03
5.65000000e+00,4.13630844e-03,3.14821253e-03
5.70000000e+00,4.30211597e-03,3.18303404e-03
5.75000000e+00,4.46464302e-03,3.21824069e-03
5.80000000e+00,4.62324312e-03,3.25383676e-03
5.85000000e+00,4.77729255e-03,3.28982655e-03
5.90000000e+00,4.92619335e-03,3.32621440e-03
5.95000000e+00,5.06937690e-03,3.36300474e-03
6.00000000e+00,5.20630727e-03,3.40020200e-03
6.05000000e+00,5.33648371e-03,3.43781069e-03
6.10000000e+00,5.45944351e-03,3.47583536e-03
6.15000000e+00,5.57476544e-03,3.51428061e-03
6.20000000e+00,5.68207155e-03,3.55315109e-03
6.25000000e+00,5.78102899e-03,3.59245151e-03
6.30000000e+00,5.87135208e-03,3.63218662e-03
6.35000000e+00,5.95280306e-03,3.67236123e-03
6.40000000e+00,6.02519212e-03,3.71298020e-03
6.45000000e+00,6.08837840e-03,3.75404844e-03
6.50000000e+00,6.14227222e-03,3.79557093e-03
6.55000000e+00,6.18683541e-03,3.83755269e-03
6.60000000e+00,6.22208069e-03,3.87999879e-03
6.65000000e+00,6.24807184e-03,3.92291438e-03
6.70000000e+00,6.26492402e-03,3.96630465e-03
6.75000000e+00,6.27280371e-03,4.01017484e-03
6.80000000e+00,6.27192788e-03,4.05453027e-03
6.85000000e+00,6.26256255e-03,4.09937631e-03
6.90000000e+00,6.24502133e-03,4.14471837e-03
6.95000000e+00,6.21966425e-03,4.19056195e-03
7.00000000e+00,6.18689618e-03,4.23691259e-03
7.05000000e+00,6.14716409e-03,4.28377591e-03
7.10000000e+00,6.10095414e-03,4.33115756e-03
7.15000000e+00,6.04878916e-03,4.37906330e-03
7.20000000e+00,5.99122618e-03,4.42749890e-03
7.25000000e+00,5.92885323e-03,4.47647024e-03
7.30000000e+00,5.86228604e-03,4.52598323e-03
7.35000000e+00,5.79216505e-03,4.57604387e-03
7.40000000e+00,5.71915245e-03,4.62665823e-03
7.45000000e+00,5.64392925e-03,4.67783241e-03
7.50000000e+00,5.56719240e-03,4.72957261e-03
7.55000000e+00,5.48965082e-03,4.78188510e-03
7.60000000e+00,5.41202119e-03,4.83477621e-03
7.65000000e+00,5.33502462e-03,4.88825233e-03
7.70000000e+00,5.25938266e-03,4.94231993e-03
7.75000000e+00,5.18581295e-03,4.99698556e-03
7.80000000e+00,5.11502552e-03,5.05225583e-03
7.85000000e+00,5.04771887e-03,5.10813743e-03
7.90000000e+00,4.98457701e-03,5.16463712e-03
7.95000000e+00,4.92626676e-03,5.22176173e-03
8.00000000e+00,4.87343435e-03,5.27951819e-03
8.05000000e+00,4.82670206e-03,5.33791348e-03
8.10000000e+00,4.78666490e-03,5.39695466e-03
8.15000000e+00,4.75388727e-03,5.45664887e-03
8.20000000e+00,4.72889949e-03,5.51700335e-03
8.25000000e+00,4.71219520e-03,5.57802540e-03
8.30000000e+00,4.70422952e-03,5.63972239e-03
8.35000000e+00,4.70541703e-03,5.70210179e-03
8.40000000e+00,4.71612997e-03,5.76517116e-03
8.45000000e+00,4.73669653e-03,5.82893811e-03
8.50000000e+00,4.76739909e-03,5.89341038e-03
8.55000000e+00,4.80847185e-03,5.95859576e-03
8.60000000e+00,4.86009939e-03,6.02450213e-03
8.65000000e+00,4.92241633e-03,6.09113748e-03
8.70000000e+00,4.99550679e-03,6.15850986e-03
8.75000000e+00,5.07940379e-03,6.22662743e-03
8.80000000e+00,5.17408929e-03,6.29549842e-03
8.85000000e+00,5.27949467e-03,6.36513118e-03
8.90000000e+00,5.39550050e-03,6.43553413e-03
8.95000000e+00,5.52193685e-03,6.50671579e-03
9.00000000e+00,5.65858426e-03,6.57868477e-03
9.05000000e+00,5.80517494e-03,6.65144977e-03
9.10000000e+00,5.96139483e-03,6.72501961e-03
9.15000000e+00,6.12688582e-03,6.79940319e-03
9.20000000e+00,6.30124736e-03,6.87460950e-03
9.25000000e+00,6.48403863e-03,6.95064765e-03
9.30000000e+00,6.67478091e-03,7.02752683e-03
9.35000000e+00,6.87296029e-03,7.10525636e-03
9.40000000e+00,7.07803053e-03,7.18384562e-03
9.45000000e+00,7.28941586e-03,7.26330415e-03
9.50000000e+00,7.50651337e-03,7.34364154e-03
9.55000000e+00,7.72869559e-03,7.42486752e-03
9.60000000e+00,7.95531439e-03,7.50699192e-03
9.65000000e+00,8.18570470e-03,7.59002467e-03
9.70000000e+00,8.41918831e-03,7.67397583e-03
9.75000000e+00,8.65507782e-03,7.75885554e-03
9.80000000e+00,8.89268034e-03,7.84467409e-03
9.85000000e+00,9.13130090e-03,7.93144186e-03
9.90000000e+00,9.37024554e-03,8.01916933e-03
9.95000000e+00,9.60882485e-03,8.10786714e-03
1.00000000e+01,9.84635819e-03,8.19754601e-03
1.00500000e+01,1.00821770e-02,8.28821679e-03
1.01000000e+01,1.03156282e-02,8.37989045e-03
1.01500000e+01,1.05460782e-02,8.47257810e-03
1.02000000e+01,1.07729173e-02,8.56629093e-03
1.02500000e+01,1.09955613e-02,8.66104030e-03
1.03000000e+01,1.12134548e-02,8.75683766e-03
1.03500000e+01,1.14260745e-02,8.85369461e-03
1.04000000e+01,1.16329317e-02,8.95162287e-03
1.04500000e+01,1.18335747e-02,9.05063428e-03
1.05000000e+01,1.20275920e-02,9.15074084e-03
1.05500000e+01,1.22146149e-02,9.25195464e-03
1.06000000e+01,1.23943191e-02,9.35428795e-03
1.06500000e+01,1.25664262e-02,9.45775313e-03
1.07000000e+01,1.27307045e-02,9.56236271e-03
1.07500000e+01,1.28869703e-02,9.66812935e-03
1.08000000e+01,1.30350888e-02,9.77506585e-03
1.08500000e+01,1.31749760e-02,9.88318514e-03
1.09000000e+01,1.33065988e-02,9.99250030e-03
1.09500000e+01,1.34299751e-02,1.01030246e-02
1.10000000e+01,1.35451743e-02,1.02147713e-02
1.10500000e+01,1.36523176e-02,1.03277541e-02
1.11000000e+01,1.37515771e-02,1.04419865e-02
1.11500000e+01,1.38431749e-02,1.05574824e-02
1.12000000e+01,1.39273819e-02,1.06742558e-02
1.12500000e+01,1.40045147e-02,1.07923208e-02
1.13000000e+01,1.40749345e-02,1.09116916e-02
1.13500000e+01,1.41390453e-02,1.10323828e-02
1.14000000e+01,1.41972929e-02,1.11544090e-02
1.14500000e+01,1.42501634e-02,1.12777848e-02
1.15000000e+01,1.42981796e-02,1.14025252e-02
1.15500000e+01,1.43418989e-02,1.15286454e-02
1.16000000e+01,1.43819101e-02,1.16561605e-02
1.16500000e+01,1.44188305e-02,1.17850861e-02
1.17000000e+01,1.44533030e-02,1.19154377e-02
1.17500000e+01,1.44859928e-02,1.20472310e-02
1.18000000e+01,1.45175850e-02,1.21804821e-02
1.18500000e+01,1.45487802e-02,1.23152070e-02
1.19000000e+01,1.45802912e-02,1.24514221e-02
1.19500000e+01,1.46128395e-02,1.25891438e-02
1.20000000e+01,1.46471520e-02,1.27283889e-02
1.20500000e+01,1.46839574e-02,1.28691740e-02
1.21000000e+01,1.47239820e-02,1.30115164e-02
1.21500000e+01,1.47679459e-02,1.31554332e-02
1.22000000e+01,1.48165591e-02,1.33009418e-02
1.22500000e+01,1.48705175e-02,1.34480598e-02
1.23000000e+01,1.49305004e-02,1.35968050e-02
1.23500000e+01,1.49971665e-02,1.37471955e-02
1.24000000e+01,1.50711509e-02,1.38992494e-02
1.24500000e+01,1.51530620e-02,1.40529852e-02
1.25000000e+01,1.52434778e-02,1.42084214e-02
1.25500000e+01,1.53429422e-02,1.43655768e-02
1.26000000e+01,1.54519634e-02,1.45244704e-02
1.26500000e+01,1.55710123e-02,1.46851216e-02
1.27000000e+01,1.57005199e-02,1.48475496e-02
1.27500000e+01,1.58408739e-02,1.50117742e-02
1.28000000e+01,1.59924180e-02,1.51778153e-02
1.28500000e+01,1.61554505e-02,1.53456929e-02
1.29000000e+01,1.63302228e-02,1.55154274e-02
1.29500000e+01,1.65169376e-02,1.56870392e-02
1.30000000e+01,1.67157485e-02,1.58605492e-02
1.30500000e+01,1.69267595e-02,1.60359783e-02
1.31000000e+01,1.71500245e-02,1.62133478e-02
1.31500000e+01,1.73855465e-02,1.63926792e-02
1.32000000e+01,1.76332778e-02,1.65739940e-02
1.32500000e+01,1.78931199e-02,1.67573144e-02
1.33000000e+01,1.81649253e-02,1.69426624e-02
1.33500000e+01,1.84484990e-02,1.71300605e-02
1.34000000e+01,1.87436000e-02,1.73195313e-02
1.34500000e+01,1.90499416e-02,1.75110978e-02
1.35000000e+01,1.93671925e-02,1.77047832e-02
1.35500000e+01,1.96949782e-02,1.79006109e-02
1.36000000e+01,2.00328838e-02,1.80986046e-02
1.36500000e+01,2.03804556e-02,1.82987883e-02
1.37000000e+01,2.07372058e-02,1.85011861e-02
1.37500000e+01,2.11026150e-02,1.87058226e-02
1.38000000e+01,2.14761336e-02,1.89127225e-02
1.38500000e+01,2.18571852e-02,1.91219108e-02
1.39000000e+01,2.22451696e-02,1.93334130e-02
1.39500000e+01,2.26394660e-02,1.95472545e-02
1.40000000e+01,2.30394361e-02,1.97634613e-02
1.40500000e+01,2.34444275e-02,1.99820594e-02
1.41000000e+01,2.38537785e-02,2.02030754e-02
1.41500000e+01,2.42668218e-02,2.04265360e-02
1.42000000e+01,2.46828880e-02,2.06524683e-02
1.42500000e+01,2.51013088e-02,2.08808995e-02
1.43000000e+01,2.55214211e-02,2.11118573e-02
1.43500000e+01,2.59425698e-02,2.13453697e-02
1.44000000e+01,2.63641118e-02,2.15814649e-02
1.44500000e+01,2.67854190e-02,2.18201715e-02
1.45000000e+01,2.72058818e-02,2.20615184e-02
1.45500000e+01,2.76249135e-02,2.23055347e-02
1.46000000e+01,2.80419533e-02,2.25522501e-02
1.46500000e+01,2.84564687e-02,2.28016942e-02
1.47000000e+01,2.88679583e-02,2.30538975e-02
1.47500000e+01,2.92759541e-02,2.33088902e-02
1.48000000e+01,2.96800241e-02,2.35667034e-02
1.48500000e+01,3.00797745e-02,2.38273681e-02
1.49000000e+01,3.04748513e-02,2.40909160e-02
1.49500000e+01,3.08649440e-02,2.43573790e-02
1.50000000e+01,3.12497878e-02,2.46267892e-02
1.50500000e+01,3.16291660e-02,2.48991793e-02
1.51000000e+01,3.20029103e-02,2.51745822e-02
1.51500000e+01,3.23709005e-02,2.54530312e-02
1.52000000e+01,3.27330654e-02,2.57345602e-02
1.52500000e+01,3.30893828e-02,2.60192030e-02
1.53000000e+01,3.34398812e-02,2.63069942e-02
1.53500000e+01,3.37846392e-02,2.65979685e-02
1.54000000e+01,3.41237846e-02,2.68921613e-02
1.54500000e+01,3.44574946e-02,2.71896080e-02
1.55000000e+01,3.47859954e-02,2.74903447e-02
1.55500000e+01,3.51095623e-02,2.77944078e-02
1.56000000e+01,3.54285178e-02,2.81018340e-02
1.56500000e+01,3.57432300e-02,2.84126606e-02
1.57000000e+01,3.60541105e-02,2.87269252e-02
1.57500000e+01,3.63616127e-02,2.90446657e-02
1.58000000e+01,3.66662289e-02,2.93659207e-02
1.58500000e+01,3.69684871e-02,2.96907290e-02
1.59000000e+01,3.72689487e-02,3.00191299e-02
1.59500000e+01,3.75682064e-02,3.03511632e-02
1.60000000e+01,3.78668813e-02,3.06868690e-02
1.60500000e+01,3.81656204e-02,3.10262879e-02
1.61000000e+01,3.84650932e-02,3.13694611e-02
1.61500000e+01,3.87659884e-02,3.17164300e-02
1.62000000e+01,3.90690114e-02,3.20672366e-02
1.62500000e+01,3.93748805e-02,3.24219234e-02
1.63000000e+01,3.96843214e-02,3.27805333e-02
1.63500000e+01,3.99980633e-02,3.31431097e-02
1.64000000e+01,4.03168359e-02,3.35096964e-02
1.64500000e+01,4.06413654e-02,3.38803379e-02
1.65000000e+01,4.09723711e-02,3.42550789e-02
1.65500000e+01,4.13105636e-02,3.46339648e-02
1.66000000e+01,4.16566405e-02,3.50170415e-02
1.66500000e+01,4.20112832e-02,3.54043552e-02
1.67000000e+01,4.23751517e-02,3.57959530e-02
1.67500000e+01,4.27488835e-02,3.61918821e-02
1.68000000e+01,4.31330905e-02,3.65921905e-02
1.68500000e+01,4.35283550e-02,3.69969265e-02
1.69000000e+01,4.39352264e-02,3.74061392e-02
1.69500000e+01,4.43542178e-02,3.78198782e-02
1.70000000e+01,4.47858036e-02,3.82381933e-02
1.70500000e+01,4.52304178e-02,3.86611354e-02
1.71000000e+01,4.56884527e-02,3.90887555e-02
1.71500000e+01,4.61602572e-02,3.95211054e-02
1.72000000e+01,4.66461329e-02,3.99582373e-02
1.72500000e+01,4.71463329e-02,4.04002043e-02
1.73000000e+01,4.76610617e-02,4.08470598e-02
1.73500000e+01,4.81904737e-02,4.12988577e-02
1.74000000e+01,4.87346745e-02,4.17556529e-02
1.74500000e+01,4.92937204e-02,4.22175006e-02
1.75000000e+01,4.98676185e-02,4.26844567e-02
1.75500000e+01,5.04563251e-02,4.31565776e-02
1.76000000e+01,5.10597452e-02,4.36339205e-02
1.76500000e+01,5.16777342e-02,4.41165432e-02
1.77000000e+01,5.23100999e-02,4.46045041e-02
1.77500000e+01,5.29566039e-02,4.50978621e-02
1.78000000e+01,5.36169606e-02,4.55966770e-02
1.78500000e+01,5.42908392e-02,4.61010092e-02
1.79000000e+01,5.49778660e-02,4.66109197e-02
1.79500000e+01,5.56776274e-02,4.71264701e-02
1.80000000e+01,5.63896718e-02,4.76477230e-02
1.80500000e+01,5.71135112e-02,4.81747412e-02
1.81000000e+01,5.78486235e-02,4.87075886e-02
1.81500000e+01,5.85944552e-02,4.92463297e-02
1.82000000e+01,5.93504258e-02,4.97910297e-02
1.82500000e+01,6.01159310e-02,5.03417545e-02
1.83000000e+01,6.08903451e-02,5.08985707e-02
1.83500000e+01,6.16730233e-02,5.14615456e-02
1.84000000e+01,6.24633058e-02,5.20307475e-02
1.84500000e+01,6.32605209e-02,5.26062452e-02
1.85000000e+01,6.40639897e-02,5.31881082e-02
1.85500000e+01,6.48730305e-02,5.37764071e-02
1.86000000e+01,6.56869618e-02,5.43712131e-02
1.86500000e+01,6.65051048e-02,5.49725980e-02
1.87000000e+01,6.73267871e-02,5.55806346e-02
1.87500000e+01,6.81513461e-02,5.61953966e-02
1.88000000e+01,6.89781325e-02,5.68169583e-02
1.88500000e+01,6.98065133e-02,5.74453949e-02
1.89000000e+01,7.06358759e-02,5.80807824e-02
1.89500000e+01,7.14656310e-02,5.87231978e-02
1.90000000e+01,7.22952159e-02,5.93727188e-02
1.90500000e+01,7.31240965e-02,6.00294240e-02
1.91000000e+01,7.39517705e-02,6.06933928e-02
1.91500000e+01,7.47777712e-02,6.13647056e-02
1.92000000e+01,7.56016695e-02,6.20434435e-02
1.92500000e+01,7.64230752e-02,6.27296889e-02
1.93000000e+01,7.72416389e-02,6.34235245e-02
1.93500000e+01,7.80570524e-02,6.41250345e-02
1.94000000e+01,7.88690510e-02,6.48343037e-02
1.94500000e+01,7.96774153e-02,6.55514180e-02
1.95000000e+01,8.04819728e-02,6.62764640e-02
1.95500000e+01,8.12825980e-02,6.70095296e-02
1.96000000e+01,8.20792147e-02,6.77507034e-02
1.96500000e+01,8.28717964e-02,6.85000751e-02
1.97000000e+01,8.36603659e-02,6.92577354e-02
1.97500000e+01,8.44449942e-02,7.00237760e-02
1.98000000e+01,8.52257986e-02,7.07982896e-02
1.98500000e+01,8.60029419e-02,7.15813698e-02
1.99000000e+01,8.67766319e-02,7.23731115e-02
1.99500000e+01,8.75471202e-02,7.31736104e-02
2.00000000e+01,8.83147012e-02,7.39829634e-02
2.00500000e+01,8.90797107e-02,7.48012684e-02
2.01000000e+01,8.98425234e-02,7.56286245e-02
2.01500000e+01,9.06035517e-02,7.64651317e-02
2.02000000e+01,9.13632425e-02,7.73108913e-02
2.02500000e+01,9.21220725e-02,7.81660056e-02
2.03000000e+01,9.28805461e-02,7.90305781e-02
2.03500000e+01,9.36391935e-02,7.99047134e-02
2.04000000e+01,9.43985690e-02,8.07885172e-02
2.04500000e+01,9.51592479e-02,8.16820966e-02
2.05000000e+01,9.59218224e-02,8.25855596e-02
2.05500000e+01,9.66868971e-02,8.34990156e-02
2.06000000e+01,9.74550849e-02,8.44225750e-02
2.06500000e+01,9.82270033e-02,8.53563497e-02
2.07000000e+01,9.90032713e-02,8.63004526e-02
2.07500000e+01,9.97845048e-02,8.72549979e-02
2.08000000e+01,1.00571314e-01,8.82201012e-02
2.08500000e+01,1.01364301e-01,8.91958793e-02
2.09000000e+01,1.02164056e-01,9.01824501e-02
2.09500000e+01,1.02971151e-01,9.11799332e-02
2.10000000e+01,1.03786142e-01,9.21884491e-02
2.10500000e+01,1.04609563e-01,9.32081200e-02
2.11000000e+01,1.05441917e-01,9.42390691e-02
2.11500000e+01,1.06283677e-01,9.52814213e-02
2.12000000e+01,1.07135283e-01,9.63353027e-02
2.12500000e+01,1.07997140e-01,9.74008407e-02
2.13000000e+01,1.08869616e-01,9.84781644e-02
2.13500000e+01,1.09753035e-01,9.95674040e-02
2.14000000e+01,1.10647682e-01,1.00668691e-01
2.14500000e+01,1.11553793e-01,1.01782160e-01
2.15000000e+01,1.12471562e-01,1.02907944e-01
2.15500000e+01,1.13401130e-01,1.04046180e-01
2.16000000e+01,1.14342590e-01,1.05197006e-01
2.16500000e+01,1.15295981e-01,1.06360561e-01
2.17000000e+01,1.16261288e-01,1.07536986e-01
2.17500000e+01,1.17238445e-01,1.08726423e-01
2.18000000e+01,1.18227337e-01,1.09929015e-01
2.18500000e+01,1.19227791e-01,1.11144910e-01
2.19000000e+01,1.20239582e-01,1.12374253e-01
2.19500000e+01,1.21262432e-01,1.13617193e-01
2.20000000e+01,1.22296011e-01,1.14873881e-01
2.20500000e+01,1.23339934e-01,1.16144469e-01
2.21000000e+01,1.24393769e-01,1.17429111e-01
2.21500000e+01,1.25457032e-01,1.18727962e-01
2.22000000e+01,1.26529194e-01,1.20041179e-01
2.22500000e+01,1.27609681e-01,1.21368921e-01
2.23000000e+01,1.28697876e-01,1.22711349e-01
2.23500000e+01,1.29793119e-01,1.24068625e-01
2.24000000e+01,1.30894712e-01,1.25440914e-01
2.24500000e+01,1.32001922e-01,1.26828381e-01
2.25000000e+01,1.33113982e-01,1.28231195e-01
2.25500000e+01,1.34230095e-01,1.29649524e-01
2.26000000e+01,1.35349435e-01,1.31083542e-01
2.26500000e+01,1.36471152e-01,1.32533420e-01
2.27000000e+01,1.37594377e-01,1.33999336e-01
2.27500000e+01,1.38718225e-01,1.35481465e-01
2.28000000e+01,1.39841796e-01,1.36979988e-01
2.28500000e+01,1.40964184e-01,1.38495086e-01
2.29000000e+01,1.42084471e-01,1.40026941e-01
2.29500000e+01,1.43201742e-01,1.41575740e-01
2.30000000e+01,1.44315079e-01,1.43141670e-01
2.30500000e+01,1.45423576e-01,1.44724921e-01
2.31000000e+01,1.46526335e-01,1.46325683e-01
2.31500000e+01,1.47622472e-01,1.47944151e-01
2.32000000e+01,1.48711118e-01,1.49580520e-01
2.32500000e+01,1.49791425e-01,1.51234988e-01
2.33000000e+01,1.50862564e-01,1.52907757e-01
2.33500000e+01,1.51923738e-01,1.54599027e-01
2.34000000e+01,1.52974182e-01,1.56309004e-01
2.34500000e+01,1.54013163e-01,1.58037894e-01
2.35000000e+01,1.55039987e-01,1.59785908e-01
2.35500000e+01,1.56053994e-01,1.61553255e-01
2.36000000e+01,1.57054567e-01,1.63340151e-01
2.36500000e+01,1.58041131e-01,1.65146811e-01
2.37000000e+01,1.59013160e-01,1.66973454e-01
2.37500000e+01,1.59970173e-01,1.68820301e-01
2.38000000e+01,1.60911739e-01,1.70687576e-01
2.38500000e+01,1.61837476e-01,1.72575503e-01
2.39000000e+01,1.62747057e-01,1.74484313e-01
2.39500000e+01,1.63640205e-01,1.76414236e-01
2.40000000e+01,1.64516695e-01,1.78365505e-01
2.40500000e+01,1.65376354e-01,1.80338356e-01
2.41000000e+01,1.66219062e-01,1.82333029e-01
2.41500000e+01,1.67044754e-01,1.84349764e-01
2.42000000e+01,1.67853415e-01,1.86388805e-01
2.42500000e+01,1.68645086e-01,1.88450400e-01
2.43000000e+01,1.69419851e-01,1.90534798e-01
2.43500000e+01,1.70177842e-01,1.92642250e-01
2.44000000e+01,1.70919238e-01,1.94773012e-01
2.44500000e+01,1.71644267e-01,1.96927343e-01
2.45000000e+01,1.72353201e-01,1.99105501e-01
2.45500000e+01,1.73046353e-01,2.01307752e-01
2.46000000e+01,1.73724070e-01,2.03534361e-01
2.46500000e+01,1.74386740e-01,2.05785598e-01
2.47000000e+01,1.75034779e-01,2.08061736e-01
2.47500000e+01,1.75668639e-01,2.10363049e-01
2.48000000e+01,1.76288799e-01,2.12689816e-01
2.48500000e+01,1.76895763e-01,2.15042319e-01
2.49000000e+01,1.77490047e-01,2.17420843e-01
2.49500000e+01,1.78072183e-01,2.19825674e-01
2.50000000e+01,1.78642721e-01,2.22257105e-01
2.50500000e+01,1.79202220e-01,2.24715429e-01
2.51000000e+01,1.79751244e-01,2.27200944e-01
2.51500000e+01,1.80290359e-01,2.29713951e-01
2.52000000e+01,1.80820132e-01,2.32254753e-01
2.52500000e+01,1.81341130e-01,2.34823658e-01
2.53000000e+01,1.81853906e-01,2.37420978e-01
2.53500000e+01,1.82359008e-01,2.40047025e-01
2.54000000e+01,1.82856967e-01,2.42702119e-01
2.54500000e+01,1.83348296e-01,2.45386579e-01
2.55000000e+01,1.83833490e-01,2.48100732e-01
2.55500000e+01,1.84313023e-01,2.50844906e-01
2.56000000e+01,1.84787340e-01,2.53619431e-01
2.56500000e+01,1.85256855e-01,2.56424646e-01
2.57000000e+01,1.85721953e-01,2.59260887e-01
2.57500000e+01,1.86182981e-01,2.62128500e-01
2.58000000e+01,1.86640253e-01,2.65027831e-01
2.58500000e+01,1.87094043e-01,2.67959230e-01
2.59000000e+01,1.87544583e-01,2.70923053e-01
2.59500000e+01,1.87992064e-01,2.73919657e-01
2.60000000e+01,1.88436631e-01,2.76949407e-01
2.60500000e+01,1.88878390e-01,2.80012667e-01
2.61000000e+01,1.89317401e-01,2.83109810e-01
2.61500000e+01,1.89753681e-01,2.86241209e-01
2.62000000e+01,1.90187203e-01,2.89407243e-01
2.62500000e+01,1.90617895e-01,2.92608296e-01
2.63000000e+01,1.91045639e-01,2.95844755e-01
2.63500000e+01,1.91470275e-01,2.99117012e-01
2.64000000e+01,1.91891595e-01,3.02425462e-01
2.64500000e+01,1.92309350e-01,3.05770507e-01
2.65000000e+01,1.92723250e-01,3.09152549e-01
2.65500000e+01,1.93132967e-01,3.12572000e-01
2.66000000e+01,1.93538132e-01,3.16029272e-01
2.66500000e+01,1.93938342e-01,3.19524784e-01
2.67000000e+01,1.94333161e-01,3.23058959e-01
2.67500000e+01,1.94722124e-01,3.26632224e-01
2.68000000e+01,1.95104734e-01,3.30245013e-01
2.68500000e+01,1.95480470e-01,3.33897761e-01
2.69000000e+01,1.95848785e-01,3.37590912e-01
2.69500000e+01,1.96209113e-01,3.41324911e-01
2.70000000e+01,1.96560873e-01,3.45100211e-01
2.70500000e+01,1.96903472e-01,3.48917269e-01
2.71000000e+01,1.97236307e-01,3.52776546e-01
2.71500000e+01,1.97558770e-01,3.56678509e-01
2.72000000e+01,1.97870247e-01,3.60623631e-01
2.72500000e+01,1.98170129e-01,3.64612389e-01
2.73000000e+01,1.98457811e-01,3.68645266e-01
2.73500000e+01,1.98732693e-01,3.72722749e-01
2.74000000e+01,1.98994189e-01,3.76845331e-01
2.74500000e+01,1.99241728e-01,3.81013513e-01
2.75000000e+01,1.99474757e-01,3.85227798e-01
2.75500000e+01,1.99692747e-01,3.89488696e-01
2.76000000e+01,1.99895191e-01,3.93796722e-01
2.76500000e+01,2.00081616e-01,3.98152398e-01
2.77000000e+01,2.00251579e-01,4.02556251e-01
2.77500000e+01,2.00404672e-01,4.07008814e-01
2.78000000e+01,2.00540521e-01,4.11510626e-01
2.78500000e+01,2.00658795e-01,4.16062231e-01
2.79000000e+01,2.00759205e-01,4.20664180e-01
2.79500000e+01,2.00841506e-01,4.25317029e-01
2.80000000e+01,2.00905503e-01,4.30021343e-01
2.80500000e+01,2.00951051e-01,4.34777690e-01
2.81000000e+01,2.00978054e-01,4.39586645e-01
2.81500000e+01,2.00986465e-01,4.44448791e-01
2.82000000e+01,2.00976295e-01,4.49364716e-01
2.82500000e+01,2.00947607e-01,4.54335014e-01
2.83000000e+01,2.00900521e-01,4.59360287e-01
2.83500000e+01,2.00835208e-01,4.64441144e-01
2.84000000e+01,2.00751890e-01,4.69578199e-01
2.84500000e+01,2.00650846e-01,4.74772073e-01
2.85000000e+01,2.00532412e-01,4.80023395e-01
2.85500000e+01,2.00396973e-01,4.85332800e-01
2.86000000e+01,2.00244964e-01,4.90700932e-01
2.86500000e+01,2.00076868e-01,4.96128439e-01
2.87000000e+01,1.99893218e-01,5.01615978e-01
2.87500000e+01,1.99694598e-01,5.07164213e-01
2.88000000e+01,1.99481636e-01,5.12773815e-01
2.88500000e+01,1.99255001e-01,5.18445464e-01
2.89000000e+01,1.99015406e-01,5.24179845e-01
2.89500000e+01,1.98763599e-01,5.29977653e-01
2.90000000e+01,1.98500361e-01,5.35839589e-01
2.90500000e+01,1.98226506e-01,5.41766362e-01
2.91000000e+01,1.97942878e-01,5.47758689e-01
2.91500000e+01,1.97650341e-01,5.53817296e-01
2.92000000e+01,1.97349781e-01,5.59942916e-01
2.92500000e+01,1.97042099e-01,5.66136289e-01
2.93000000e+01,1.96728214e-01,5.72398165e-01
2.93500000e+01,1.96409053e-01,5.78729302e-01
2.94000000e+01,1.96085550e-01,5.85130466e-01
2.94500000e+01,1.95758639e-01,5.91602432e-01
2.95000000e+01,1.95429254e-01,5.98145982e-01
2.95500000e+01,1.95098320e-01,6.04761909e-01
2.96000000e+01,1.94766753e-01,6.11451013e-01
2.96500000e+01,1.94435455e-01,6.18214103e-01
2.97000000e+01,1.94105309e-01,6.25051997e-01
2.97500000e+01,1.93777179e-01,6.31965524e-01
2.98000000e+01,1.93451899e-01,6.38955519e-01
2.98500000e+01,1.93130276e-01,6.46022829e-01
2.99000000e+01,1.92813083e-01,6.53168308e-01
2.99500000e+01,1.92501060e-01,6.60392821e-01
3.00000000e+01,1.92194905e-01,6.67697243e-01
3.00500000e+01,1.91895275e-01,6.75082457e-01
3.01000000e+01,1.91602782e-01,6.82549357e-01
3.01500000e+01,1.91317989e-01,6.90098846e-01
3.02000000e+01,1.91041407e-01,6.97731838e-01
3.02500000e+01,1.90773498e-01,7.05449256e-01
3.03000000e+01,1.90514670e-01,7.13252034e-01
3.03500000e+01,1.90265272e-01,7.21141117e-01
3.04000000e+01,1.90025597e-01,7.29117459e-01
3.04500000e+01,1.89795882e-01,7.37182024e-01
3.05000000e+01,1.89576308e-01,7.45335790e-01
3.05500000e+01,1.89366993e-01,7.53579743e-01
3.06000000e+01,1.89167993e-01,7.61914879e-01
3.06500000e+01,1.88979305e-01,7.70342208e-01
3.07000000e+01,1.88800863e-01,7.78862749e-01
3.07500000e+01,1.88632543e-01,7.87477534e-01
3.08000000e+01,1.88474166e-01,7.96187604e-01
3.08500000e+01,1.88325495e-01,8.04994015e-01
3.09000000e+01,1.88186239e-01,8.13897830e-01
3.09500000e+01,1.88056049e-01,8.22900128e-01
3.10000000e+01,1.87934524e-01,8.32001998e-01
3.10500000e+01,1.87821213e-01,8.41204541e-01
3.11000000e+01,1.87715619e-01,8.50508871e-01
3.11500000e+01,1.87617203e-01,8.59916113e-01
3.12000000e+01,1.87525379e-01,8.69427407e-01
3.12500000e+01,1.87439526e-01,8.79043902e-01
3.13000000e+01,1.87358989e-01,8.88766763e-01
3.13500000e+01,1.87283079e-01,8.98597165e-01
3.14000000e+01,1.87211082e-01,9.08536299e-01
3.14500000e+01,1.87142255e-01,9.18585367e-01
3.15000000e+01,1.87075836e-01,9.28745585e-01
3.15500000e+01,1.87011046e-01,9.39018182e-01
3.16000000e+01,1.86947092e-01,9.49404401e-01
3.16500000e+01,1.86883177e-01,9.59905500e-01
3.17000000e+01,1.86818496e-01,9.70522748e-01
3.17500000e+01,1.86752247e-01,9.81257431e-01
3.18000000e+01,1.86683627e-01,9.92110847e-01
3.18500000e+01,1.86611849e-01,1.00308431e+00
3.19000000e+01,1.86536136e-01,1.01417915e+00
3.19500000e+01,1.86455725e-01,1.02539670e+00
3.20000000e+01,1.86369877e-01,1.03673833e+00
3.20500000e+01,1.86277875e-01,1.04820540e+00
3.21000000e+01,1.86179031e-01,1.05979931e+00
3.21500000e+01,1.86072689e-01,1.07152146e+00
3.22000000e+01,1.85958229e-01,1.08337326e+00
3.22500000e+01,1.85835072e-01,1.09535615e+00
3.23000000e+01,1.85702675e-01,1.10747158e+00
3.23500000e+01,1.85560543e-01,1.11972102e+00
3.24000000e+01,1.85408225e-01,1.13210594e+00
3.24500000e+01,1.85245319e-01,1.14462785e+00
3.25000000e+01,1.85071477e-01,1.15728826e+00
3.25500000e+01,1.84886404e-01,1.17008871e+00
3.26000000e+01,1.84689858e-01,1.18303073e+00
3.26500000e+01,1.84481653e-01,1.19611591e+00
3.27000000e+01,1.84261658e-01,1.20934581e+00
3.27500000e+01,1.84029802e-01,1.22272205e+00
3.28000000e+01,1.83786073e-01,1.23624624e+00
3.28500000e+01,1.83530515e-01,1.24992002e+00
3.29000000e+01,1.83263236e-01,1.26374504e+00
3.29500000e+01,1.82984400e-01,1.27772297e+00
3.30000000e+01,1.82694227e-01,1.29185551e+00
3.30500000e+01,1.82392997e-01,1.30614436e+00
3.31000000e+01,1.82081045e-01,1.32059126e+00
3.31500000e+01,1.81758761e-01,1.33519796e+00
3.32000000e+01,1.81426587e-01,1.34996621e+00
3.32500000e+01,1.81085014e-01,1.36489781e+00
3.33000000e+01,1.80734579e-01,1.37999457e+00
3.33500000e+01,1.80375860e-01,1.39525831e+00
3.34000000e+01,1.80009478e-01,1.41069087e+00
3.34500000e+01,1.79636092e-01,1.42629413e+00
3.35000000e+01,1.79256395e-01,1.44206997e+00
3.35500000e+01,1.78871111e-01,1.45802031e+00
3.36000000e+01,1.78480998e-01,1.47414707e+00
3.36500000e+01,1.78086840e-01,1.49045220e+00
3.37000000e+01,1.77689434e-01,1.50693768e+00
3.37500000e+01,1.77289595e-01,1.52360550e+00
3.38000000e+01,1.76888148e-01,1.54045767e+00
3.38500000e+01,1.76485925e-01,1.55749625e+00
3.39000000e+01,1.76083766e-01,1.57472328e+00
3.39500000e+01,1.75682509e-01,1.59214086e+00
3.40000000e+01,1.75282989e-01,1.60975109e+00
3.40500000e+01,1.74886031e-01,1.62755610e+00
3.41000000e+01,1.74492448e-01,1.64555804e+00
3.41500000e+01,1.74103033e-01,1.66375910e+00
3.42000000e+01,1.73718557e-01,1.68216148e+00
3.42500000e+01,1.73339764e-01,1.70076740e+00
3.43000000e+01,1.72967373e-01,1.71957912e+00
3.43500000e+01,1.72602068e-01,1.73859891e+00
3.44000000e+01,1.72244496e-01,1.75782907e+00
3.44500000e+01,1.71895264e-01,1.77727193e+00
3.45000000e+01,1.71554938e-01,1.79692984e+00
3.45500000e+01,1.71224040e-01,1.81680518e+00
3.46000000e+01,1.70903041e-01,1.83690036e+00
3.46500000e+01,1.70592361e-01,1.85721780e+00
3.47000000e+01,1.70292366e-01,1.87775997e+00
3.47500000e+01,1.70003366e-01,1.89852936e+00
3.48000000e+01,1.69725617e-01,1.91952846e+00
3.48500000e+01,1.69459315e-01,1.94075983e+00
3.49000000e+01,1.69204601e-01,1.96222604e+00
3.49500000e+01,1.68961554e-01,1.98392968e+00
3.50000000e+01,1.68730195e-01,2.00587337e+00
3.50500000e+01,1.68510485e-01,2.02805978e+00
3.51000000e+01,1.68302329e-01,2.05049159e+00
3.51500000e+01,1.68105572e-01,2.07317151e+00
3.52000000e+01,1.67920001e-01,2.09610228e+00
3.52500000e+01,1.67745347e-01,2.11928669e+00
3.53000000e+01,1.67581286e-01,2.14272753e+00
3.53500000e+01,1.67427441e-01,2.16642764e+00
3.54000000e+01,1.67283388e-01,2.19038990e+00
3.54500000e+01,1.67148653e-01,2.21461719e+00
3.55000000e+01,1.67022714e-01,2.23911246e+00
3.55500000e+01,1.66905009e-01,2.26387866e+00
3.56000000e+01,1.66794933e-01,2.28891879e+00
3.56500000e+01,1.66691844e-01,2.31423589e+00
3.57000000e+01,1.66595064e-01,2.33983301e+00
3.57500000e+01,1.66503889e-01,2.36571325e+00
3.58000000e+01,1.66417588e-01,2.39187975e+00
3.58500000e+01,1.66335408e-01,2.41833567e+00
3.59000000e+01,1.66256580e-01,2.44508421e+00
3.59500000e+01,1.66180321e-01,2.47212861e+00
3.60000000e+01,1.66105838e-01,2.49947213e+00
3.60500000e+01,1.66032334e-01,2.52711810e+00
3.61000000e+01,1.65959005e-01,2.55506985e+00
3.61500000e+01,1.65885053e-01,2.58333077e+00
3.62000000e+01,1.65809690e-01,2.61190428e+00
3.62500000e+01,1.65732137e-01,2.64079382e+00
3.63000000e+01,1.65651633e-01,2.67000291e+00
3.63500000e+01,1.65567435e-01,2.69953507e+00
3.64000000e+01,1.65478825e-01,2.72939388e+00
3.64500000e+01,1.65385106e-01,2.75958295e+00
3.65000000e+01,1.65285618e-01,2.79010593e+00
3.65500000e+01,1.65179737e-01,2.82096652e+00
3.66000000e+01,1.65066877e-01,2.85216845e+00
3.66500000e+01,1.64946497e-01,2.88371549e+00
3.67000000e+01,1.64818097e-01,2.91561147e+00
3.67500000e+01,1.64681225e-01,2.94786023e+00
3.68000000e+01,1.64535475e-01,2.98046570e+00
3.68500000e+01,1.64380496e-01,3.01343180e+00
3.69000000e+01,1.64215992e-01,3.04676254e+00
3.69500000e+01,1.64041725e-01,3.08046193e+00
3.70000000e+01,1.63857512e-01,3.11453406e+00
3.70500000e+01,1.63663229e-01,3.14898306e+00
3.71000000e+01,1.63458807e-01,3.18381309e+00
3.71500000e+01,1.63244240e-01,3.21902836e+00
3.72000000e+01,1.63019581e-01,3.25463314e+00
3.72500000e+01,1.62784946e-01,3.29063173e+00
3.73000000e+01,1.62540511e-01,3.32702850e+00
3.73500000e+01,1.62286511e-01,3.36382784e+00
3.74000000e+01,1.62023237e-01,3.40103420e+00
3.74500000e+01,1.61751034e-01,3.43865210e+00
3.75000000e+01,1.61470301e-01,3.47668608e+00
3.75500000e+01,1.61181493e-01,3.51514074e+00
3.76000000e+01,1.60885118e-01,3.55402073e+00
3.76500000e+01,1.60581734e-01,3.59333077e+00
3.77000000e+01,1.60271946e-01,3.63307560e+00
3.77500000e+01,1.59956404e-01,3.67326004e+00
3.78000000e+01,1.59635795e-01,3.71388895e+00
3.78500000e+01,1.59310836e-01,3.75496725e+00
3.79000000e+01,1.58982279e-01,3.79649990e+00
3.79500000e+01,1.58650905e-01,3.83849193e+00
3.80000000e+01,1.58317526e-01,3.88094842e+00
3.80500000e+01,1.57982974e-01,3.92387452e+00
3.81000000e+01,1.57648099e-01,3.96727540e+00
3.81500000e+01,1.57313764e-01,4.01115634e+00
3.82000000e+01,1.56980839e-01,4.05552262e+00
3.82500000e+01,1.56650199e-01,4.10037963e+00
3.83000000e+01,1.56322721e-01,4.14573279e+00
3.83500000e+01,1.55999274e-01,4.19158759e+00
3.84000000e+01,1.55680725e-01,4.23794958e+00
3.84500000e+01,1.55367928e-01,4.28482437e+00
3.85000000e+01,1.55061717e-01,4.33221762e+00
3.85500000e+01,1.54762906e-01,4.38013508e+00
3.86000000e+01,1.54472287e-01,4.42858253e+00
3.86500000e+01,1.54190621e-01,4.47756586e+00
3.87000000e+01,1.53918636e-01,4.52709097e+00
3.87500000e+01,1.53657022e-01,4.57716387e+00
3.88000000e+01,1.53406428e-01,4.62779060e+00
3.88500000e+01,1.53167463e-01,4.67897731e+00
3.89000000e+01,1.52940689e-01,4.73073018e+00
3.89500000e+01,1.52726623e-01,4.78305548e+00
3.90000000e+01,1.52525731e-01,4.83595952e+00
3.90500000e+01,1.52338425e-01,4.88944873e+00
3.91000000e+01,1.52165062e-01,4.94352957e+00
3.91500000e+01,1.52005941e-01,4.99820857e+00
3.92000000e+01,1.51861305e-01,5.05349237e+00
3.92500000e+01,1.51731333e-01,5.10938765e+00
3.93000000e+01,1.51616149e-01,5.16590117e+00
3.93500000e+01,1.51515815e-01,5.22303977e+00
3.94000000e+01,1.51430334e-01,5.28081036e+00
3.94500000e+01,1.51359649e-01,5.33921994e+00
3.95000000e+01,1.51303643e-01,5.39827557e+00
3.95500000e+01,1.51262143e-01,5.45798439e+00
3.96000000e+01,1.51234920e-01,5.51835364e+00
3.96500000e+01,1.51221686e-01,5.57939062e+00
3.97000000e+01,1.51222098e-01,5.64110271e+00
3.97500000e+01,1.51235760e-01,5.70349739e+00
3.98000000e+01,1.51262225e-01,5.76658219e+00
3.98500000e+01,1.51301000e-01,5.83036475e+00
3.99000000e+01,1.51351548e-01,5.89485280e+00
3.99500000e+01,1.51413285e-01,5.96005413e+00
4.00000000e+01,1.51485595e-01,6.02597663e+00
4.00500000e+01,1.51567824e-01,6.09262829e+00
4.01000000e+01,1.51659290e-01,6.16001716e+00
4.01500000e+01,1.51759282e-01,6.22815140e+00
4.02000000e+01,1.51867062e-01,6.29703925e+00
4.02500000e+01,1.51981881e-01,6.36668906e+00
4.03000000e+01,1.52102969e-01,6.43710924e+00
4.03500000e+01,1.52229542e-01,6.50830832e+00
4.04000000e+01,1.52360811e-01,6.58029491e+00
4.04500000e+01,1.52495977e-01,6.65307772e+00
4.05000000e+01,1.52634243e-01,6.72666557e+00
4.05500000e+01,1.52774823e-01,6.80106735e+00
4.06000000e+01,1.52916938e-01,6.87629207e+00
4.06500000e+01,1.53059820e-01,6.95234883e+00
4.07000000e+01,1.53202716e-01,7.02924683e+00
4.07500000e+01,1.53344893e-01,7.10699537e+00
4.08000000e+01,1.53485650e-01,7.18560388e+00
4.08500000e+01,1.53624312e-01,7.26508185e+00
4.09000000e+01,1.53760235e-01,7.34543890e+00
4.09500000e+01,1.53892810e-01,7.42668476e+00
4.10000000e+01,1.54021467e-01,7.50882926e+00
4.10500000e+01,1.54145678e-01,7.59188234e+00
4.11000000e+01,1.54264962e-01,7.67585404e+00
4.11500000e+01,1.54378884e-01,7.76075453e+00
4.12000000e+01,1.54487058e-01,7.84659408e+00
4.12500000e+01,1.54589148e-01,7.93338308e+00
4.13000000e+01,1.54684869e-01,8.02113203e+00
4.13500000e+01,1.54773987e-01,8.10985155e+00
4.14000000e+01,1.54856323e-01,8.19955236e+00
4.14500000e+01,1.54931759e-01,8.29024534e+00
4.15000000e+01,1.55000231e-01,8.38194144e+00
4.15500000e+01,1.55061734e-01,8.47465177e+00
4.16000000e+01,1.55116316e-01,8.56838754e+00
4.16500000e+01,1.55164085e-01,8.66316009e+00
4.17000000e+01,1.55205203e-01,8.75898090e+00
4.17500000e+01,1.55239885e-01,8.85586156e+00
4.18000000e+01,1.55268401e-01,8.95381379e+00
4.18500000e+01,1.55291070e-01,9.05284944e+00
4.19000000e+01,1.55308261e-01,9.15298049e+00
4.19500000e+01,1.55320389e-01,9.25421907e+00
4.20000000e+01,1.55327913e-01,9.35657742e+00
4.20500000e+01,1.55331331e-01,9.46006792e+00
4.21000000e+01,1.55331186e-01,9.56470311e+00
4.21500000e+01,1.55328051e-01,9.67049563e+00
4.22000000e+01,1.55322535e-01,9.77745830e+00
4.22500000e+01,1.55315275e-01,9.88560406e+00
4.23000000e+01,1.55306937e-01,9.99494598e+00
4.23500000e+01,1.55298208e-01,1.01054973e+01
4.24000000e+01,1.55289800e-01,1.02172714e+01
4.24500000e+01,1.55282431e-01,1.03302818e+01
4.25000000e+01,1.55276830e-01,1.04445422e+01
4.25500000e+01,1.55273728e-01,1.05600664e+01
4.26000000e+01,1.55273861e-01,1.06768683e+01
4.26500000e+01,1.55277963e-01,1.07949622e+01
4.27000000e+01,1.55286759e-01,1.09143623e+01
4.27500000e+01,1.55300966e-01,1.10350830e+01
4.28000000e+01,1.55321287e-01,1.11571390e+01
4.28500000e+01,1.55348409e-01,1.12805450e+01
4.29000000e+01,1.55382995e-01,1.14053160e+01
4.29500000e+01,1.55425678e-01,1.15314670e+01
4.30000000e+01,1.55477060e-01,1.16590134e+01
4.30500000e+01,1.55537712e-01,1.17879705e+01
4.31000000e+01,1.55608168e-01,1.19183540e+01
4.31500000e+01,1.55688922e-01,1.20501796e+01
4.32000000e+01,1.55780425e-01,1.21834633e+01
4.32500000e+01,1.55883084e-01,1.23182212e+01
4.33000000e+01,1.55997260e-01,1.24544696e+01
4.33500000e+01,1.56123263e-01,1.25922250e+01
4.34000000e+01,1.56261348e-01,1.27315041e+01
4.34500000e+01,1.56411716e-01,1.28723238e+01
4.35000000e+01,1.56574513e-01,1.30147010e+01
4.35500000e+01,1.56749836e-01,1.31586530e+01
4.36000000e+01,1.56937720e-01,1.33041972e+01
4.36500000e+01,1.57138140e-01,1.34513512e+01
4.37000000e+01,1.57351012e-01,1.36001329e+01
4.37500000e+01,1.57576196e-01,1.37505602e+01
4.38000000e+01,1.57813497e-01,1.39026513e+01
4.38500000e+01,1.58062664e-01,1.40564247e+01
4.39000000e+01,1.58323387e-01,1.42118989e+01
4.39500000e+01,1.58595307e-01,1.43690927e+01
4.40000000e+01,1.58878011e-01,1.45280253e+01
4.40500000e+01,1.59171033e-01,1.46887158e+01
4.41000000e+01,1.59473858e-01,1.48511836e+01
4.41500000e+01,1.59785923e-01,1.50154484e+01
4.42000000e+01,1.60106620e-01,1.51815301e+01
4.42500000e+01,1.60435299e-01,1.53494488e+01
4.43000000e+01,1.60771271e-01,1.55192248e+01
4.43500000e+01,1.61113811e-01,1.56908786e+01
4.44000000e+01,1.61462160e-01,1.58644311e+01
4.44500000e+01,1.61815532e-01,1.60399031e+01
4.45000000e+01,1.62173116e-01,1.62173160e+01
4.45500000e+01,1.62534083e-01,1.63966913e+01
4.46000000e+01,1.62897582e-01,1.65780505e+01
4.46500000e+01,1.63262750e-01,1.67614157e+01
4.47000000e+01,1.63628714e-01,1.69468091e+01
4.47500000e+01,1.63994594e-01,1.71342531e+01
4.48000000e+01,1.64359512e-01,1.73237703e+01
4.48500000e+01,1.64722592e-01,1.75153837e+01
4.49000000e+01,1.65082967e-01,1.77091165e+01
4.49500000e+01,1.65439780e-01,1.79049921e+01
4.50000000e+01,1.65792192e-01,1.81030343e+01
4.50500000e+01,1.66139383e-01,1.83032669e+01
4.51000000e+01,1.66480555e-01,1.85057143e+01
4.51500000e+01,1.66814937e-01,1.87104008e+01
4.52000000e+01,1.67141791e-01,1.89173514e+01
4.52500000e+01,1.67460408e-01,1.91265909e+01
4.53000000e+01,1.67770121e-01,1.93381449e+01
4.53500000e+01,1.68070302e-01,1.95520387e+01
4.54000000e+01,1.68360371e-01,1.97682984e+01
4.54500000e+01,1.68639793e-01,1.99869500e+01
4.55000000e+01,1.68908082e-01,2.02080202e+01
4.55500000e+01,1.69164801e-01,2.04315355e+01
4.56000000e+01,1.69409564e-01,2.06575230e+01
4.56500000e+01,1.69642041e-01,2.08860101e+01
4.57000000e+01,1.69861962e-01,2.11170245e+01
4.57500000e+01,1.70069117e-01,2.13505940e+01
4.58000000e+01,1.70263354e-01,2.15867470e+01
4.58500000e+01,1.70444578e-01,2.18255120e+01
4.59000000e+01,1.70612753e-01,2.20669180e+01
4.59500000e+01,1.70767899e-01,2.23109940e+01
4.60000000e+01,1.70910096e-01,2.25577697e+01
4.60500000e+01,1.71039481e-01,2.28072750e+01
4.61000000e+01,1.71156252e-01,2.30595399e+01
4.61500000e+01,1.71260662e-01,2.33145951e+01
4.62000000e+01,1.71353023e-01,2.35724714e+01
4.62500000e+01,1.71433697e-01,2.38331999e+01
4.63000000e+01,1.71503096e-01,2.40968123e+01
4.63500000e+01,1.71561677e-01,2.43633405e+01
4.64000000e+01,1.71609947e-01,2.46328166e+01
4.64500000e+01,1.71648456e-01,2.49052734e+01
4.65000000e+01,1.71677796e-01,2.51807437e+01
4.65500000e+01,1.71698597e-01,2.54592609e+01
4.66000000e+01,1.71711524e-01,2.57408587e+01
4.66500000e+01,1.71717269e-01,2.60255712e+01
4.67000000e+01,1.71716550e-01,2.63134328e+01
4.67500000e+01,1.71710107e-01,2.66044784e+01
4.68000000e+01,1.71698701e-01,2.68987432e+01
4.68500000e+01,1.71683107e-01,2.71962627e+01
4.69000000e+01,1.71664114e-01,2.74970730e+01
4.69500000e+01,1.71642515e-01,2.78012105e+01
4.70000000e+01,1.71619109e-01,2.81087120e+01
4.70500000e+01,1.71594692e-01,2.84196146e+01
4.71000000e+01,1.71570055e-01,2.87339561e+01
4.71500000e+01,1.71545984e-01,2.90517744e+01
4.72000000e+01,1.71523246e-01,2.93731080e+01
4.72500000e+01,1.71502593e-01,2.96979958e+01
4.73000000e+01,1.71484756e-01,3.00264771e+01
4.73500000e+01,1.71470443e-01,3.03585916e+01
4.74000000e+01,1.71460333e-01,3.06943796e+01
4.74500000e+01,1.71455070e-01,3.10338816e+01
4.75000000e+01,1.71455267e-01,3.13771388e+01
4.75500000e+01,1.71461495e-01,3.17241926e+01
4.76000000e+01,1.71474289e-01,3.20750851e+01
4.76500000e+01,1.71494138e-01,3.24298587e+01
4.77000000e+01,1.71521483e-01,3.27885564e+01
4.77500000e+01,1.71556715e-01,3.31512215e+01
4.78000000e+01,1.71600177e-01,3.35178979e+01
4.78500000e+01,1.71652153e-01,3.38886301e+01
4.79000000e+01,1.71712881e-01,3.42634628e+01
4.79500000e+01,1.71782545e-01,3.46424415e+01
4.80000000e+01,1.71861272e-01,3.50256119e+01
4.80500000e+01,1.71949132e-01,3.54130205e+01
4.81000000e+01,1.72046138e-01,3.58047141e+01
4.81500000e+01,1.72152247e-01,3.62007401e+01
4.82000000e+01,1.72267361e-01,3.66011464e+01
4.82500000e+01,1.72391331e-01,3.70059815e+01
4.83000000e+01,1.72523950e-01,3.74152944e+01
4.83500000e+01,1.72664957e-01,3.78291346e+01
4.84000000e+01,1.72814038e-01,3.82475522e+01
4.84500000e+01,1.72970830e-01,3.86705977e+01
4.85000000e+01,1.73134927e-01,3.90983225e+01
4.85500000e+01,1.73305872e-01,3.95307782e+01
4.86000000e+01,1.73483166e-01,3.99680171e+01
4.86500000e+01,1.73666267e-01,4.04100923e+01
4.87000000e+01,1.73854592e-01,4.08570571e+01
4.87500000e+01,1.74047527e-01,4.13089657e+01
4.88000000e+01,1.74244426e-01,4.17658727e+01
4.88500000e+01,1.74444613e-01,4.22278334e+01
4.89000000e+01,1.74647392e-01,4.26949038e+01
4.89500000e+01,1.74852041e-01,4.31671402e+01
4.90000000e+01,1.75057823e-01,4.36446000e+01
4.90500000e+01,1.75263989e-01,4.41273408e+01
4.91000000e+01,1.75469777e-01,4.46154211e+01
4.91500000e+01,1.75674417e-01,4.51088999e+01
4.92000000e+01,1.75877140e-01,4.56078369e+01
4.92500000e+01,1.76077180e-01,4.61122925e+01
4.93000000e+01,1.76273775e-01,4.66223278e+01
4.93500000e+01,1.76466177e-01,4.71380044e+01
4.94000000e+01,1.76653654e-01,4.76593848e+01
4.94500000e+01,1.76835489e-01,4.81865320e+01
4.95000000e+01,1.77010986e-01,4.87195099e+01
4.95500000e+01,1.77179474e-01,4.92583828e+01
4.96000000e+01,1.77340311e-01,4.98032161e+01
4.96500000e+01,1.77492884e-01,5.03540757e+01
4.97000000e+01,1.77636617e-01,5.09110281e+01
4.97500000e+01,1.77770971e-01,5.14741409e+01
4.98000000e+01,1.77895450e-01,5.20434821e+01
4.98500000e+01,1.78009603e-01,5.26191206e+01
4.99000000e+01,1.78113025e-01,5.32011261e+01
4.99500000e+01,1.78205356e-01,5.37895690e+01
5.00000000e+01,1.78286285e-01,5.43845205e+01
5.00500000e+01,1.78355552e-01,5.49860525e+01
5.01000000e+01,1.78412951e-01,5.55942380e+01
5.01500000e+01,1.78458332e-01,5.62091504e+01
5.02000000e+01,1.78491595e-01,5.68308643e+01
5.02500000e+01,1.78512694e-01,5.74594547e+01
5.03000000e+01,1.78521638e-01,5.80949978e+01
5.03500000e+01,1.78518491e-01,5.87375704e+01
5.04000000e+01,1.78503374e-01,5.93872504e+01
5.04500000e+01,1.78476459e-01,6.00441163e+01
5.05000000e+01,1.78437971e-01,6.07082476e+01
5.05500000e+01,1.78388188e-01,6.13797246e+01
5.06000000e+01,1.78327436e-01,6.20586287e+01
5.06500000e+01,1.78256091e-01,6.27450420e+01
5.07000000e+01,1.78174572e-01,6.34390475e+01
5.07500000e+01,1.78083348e-01,6.41407292e+01
5.08000000e+01,1.77982924e-01,6.48501720e+01
5.08500000e+01,1.77873846e-01,6.55674618e+01
5.09000000e+01,1.77756694e-01,6.62926852e+01
5.09500000e+01,1.77632079e-01,6.70259302e+01
5.10000000e+01,1.77500643e-01,6.77672854e+01
5.10500000e+01,1.77363054e-01,6.85168406e+01
5.11000000e+01,1.77219998e-01,6.92746863e+01
5.11500000e+01,1.77072179e-01,7.00409144e+01
5.12000000e+01,1.76920316e-01,7.08156175e+01
5.12500000e+01,1.76765139e-01,7.15988894e+01
5.13000000e+01,1.76607387e-01,7.23908249e+01
5.13500000e+01,1.76447805e-01,7.31915197e+01
5.14000000e+01,1.76287138e-01,7.40010708e+01
5.14500000e+01,1.76126126e-01,7.48195761e+01
5.15000000e+01,1.75965500e-01,7.56471346e+01
5.15500000e+01,1.75805976e-01,7.64838466e+01
5.16000000e+01,1.75648258e-01,7.73298132e+01
5.16500000e+01,1.75493029e-01,7.81851368e+01
5.17000000e+01,1.75340950e-01,7.90499209e+01
5.17500000e+01,1.75192655e-01,7.99242701e+01
5.18000000e+01,1.75048748e-01,8.08082903e+01
5.18500000e+01,1.74909795e-01,8.17020884e+01
5.19000000e+01,1.74776328e-01,8.26057725e+01
5.19500000e+01,1.74648844e-01,8.35194520e+01
5.20000000e+01,1.74527798e-01,8.44432375e+01
5.20500000e+01,1.74413600e-01,8.53772407e+01
5.21000000e+01,1.74306612e-01,8.63215747e+01
5.21500000e+01,1.74207149e-01,8.72763536e+01
5.22000000e+01,1.74115474e-01,8.82416932e+01
5.22500000e+01,1.74031799e-01,8.92177100e+01
5.23000000e+01,1.73956285e-01,9.02045224e+01
5.23500000e+01,1.73889041e-01,9.12022496e+01
5.24000000e+01,1.73830124e-01,9.22110123e+01
5.24500000e+01,1.73779536e-01,9.32309327e+01
5.25000000e+01,1.73737223e-01,9.42621342e+01
5.25500000e+01,1.73703077e-01,9.53047415e+01
5.26000000e+01,1.73676938e-01,9.63588808e+01
5.26500000e+01,1.73658594e-01,9.74246796e+01
5.27000000e+01,1.73647786e-01,9.85022670e+01
5.27500000e+01,1.73644205e-01,9.95917732e+01
5.28000000e+01,1.73647495e-01,1.00693330e+02
5.28500000e+01,1.73657254e-01,1.01807071e+02
5.29000000e+01,1.73673034e-01,1.02933131e+02
5.29500000e+01,1.73694348e-01,1.04071646e+02
5.30000000e+01,1.73720671e-01,1.05222753e+02
5.30500000e+01,1.73751442e-01,1.06386593e+02
5.31000000e+01,1.73786067e-01,1.07563306e+02
5.31500000e+01,1.73823927e-01,1.08753033e+02
5.32000000e+01,1.73864378e-01,1.09955921e+02
5.32500000e+01,1.73906747e-01,1.11172112e+02
5.33000000e+01,1.73950347e-01,1.12401756e+02
5.33500000e+01,1.73994474e-01,1.13645001e+02
5.34000000e+01,1.74038417e-01,1.14901997e+02
5.34500000e+01,1.74081458e-01,1.16172896e+02
5.35000000e+01,1.74122871e-01,1.17457852e+02
5.35500000e+01,1.74161936e-01,1.18757021e+02
5.36000000e+01,1.74197937e-01,1.20070559e+02
5.36500000e+01,1.74230172e-01,1.21398626e+02
5.37000000e+01,1.74257952e-01,1.22741383e+02
5.37500000e+01,1.74280601e-01,1.24098991e+02
5.38000000e+01,1.74297470e-01,1.25471616e+02
5.38500000e+01,1.74307931e-01,1.26859422e+02
5.39000000e+01,1.74311388e-01,1.28262579e+02
5.39500000e+01,1.74307276e-01,1.29681256e+02
5.40000000e+01,1.74295060e-01,1.31115624e+02
5.40500000e+01,1.74274240e-01,1.32565858e+02
5.41000000e+01,1.74244361e-01,1.34032132e+02
5.41500000e+01,1.74205005e-01,1.35514624e+02
5.42000000e+01,1.74155804e-01,1.37013514e+02
5.42500000e+01,1.74096433e-01,1.38528982e+02
5.43000000e+01,1.74026617e-01,1.40061213e+02
5.43500000e+01,1.73946136e-01,1.41610391e+02
5.44000000e+01,1.73854819e-01,1.43176704e+02
5.44500000e+01,1.73752548e-01,1.44760342e+02
5.45000000e+01,1.73639260e-01,1.46361496e+02
5.45500000e+01,1.73514947e-01,1.47980360e+02
5.46000000e+01,1.73379655e-01,1.49617130e+02
5.46500000e+01,1.73233487e-01,1.51272003e+02
5.47000000e+01,1.73076598e-01,1.52945181e+02
5.47500000e+01,1.72909199e-01,1.54636865e+02
5.48000000e+01,1.72731554e-01,1.56347261e+02
5.48500000e+01,1.72543974e-01,1.58076574e+02
5.49000000e+01,1.72346821e-01,1.59825015e+02
5.49500000e+01,1.72140503e-01,1.61592796e+02
5.50000000e+01,1.71925477e-01,1.63380129e+02
5.50500000e+01,1.71702245e-01,1.65187231e+02
5.51000000e+01,1.71471347e-01,1.67014321e+02
5.51500000e+01,1.71233362e-01,1.68861620e+02
5.52000000e+01,1.70988908e-01,1.70729352e+02
5.52500000e+01,1.70738632e-01,1.72617741e+02
5.53000000e+01,1.70483213e-01,1.74527018e+02
5.53500000e+01,1.70223359e-01,1.76457413e+02
5.54000000e+01,1.69959798e-01,1.78409160e+02
5.54500000e+01,1.69693282e-01,1.80382494e+02
5.55000000e+01,1.69424573e-01,1.82377655e+02
5.55500000e+01,1.69154451e-01,1.84394883e+02
5.56000000e+01,1.68883705e-01,1.86434424e+02
5.56500000e+01,1.68613127e-01,1.88496523e+02
5.57000000e+01,1.68343511e-01,1.90581431e+02
5.57500000e+01,1.68075651e-01,1.92689399e+02
5.58000000e+01,1.67810332e-01,1.94820683e+02
5.58500000e+01,1.67548329e-01,1.96975541e+02
5.59000000e+01,1.67290403e-01,1.99154233e+02
5.59500000e+01,1.67037293e-01,2.01357022e+02
5.60000000e+01,1.66789720e-01,2.03584176e+02
5.60500000e+01,1.66548376e-01,2.05835965e+02
5.61000000e+01,1.66313927e-01,2.08112659e+02
5.61500000e+01,1.66087006e-01,2.10414535e+02
5.62000000e+01,1.65868215e-01,2.12741872e+02
5.62500000e+01,1.65658119e-01,2.15094951e+02
5.63000000e+01,1.65457244e-01,2.17474057e+02
5.63500000e+01,1.65266069e-01,2.19879477e+02
5.64000000e+01,1.65085033e-01,2.22311503e+02
5.64500000e+01,1.64914529e-01,2.24770428e+02
5.65000000e+01,1.64754898e-01,2.27256552e+02
5.65500000e+01,1.64606428e-01,2.29770173e+02
5.66000000e+01,1.64469356e-01,2.32311597e+02
5.66500000e+01,1.64343871e-01,2.34881132e+02
5.67000000e+01,1.64230108e-01,2.37479087e+02
5.67500000e+01,1.64128150e-01,2.40105777e+02
5.68000000e+01,1.64038022e-01,2.42761520e+02
5.68500000e+01,1.63959693e-01,2.45446638e+02
5.69000000e+01,1.63893080e-01,2.48161455e+02
5.69500000e+01,1.63838049e-01,2.50906300e+02
5.70000000e+01,1.63794411e-01,2.53681505e+02
5.70500000e+01,1.63761932e-01,2.56487406e+02
5.71000000e+01,1.63740326e-01,2.59324342e+02
5.71500000e+01,1.63729261e-01,2.62192656e+02
5.72000000e+01,1.63728357e-01,2.65092697e+02
5.72500000e+01,1.63737191e-01,2.68024813e+02
5.73000000e+01,1.63755297e-01,2.70989361e+02
5.73500000e+01,1.63782169e-01,2.73986699e+02
5.74000000e+01,1.63817263e-01,2.77017190e+02
5.74500000e+01,1.63860004e-01,2.80081201e+02
5.75000000e+01,1.63909788e-01,2.83179101e+02
5.75500000e+01,1.63965985e-01,2.86311266e+02
5.76000000e+01,1.64027943e-01,2.89478076e+02
5.76500000e+01,1.64094988e-01,2.92679912e+02
5.77000000e+01,1.64166426e-01,2.95917164e+02
5.77500000e+01,1.64241547e-01,2.99190221e+02
5.78000000e+01,1.64319630e-01,3.02499481e+02
5.78500000e+01,1.64399948e-01,3.05845344e+02
5.79000000e+01,1.64481774e-01,3.09228215e+02
5.79500000e+01,1.64564382e-01,3.12648502e+02
5.80000000e+01,1.64647058e-01,3.16106620e+02
5.80500000e+01,1.64729091e-01,3.19602988e+02
5.81000000e+01,1.64809789e-01,3.23138028e+02
5.81500000e+01,1.64888474e-01,3.26712168e+02
5.82000000e+01,1.64964490e-01,3.30325841e+02
5.82500000e+01,1.65037205e-01,3.33979483e+02
5.83000000e+01,1.65106013e-01,3.37673537e+02
5.83500000e+01,1.65170338e-01,3.41408451e+02
5.84000000e+01,1.65229639e-01,3.45184675e+02
5.84500000e+01,1.65283413e-01,3.49002667e+02
5.85000000e+01,1.65331189e-01,3.52862888e+02
5.85500000e+01,1.65372543e-01,3.56765807e+02
5.86000000e+01,1.65407092e-01,3.60711894e+02
5.86500000e+01,1.65434503e-01,3.64701628e+02
5.87000000e+01,1.65454486e-01,3.68735492e+02
5.87500000e+01,1.65466804e-01,3.72813973e+02
5.88000000e+01,1.65471265e-01,3.76937565e+02
5.88500000e+01,1.65467731e-01,3.81106767e+02
5.89000000e+01,1.65456117e-01,3.85322083e+02
5.89500000e+01,1.65436391e-01,3.89584023e+02
5.90000000e+01,1.65408568e-01,3.93893104e+02
5.90500000e+01,1.65372716e-01,3.98249846e+02
5.91000000e+01,1.65328957e-01,4.02654777e+02
5.91500000e+01,1.65277465e-01,4.07108430e+02
5.92000000e+01,1.65218458e-01,4.11611343e+02
5.92500000e+01,1.65152203e-01,4.16164062e+02
5.93000000e+01,1.65079011e-01,4.20767137e+02
5.93500000e+01,1.64999241e-01,4.25421126e+02
5.94000000e+01,1.64913292e-01,4.30126591e+02
5.94500000e+01,1.64821607e-01,4.34884102e+02
5.95000000e+01,1.64724661e-01,4.39694234e+02
5.95500000e+01,1.64622965e-01,4.44557570e+02
5.96000000e+01,1.64517062e-01,4.49474698e+02
5.96500000e+01,1.64407528e-01,4.54446213e+02
5.97000000e+01,1.64294969e-01,4.59472716e+02
5.97500000e+01,1.64180011e-01,4.64554816e+02
5.98000000e+01,1.64063294e-01,4.69693128e+02
5.98500000e+01,1.63945475e-01,4.74888274e+02
5.99000000e+01,1.63827224e-01,4.80140881e+02
5.99500000e+01,1.63709219e-01,4.85451586e+02
6.00000000e+01,1.63592143e-01,4.90821031e+02
6.00500000e+01,1.63476682e-01,4.96249867e+02
6.01000000e+01,1.63363515e-01,5.01738749e+02
6.01500000e+01,1.63253312e-01,5.07288342e+02
6.02000000e+01,1.63146731e-01,5.12899317e+02
6.02500000e+01,1.63044421e-01,5.18572354e+02
6.03000000e+01,1.62947014e-01,5.24308139e+02
6.03500000e+01,1.62855121e-01,5.30107366e+02
6.04000000e+01,1.62769329e-01,5.35970736e+02
6.04500000e+01,1.62690194e-01,5.41898960e+02
6.05000000e+01,1.62618245e-01,5.47892754e+02
6.05500000e+01,1.62553975e-01,5.53952843e+02
6.06000000e+01,1.62497841e-01,5.60079962e+02
6.06500000e+01,1.62450262e-01,5.66274851e+02
6.07000000e+01,1.62411617e-01,5.72538260e+02
6.07500000e+01,1.62382240e-01,5.78870947e+02
6.08000000e+01,1.62362422e-01,5.85273678e+02
6.08500000e+01,1.62352403e-01,5.91747227e+02
6.09000000e+01,1.62352375e-01,5.98292379e+02
6.09500000e+01,1.62362480e-01,6.04909925e+02
6.10000000e+01,1.62382808e-01,6.11600666e+02
6.10500000e+01,1.62413404e-01,6.18365411e+02
6.11000000e+01,1.62454260e-01,6.25204979e+02
6.11500000e+01,1.62505319e-01,6.32120198e+02
6.12000000e+01,1.62566473e-01,6.39111904e+02
6.12500000e+01,1.62637560e-01,6.46180944e+02
6.13000000e+01,1.62718371e-01,6.53328172e+02
6.13500000e+01,1.62808647e-01,6.60554453e+02
6.14000000e+01,1.62908086e-01,6.67860663e+02
6.14500000e+01,1.63016340e-01,6.75247684e+02
6.15000000e+01,1.63133017e-01,6.82716411e+02
6.15500000e+01,1.63257687e-01,6.90267748e+02
6.16000000e+01,1.63389877e-01,6.97902608e+02
6.16500000e+01,1.63529078e-01,7.05621915e+02
6.17000000e+01,1.63674743e-01,7.13426603e+02
6.17500000e+01,1.63826297e-01,7.21317617e+02
6.18000000e+01,1.63983132e-01,7.29295911e+02
6.18500000e+01,1.64144615e-01,7.37362450e+02
6.19000000e+01,1.64310090e-01,7.45518212e+02
6.19500000e+01,1.64478883e-01,7.53764182e+02
6.20000000e+01,1.64650301e-01,7.62101358e+02
6.20500000e+01,1.64823645e-01,7.70530750e+02
6.21000000e+01,1.64998204e-01,7.79053377e+02
6.21500000e+01,1.65173265e-01,7.87670270e+02
6.22000000e+01,1.65348114e-01,7.96382472e+02
6.22500000e+01,1.65522036e-01,8.05191038e+02
6.23000000e+01,1.65694322e-01,8.14097032e+02
6.23500000e+01,1.65864268e-01,8.23101533e+02
6.24000000e+01,1.66031187e-01,8.32205631e+02
6.24500000e+01,1.66194412e-01,8.41410427e+02
6.25000000e+01,1.66353297e-01,8.50717034e+02
6.25500000e+01,1.66507219e-01,8.60126579e+02
6.26000000e+01,1.66655578e-01,8.69640200e+02
6.26500000e+01,1.66797806e-01,8.79259049e+02
6.27000000e+01,1.66933370e-01,8.88984289e+02
6.27500000e+01,1.67061772e-01,8.98817098e+02
6.28000000e+01,1.67182557e-01,9.08758664e+02
6.28500000e+01,1.67295311e-01,9.18810192e+02
6.29000000e+01,1.67399658e-01,9.28972896e+02
6.29500000e+01,1.67495272e-01,9.39248007e+02
6.30000000e+01,1.67581872e-01,9.49636769e+02
6.30500000e+01,1.67659228e-01,9.60140438e+02
6.31000000e+01,1.67727159e-01,9.70760285e+02
6.31500000e+01,1.67785534e-01,9.81497595e+02
6.32000000e+01,1.67834274e-01,9.92353667e+02
6.32500000e+01,1.67873350e-01,1.00332982e+03
6.33000000e+01,1.67902784e-01,1.01442737e+03
6.33500000e+01,1.67922646e-01,1.02564767e+03
6.34000000e+01,1.67933057e-01,1.03699207e+03
6.34500000e+01,1.67934189e-01,1.04846195e+03
6.35000000e+01,1.67926263e-01,1.06005870e+03
6.35500000e+01,1.67909553e-01,1.07178372e+03
6.36000000e+01,1.67884380e-01,1.08363842e+03
6.36500000e+01,1.67851108e-01,1.09562424e+03
6.37000000e+01,1.67810144e-01,1.10774264e+03
6.37500000e+01,1.67761937e-01,1.11999507e+03
6.38000000e+01,1.67706975e-01,1.13238303e+03
6.38500000e+01,1.67645784e-01,1.14490800e+03
6.39000000e+01,1.67578922e-01,1.15757151e+03
6.39500000e+01,1.67506971e-01,1.17037509e+03
6.40000000e+01,1.67430547e-01,1.18332028e+03
6.40500000e+01,1.67350291e-01,1.19640866e+03
6.41000000e+01,1.67266868e-01,1.20964180e+03
6.41500000e+01,1.67180957e-01,1.22302131e+03
6.42000000e+01,1.67093247e-01,1.23654881e+03
6.42500000e+01,1.67004438e-01,1.25022594e+03
6.43000000e+01,1.66915234e-01,1.26405434e+03
6.43500000e+01,1.66826344e-01,1.27803569e+03
6.44000000e+01,1.66738477e-01,1.29217169e+03
6.44500000e+01,1.66652331e-01,1.30646404e+03
6.45000000e+01,1.66568594e-01,1.32091448e+03
6.45500000e+01,1.66487941e-01,1.33552475e+03
6.46000000e+01,1.66411031e-01,1.35029662e+03
6.46500000e+01,1.66338504e-01,1.36523187e+03
6.47000000e+01,1.66270977e-01,1.38033232e+03
6.47500000e+01,1.66209037e-01,1.39559980e+03
6.48000000e+01,1.66153244e-01,1.41103614e+03
6.48500000e+01,1.66104126e-01,1.42664322e+03
6.49000000e+01,1.66062178e-01,1.44242292e+03
6.49500000e+01,1.66027856e-01,1.45837716e+03
6.50000000e+01,1.66001578e-01,1.47450787e+03
6.50500000e+01,1.65983717e-01,1.49081699e+03
6.51000000e+01,1.65974603e-01,1.50730650e+03
6.51500000e+01,1.65974519e-01,1.52397840e+03
6.52000000e+01,1.65983703e-01,1.54083470e+03
6.52500000e+01,1.66002342e-01,1.55787745e+03
6.53000000e+01,1.66030574e-01,1.57510870e+03
6.53500000e+01,1.66068482e-01,1.59253054e+03
6.54000000e+01,1.66116101e-01,1.61014508e+03
6.54500000e+01,1.66173410e-01,1.62795444e+03
6.55000000e+01,1.66240343e-01,1.64596080e+03
6.55500000e+01,1.66316783e-01,1.66416631e+03
6.56000000e+01,1.66402565e-01,1.68257319e+03
6.56500000e+01,1.66497469e-01,1.70118367e+03
6.57000000e+01,1.66601229e-01,1.71999999e+03
6.57500000e+01,1.66713529e-01,1.73902443e+03
6.58000000e+01,1.66834007e-01,1.75825930e+03
6.58500000e+01,1.66962258e-01,1.77770692e+03
6.59000000e+01,1.67097837e-01,1.79736964e+03
6.59500000e+01,1.67240262e-01,1.81724984e+03
6.60000000e+01,1.67389009e-01,1.83734994e+03
6.60500000e+01,1.67543517e-01,1.85767236e+03
6.61000000e+01,1.67703193e-01,1.87821956e+03
6.61500000e+01,1.67867419e-01,1.89899402e+03
6.62000000e+01,1.68035546e-01,1.91999827e+03
6.62500000e+01,1.68206907e-01,1.94123484e+03
6.63000000e+01,1.68380813e-01,1.96270630e+03
6.63500000e+01,1.68556560e-01,1.98441525e+03
6.64000000e+01,1.68733430e-01,2.00636431e+03
6.64500000e+01,1.68910698e-01,2.02855615e+03
6.65000000e+01,1.69087631e-01,2.05099345e+03
6.65500000e+01,1.69263500e-01,2.07367892e+03
6.66000000e+01,1.69437576e-01,2.09661530e+03
6.66500000e+01,1.69609140e-01,2.11980538e+03
6.67000000e+01,1.69777477e-01,2.14325196e+03
6.67500000e+01,1.69941890e-01,2.16695788e+03
6.68000000e+01,1.70101700e-01,2.19092600e+03
6.68500000e+01,1.70256244e-01,2.21515922e+03
6.69000000e+01,1.70404887e-01,2.23966048e+03
6.69500000e+01,1.70547023e-01,2.26443275e+03
6.70000000e+01,1.70682077e-01,2.28947901e+03
6.70500000e+01,1.70809506e-01,2.31480230e+03
6.71000000e+01,1.70928799e-01,2.34040569e+03
6.71500000e+01,1.71039483e-01,2.36629226e+03
6.72000000e+01,1.71141125e-01,2.39246516e+03
6.72500000e+01,1.71233338e-01,2.41892756e+03
6.73000000e+01,1.71315782e-01,2.44568264e+03
6.73500000e+01,1.71388167e-01,2.47273366e+03
6.74000000e+01,1.71450245e-01,2.50008388e+03
6.74500000e+01,1.71501821e-01,2.52773662e+03
6.75000000e+01,1.71542747e-01,2.55569521e+03
6.75500000e+01,1.71572929e-01,2.58396304e+03
6.76000000e+01,1.71592328e-01,2.61254354e+03
6.76500000e+01,1.71600958e-01,2.64144016e+03
6.77000000e+01,1.71598884e-01,2.67065640e+03
6.77500000e+01,1.71586220e-01,2.70019579e+03
6.78000000e+01,1.71563131e-01,2.73006190e+03
6.78500000e+01,1.71529831e-01,2.76025836e+03
6.79000000e+01,1.71486583e-01,2.79078881e+03
6.79500000e+01,1.71433698e-01,2.82165695e+03
6.80000000e+01,1.71371534e-01,2.85286652e+03
6.80500000e+01,1.71300493e-01,2.88442128e+03
6.81000000e+01,1.71221017e-01,2.91632506e+03
6.81500000e+01,1.71133587e-01,2.94858173e+03
6.82000000e+01,1.71038717e-01,2.98119517e+03
6.82500000e+01,1.70936960e-01,3.01416934e+03
6.83000000e+01,1.70828896e-01,3.04750823e+03
6.83500000e+01,1.70715136e-01,3.08121588e+03
6.84000000e+01,1.70596314e-01,3.11529635e+03
6.84500000e+01,1.70473085e-01,3.14975378e+03
6.85000000e+01,1.70346120e-01,3.18459233e+03
6.85500000e+01,1.70216106e-01,3.21981622e+03
6.86000000e+01,1.70083739e-01,3.25542972e+03
6.86500000e+01,1.69949723e-01,3.29143712e+03
6.87000000e+01,1.69814767e-01,3.32784279e+03
6.87500000e+01,1.69679581e-01,3.36465114e+03
6.88000000e+01,1.69544875e-01,3.40186661e+03
6.88500000e+01,1.69411351e-01,3.43949371e+03
6.89000000e+01,1.69279697e-01,3.47753700e+03
6.89500000e+01,1.69150585e-01,3.51600107e+03
6.90000000e+01,1.69024672e-01,3.55489058e+03
6.90500000e+01,1.68902596e-01,3.59421024e+03
6.91000000e+01,1.68784969e-01,3.63396480e+03
6.91500000e+01,1.68672376e-01,3.67415908e+03
6.92000000e+01,1.68565376e-01,3.71479793e+03
6.92500000e+01,1.68464492e-01,3.75588628e+03
6.93000000e+01,1.68370210e-01,3.79742910e+03
6.93500000e+01,1.68282980e-01,3.83943141e+03
6.94000000e+01,1.68203212e-01,3.88189829e+03
6.94500000e+01,1.68131270e-01,3.92483489e+03
6.95000000e+01,1.68067478e-01,3.96824640e+03
6.95500000e+01,1.68012107e-01,4.01213807e+03
6.96000000e+01,1.67965384e-01,4.05651522e+03
6.96500000e+01,1.67927485e-01,4.10138321e+03
6.97000000e+01,1.67898536e-01,4.14674747e+03
6.97500000e+01,1.67878616e-01,4.19261349e+03
6.98000000e+01,1.67867753e-01,4.23898682e+03
6.98500000e+01,1.67865926e-01,4.28587308e+03
6.99000000e+01,1.67873066e-01,4.33327793e+03
6.99500000e+01,1.67889053e-01,4.38120712e+03
7.00000000e+01,1.67913720e-01,4.42966643e+03
7.00500000e+01,1.67946853e-01,4.47866174e+03
7.01000000e+01,1.67988193e-01,4.52819898e+03
7.01500000e+01,1.68037435e-01,4.57828413e+03
7.02000000e+01,1.68094232e-01,4.62892326e+03
7.02500000e+01,1.68158197e-01,4.68012250e+03
7.03000000e+01,1.68228903e-01,4.73188803e+03
7.03500000e+01,1.68305884e-01,4.78422613e+03
7.04000000e+01,1.68388641e-01,4.83714313e+03
7.04500000e+01,1.68476644e-01,4.89064543e+03
7.05000000e+01,1.68569331e-01,4.94473950e+03
7.05500000e+01,1.68666117e-01,4.99943189e+03
7.06000000e+01,1.68766393e-01,5.05472922e+03
7.06500000e+01,1.68869532e-01,5.11063818e+03
7.07000000e+01,1.68974889e-01,5.16716553e+03
7.07500000e+01,1.69081808e-01,5.22431811e+03
7.08000000e+01,1.69189620e-01,5.28210284e+03
7.08500000e+01,1.69297653e-01,5.34052672e+03
7.09000000e+01,1.69405236e-01,5.39959680e+03
7.09500000e+01,1.69511697e-01,5.45932024e+03
7.10000000e+01,1.69616373e-01,5.51970427e+03
7.10500000e+01,1.69718612e-01,5.58075618e+03
7.11000000e+01,1.69817773e-01,5.64248338e+03
7.11500000e+01,1.69913230e-01,5.70489332e+03
7.12000000e+01,1.70004373e-01,5.76799356e+03
7.12500000e+01,1.70090615e-01,5.83179174e+03
7.13000000e+01,1.70171398e-01,5.89629557e+03
7.13500000e+01,1.70246193e-01,5.96151286e+03
7.14000000e+01,1.70314501e-01,6.02745150e+03
7.14500000e+01,1.70375857e-01,6.09411946e+03
7.15000000e+01,1.70429835e-01,6.16152483e+03
7.15500000e+01,1.70476051e-01,6.22967574e+03
7.16000000e+01,1.70514161e-01,6.29858046e+03
7.16500000e+01,1.70543869e-01,6.36824731e+03
7.17000000e+01,1.70564925e-01,6.43868473e+03
7.17500000e+01,1.70577123e-01,6.50990123e+03
7.18000000e+01,1.70580302e-01,6.58190544e+03
7.18500000e+01,1.70574350e-01,6.65470607e+03
7.19000000e+01,1.70559201e-01,6.72831193e+03
7.19500000e+01,1.70534839e-01,6.80273192e+03
7.20000000e+01,1.70501298e-01,6.87797505e+03
7.20500000e+01,1.70458664e-01,6.95405042e+03
7.21000000e+01,1.70407073e-01,7.03096724e+03
7.21500000e+01,1.70346709e-01,7.10873482e+03
7.22000000e+01,1.70277804e-01,7.18736256e+03
7.22500000e+01,1.70200636e-01,7.26685998e+03
7.23000000e+01,1.70115524e-01,7.34723670e+03
7.23500000e+01,1.70022829e-01,7.42850245e+03
7.24000000e+01,1.69922953e-01,7.51066705e+03
7.24500000e+01,1.69816338e-01,7.59374046e+03
7.25000000e+01,1.69703462e-01,7.67773271e+03
7.25500000e+01,1.69584836e-01,7.76265398e+03
7.26000000e+01,1.69461002e-01,7.84851455e+03
7.26500000e+01,1.69332526e-01,7.93532479e+03
7.27000000e+01,1.69200004e-01,8.02309521e+03
7.27500000e+01,1.69064048e-01,8.11183644e+03
7.28000000e+01,1.68925290e-01,8.20155921e+03
7.28500000e+01,1.68784383e-01,8.29227438e+03
7.29000000e+01,1.68641990e-01,8.38399293e+03
7.29500000e+01,1.68498779e-01,8.47672595e+03
7.30000000e+01,1.68355425e-01,8.57048466e+03
7.30500000e+01,1.68212604e-01,8.66528041e+03
7.31000000e+01,1.68070987e-01,8.76112467e+03
7.31500000e+01,1.67931243e-01,8.85802904e+03
7.32000000e+01,1.67794029e-01,8.95600524e+03
7.32500000e+01,1.67659992e-01,9.05506513e+03
7.33000000e+01,1.67529764e-01,9.15522069e+03
7.33500000e+01,1.67403957e-01,9.25648405e+03
7.34000000e+01,1.67283164e-01,9.35886745e+03
7.34500000e+01,1.67167950e-01,9.46238328e+03
7.35000000e+01,1.67058851e-01,9.56704408e+03
7.35500000e+01,1.66956373e-01,9.67286250e+03
7.36000000e+01,1.66860985e-01,9.77985134e+03
7.36500000e+01,1.66773126e-01,9.88802357e+03
7.37000000e+01,1.66693198e-01,9.99739225e+03
7.37500000e+01,1.66621562e-01,1.01079706e+04
7.38000000e+01,1.66558544e-01,1.02197721e+04
7.38500000e+01,1.66504427e-01,1.03328102e+04
7.39000000e+01,1.66459450e-01,1.04470985e+04
7.39500000e+01,1.66423808e-01,1.05626510e+04
7.40000000e+01,1.66397648e-01,1.06794815e+04
7.40500000e+01,1.66381074e-01,1.07976043e+04
7.41000000e+01,1.66374142e-01,1.09170336e+04
7.41500000e+01,1.66376862e-01,1.10377839e+04
7.42000000e+01,1.66389199e-01,1.11598697e+04
7.42500000e+01,1.66411071e-01,1.12833060e+04
7.43000000e+01,1.66442353e-01,1.14081075e+04
7.43500000e+01,1.66482870e-01,1.15342894e+04
7.44000000e+01,1.66532404e-01,1.16618670e+04
7.44500000e+01,1.66590690e-01,1.17908556e+04
7.45000000e+01,1.66657427e-01,1.19212710e+04
7.45500000e+01,1.66732274e-01,1.20531289e+04
7.46000000e+01,1.66814850e-01,1.21864452e+04
7.46500000e+01,1.66904741e-01,1.23212361e+04
7.47000000e+01,1.67001494e-01,1.24575178e+04
7.47500000e+01,1.67104622e-01,1.25953070e+04
7.48000000e+01,1.67213608e-01,1.27346202e+04
7.48500000e+01,1.67327908e-01,1.28754743e+04
7.49000000e+01,1.67446956e-01,1.30178863e+04
7.49500000e+01,1.67570169e-01,1.31618736e+04
7.50000000e+01,1.67696935e-01,1.33074534e+04
7.50500000e+01,1.67826627e-01,1.34546434e+04
7.51000000e+01,1.67958608e-01,1.36034615e+04
7.51500000e+01,1.68092230e-01,1.37539256e+04
7.52000000e+01,1.68226840e-01,1.39060540e+04
7.52500000e+01,1.68361782e-01,1.40598650e+04
7.53000000e+01,1.68496401e-01,1.42153773e+04
7.53500000e+01,1.68630047e-01,1.43726096e+04
7.54000000e+01,1.68762074e-01,1.45315810e+04
7.54500000e+01,1.68891845e-01,1.46923108e+04
7.55000000e+01,1.69018739e-01,1.48548184e+04
7.55500000e+01,1.69142150e-01,1.50191234e+04
7.56000000e+01,1.69261490e-01,1.51852458e+04
7.56500000e+01,1.69376191e-01,1.53532056e+04
7.57000000e+01,1.69485709e-01,1.55230231e+04
7.57500000e+01,1.69589519e-01,1.56947190e+04
7.58000000e+01,1.69687132e-01,1.58683139e+04
7.58500000e+01,1.69778090e-01,1.60438289e+04
7.59000000e+01,1.69861968e-01,1.62212852e+04
7.59500000e+01,1.69938378e-01,1.64007044e+04
7.60000000e+01,1.70006970e-01,1.65821080e+04
7.60500000e+01,1.70067434e-01,1.67655181e+04
7.61000000e+01,1.70119499e-01,1.69509569e+04
7.61500000e+01,1.70162937e-01,1.71384467e+04
7.62000000e+01,1.70197561e-01,1.73280103e+04
7.62500000e+01,1.70223231e-01,1.75196706e+04
7.63000000e+01,1.70239846e-01,1.77134508e+04
7.63500000e+01,1.70247352e-01,1.79093744e+04
7.64000000e+01,1.70245739e-01,1.81074650e+04
7.64500000e+01,1.70235044e-01,1.83077466e+04
7.65000000e+01,1.70215343e-01,1.85102435e+04
7.65500000e+01,1.70186761e-01,1.87149802e+04
7.66000000e+01,1.70149462e-01,1.89219814e+04
7.66500000e+01,1.70103654e-01,1.91312722e+04
7.67000000e+01,1.70049582e-01,1.93428779e+04
7.67500000e+01,1.69987525e-01,1.95568241e+04
7.68000000e+01,1.69917802e-01,1.97731367e+04
7.68500000e+01,1.69840768e-01,1.99918419e+04
7.69000000e+01,1.69756816e-01,2.02129661e+04
7.69500000e+01,1.69666364e-01,2.04365361e+04
7.70000000e+01,1.69569863e-01,2.06625789e+04
7.70500000e+01,1.69467788e-01,2.08911220e+04
7.71000000e+01,1.69360642e-01,2.11221929e+04
7.71500000e+01,1.69248942e-01,2.13558196e+04
7.72000000e+01,1.69133223e-01,2.15920304e+04
7.72500000e+01,1.69014033e-01,2.18308539e+04
7.73000000e+01,1.68891933e-01,2.20723189e+04
7.73500000e+01,1.68767490e-01,2.23164547e+04
7.74000000e+01,1.68641281e-01,2.25632908e+04
7.74500000e+01,1.68513882e-01,2.28128571e+04
7.75000000e+01,1.68385870e-01,2.30651838e+04
7.75500000e+01,1.68257817e-01,2.33203014e+04
7.76000000e+01,1.68130290e-01,2.35782407e+04
7.76500000e+01,1.68003844e-01,2.38390331e+04
7.77000000e+01,1.67879019e-01,2.41027100e+04
7.77500000e+01,1.67756340e-01,2.43693034e+04
7.78000000e+01,1.67636312e-01,2.46388455e+04
7.78500000e+01,1.67519427e-01,2.49113690e+04
7.79000000e+01,1.67406155e-01,2.51869067e+04
7.79500000e+01,1.67296940e-01,2.54654921e+04
7.80000000e+01,1.67192194e-01,2.57471588e+04
7.80500000e+01,1.67092299e-01,2.60319410e+04
7.81000000e+01,1.66997606e-01,2.63198731e+04
7.81500000e+01,1.66908436e-01,2.66109899e+04
7.82000000e+01,1.66825074e-01,2.69053267e+04
7.82500000e+01,1.66747770e-01,2.72029190e+04
7.83000000e+01,1.66676736e-01,2.75038029e+04
7.83500000e+01,1.66612142e-01,2.78080149e+04
7.84000000e+01,1.66554121e-01,2.81155916e+04
7.84500000e+01,1.66502766e-01,2.84265704e+04
7.85000000e+01,1.66458136e-01,2.87409888e+04
7.85500000e+01,1.66420246e-01,2.90588849e+04
7.86000000e+01,1.66389067e-01,2.93802971e+04
7.86500000e+01,1.66364530e-01,2.97052644e+04
7.87000000e+01,1.66346531e-01,3.00338261e+04
7.87500000e+01,1.66334927e-01,3.03660219e+04
7.88000000e+01,1.66329538e-01,3.07018921e+04
7.88500000e+01,1.66330144e-01,3.10414772e+04
7.89000000e+01,1.66336489e-01,3.13848184e+04
7.89500000e+01,1.66348286e-01,3.17319571e+04
7.90000000e+01,1.66365217e-01,3.20829355e+04
7.90500000e+01,1.66386931e-01,3.24377959e+04
7.91000000e+01,1.66413053e-01,3.27965814e+04
7.91500000e+01,1.66443176e-01,3.31593353e+04
7.92000000e+01,1.66476868e-01,3.35261015e+04
7.92500000e+01,1.66513678e-01,3.38969244e+04
7.93000000e+01,1.66553133e-01,3.42718489e+04
7.93500000e+01,1.66594743e-01,3.46509203e+04
7.94000000e+01,1.66638003e-01,3.50341845e+04
7.94500000e+01,1.66682395e-01,3.54216879e+04
7.95000000e+01,1.66727393e-01,3.58134773e+04
7.95500000e+01,1.66772466e-01,3.62096003e+04
7.96000000e+01,1.66817077e-01,3.66101046e+04
7.96500000e+01,1.66860690e-01,3.70150388e+04
7.97000000e+01,1.66902773e-01,3.74244519e+04
7.97500000e+01,1.66942797e-01,3.78383933e+04
7.98000000e+01,1.66980245e-01,3.82569133e+04
7.98500000e+01,1.67014606e-01,3.86800624e+04
7.99000000e+01,1.67045391e-01,3.91078918e+04
7.99500000e+01,1.67072129e-01,3.95404534e+04
8.00000000e+01,1.67094371e-01,3.99777994e+04
8.00500000e+01,1.67111688e-01,4.04199827e+04
8.01000000e+01,1.67123675e-01,4.08670569e+04
8.01500000e+01,1.67129956e-01,4.13190761e+04
8.02000000e+01,1.67130188e-01,4.17760949e+04
8.02500000e+01,1.67124055e-01,4.22381687e+04
8.03000000e+01,1.67111277e-01,4.27053534e+04
8.03500000e+01,1.67091610e-01,4.31777054e+04
8.04000000e+01,1.67064844e-01,4.36552820e+04
8.04500000e+01,1.67030813e-01,4.41381410e+04
8.05000000e+01,1.66989391e-01,4.46263407e+04
8.05500000e+01,1.66940492e-01,4.51199403e+04
8.06000000e+01,1.66884069e-01,4.56189994e+04
8.06500000e+01,1.66820114e-01,4.61235785e+04
8.07000000e+01,1.66748660e-01,4.66337386e+04
8.07500000e+01,1.66669785e-01,4.71495415e+04
8.08000000e+01,1.66583605e-01,4.76710495e+04
8.08500000e+01,1.66490279e-01,4.81983257e+04
8.09000000e+01,1.66390004e-01,4.87314340e+04
8.09500000e+01,1.66283013e-01,4.92704389e+04
8.10000000e+01,1.66169577e-01,4.98154055e+04
8.10500000e+01,1.66050005e-01,5.03663999e+04
8.11000000e+01,1.65924639e-01,5.09234887e+04
8.11500000e+01,1.65793851e-01,5.14867392e+04
8.12000000e+01,1.65658049e-01,5.20562198e+04
8.12500000e+01,1.65517667e-01,5.26319992e+04
8.13000000e+01,1.65373168e-01,5.32141471e+04
8.13500000e+01,1.65225031e-01,5.38027340e+04
8.14000000e+01,1.65073762e-01,5.43978311e+04
8.14500000e+01,1.64919883e-01,5.49995104e+04
8.15000000e+01,1.64763938e-01,5.56078448e+04
8.15500000e+01,1.64606480e-01,5.62229077e+04
8.16000000e+01,1.64448073e-01,5.68447737e+04
8.16500000e+01,1.64289287e-01,5.74735179e+04
8.17000000e+01,1.64130695e-01,5.81092166e+04
8.17500000e+01,1.63972875e-01,5.87519465e+04
8.18000000e+01,1.63816401e-01,5.94017855e+04
8.18500000e+01,1.63661844e-01,6.00588121e+04
8.19000000e+01,1.63509765e-01,6.07231060e+04
8.19500000e+01,1.63360719e-01,6.13947474e+04
8.20000000e+01,1.63215245e-01,6.20738176e+04
8.20500000e+01,1.63073871e-01,6.27603989e+04
8.21000000e+01,1.62937104e-01,6.34545743e+04
8.21500000e+01,1.62805432e-01,6.41564277e+04
8.22000000e+01,1.62679320e-01,6.48660441e+04
8.22500000e+01,1.62559210e-01,6.55835095e+04
8.23000000e+01,1.62445518e-01,6.63089104e+04
8.23500000e+01,1.62338629e-01,6.70423349e+04
8.24000000e+01,1.62238897e-01,6.77838716e+04
8.24500000e+01,1.62146644e-01,6.85336101e+04
8.25000000e+01,1.62062160e-01,6.92916414e+04
8.25500000e+01,1.61985699e-01,7.00580570e+04
8.26000000e+01,1.61917481e-01,7.08329497e+04
8.26500000e+01,1.61857685e-01,7.16164133e+04
8.27000000e+01,1.61806449e-01,7.24085426e+04
8.27500000e+01,1.61763877e-01,7.32094334e+04
8.28000000e+01,1.61730033e-01,7.40191826e+04
8.28500000e+01,1.61704943e-01,7.48378882e+04
8.29000000e+01,1.61688587e-01,7.56656494e+04
8.29500000e+01,1.61680907e-01,7.65025661e+04
8.30000000e+01,1.61681807e-01,7.73487397e+04
8.30500000e+01,1.61691154e-01,7.82042727e+04
8.31000000e+01,1.61708779e-01,7.90692684e+04
8.31500000e+01,1.61734474e-01,7.99438317e+04
8.32000000e+01,1.61767994e-01,8.08280682e+04
8.32500000e+01,1.61809055e-01,8.17220850e+04
8.33000000e+01,1.61857339e-01,8.26259903e+04
8.33500000e+01,1.61912498e-01,8.35398935e+04
8.34000000e+01,1.61974151e-01,8.44639051e+04
8.34500000e+01,1.62041888e-01,8.53981369e+04
8.35000000e+01,1.62115276e-01,8.63427020e+04
8.35500000e+01,1.62193857e-01,8.72977146e+04
8.36000000e+01,1.62277150e-01,8.82632904e+04
8.36500000e+01,1.62364658e-01,8.92395462e+04
8.37000000e+01,1.62455863e-01,9.02266000e+04
8.37500000e+01,1.62550236e-01,9.12245714e+04
8.38000000e+01,1.62647233e-01,9.22335811e+04
8.38500000e+01,1.62746301e-01,9.32537511e+04
8.39000000e+01,1.62846877e-01,9.42852050e+04
8.39500000e+01,1.62948402e-01,9.53280674e+04
8.40000000e+01,1.63050318e-01,9.63824647e+04
8.40500000e+01,1.63152073e-01,9.74485244e+04
8.41000000e+01,1.63253116e-01,9.85263755e+04
8.41500000e+01,1.63352906e-01,9.96161484e+04
8.42000000e+01,1.63450911e-01,1.00717975e+05
8.42500000e+01,1.63546612e-01,1.01831989e+05
8.43000000e+01,1.63639507e-01,1.02958324e+05
8.43500000e+01,1.63729118e-01,1.04097117e+05
8.44000000e+01,1.63814987e-01,1.05248507e+05
8.44500000e+01,1.63896679e-01,1.06412631e+05
8.45000000e+01,1.63973787e-01,1.07589632e+05
8.45500000e+01,1.64045930e-01,1.08779651e+05
8.46000000e+01,1.64112761e-01,1.09982832e+05
8.46500000e+01,1.64173966e-01,1.11199322e+05
8.47000000e+01,1.64229269e-01,1.12429267e+05
8.47500000e+01,1.64278428e-01,1.13672816e+05
8.48000000e+01,1.64321238e-01,1.14930119e+05
8.48500000e+01,1.64357531e-01,1.16201329e+05
8.49000000e+01,1.64387178e-01,1.17486600e+05
8.49500000e+01,1.64410084e-01,1.18786087e+05
8.50000000e+01,1.64426197e-01,1.20099947e+05
8.50500000e+01,1.64435502e-01,1.21428339e+05
8.51000000e+01,1.64438026e-01,1.22771424e+05
8.51500000e+01,1.64433830e-01,1.24129365e+05
8.52000000e+01,1.64423017e-01,1.25502325e+05
8.52500000e+01,1.64405724e-01,1.26890471e+05
8.53000000e+01,1.64382130e-01,1.28293972e+05
8.53500000e+01,1.64352450e-01,1.29712996e+05
8.54000000e+01,1.64316932e-01,1.31147715e+05
8.54500000e+01,1.64275855e-01,1.32598304e+05
8.55000000e+01,1.64229529e-01,1.34064937e+05
8.55500000e+01,1.64178288e-01,1.35547792e+05
8.56000000e+01,1.64122497e-01,1.37047048e+05
8.56500000e+01,1.64062546e-01,1.38562888e+05
8.57000000e+01,1.63998848e-01,1.40095493e+05
8.57500000e+01,1.63931828e-01,1.41645051e+05
8.58000000e+01,1.63861929e-01,1.43211747e+05
8.58500000e+01,1.63789613e-01,1.44795772e+05
8.59000000e+01,1.63715352e-01,1.46397318e+05
8.59500000e+01,1.63639635e-01,1.48016578e+05
8.60000000e+01,1.63562953e-01,1.49653749e+05
8.60500000e+01,1.63485805e-01,1.51309027e+05
8.61000000e+01,1.63408686e-01,1.52982614e+05
8.61500000e+01,1.63332095e-01,1.54674713e+05
8.62000000e+01,1.63256527e-01,1.56385527e+05
8.62500000e+01,1.63182471e-01,1.58115264e+05
8.63000000e+01,1.63110403e-01,1.59864133e+05
8.63500000e+01,1.63040788e-01,1.61632346e+05
8.64000000e+01,1.62974083e-01,1.63420116e+05
8.64500000e+01,1.62910729e-01,1.65227661e+05
8.65000000e+01,1.62851148e-01,1.67055198e+05
8.65500000e+01,1.62795737e-01,1.68902949e+05
8.66000000e+01,1.62744870e-01,1.70771138e+05
8.66500000e+01,1.62698897e-01,1.72659990e+05
8.67000000e+01,1.62658144e-01,1.74569734e+05
8.67500000e+01,1.62622912e-01,1.76500601e+05
8.68000000e+01,1.62593471e-01,1.78452826e+05
8.68500000e+01,1.62570059e-01,1.80426643e+05
8.69000000e+01,1.62552888e-01,1.82422292e+05
8.69500000e+01,1.62542144e-01,1.84440014e+05
8.70000000e+01,1.62537979e-01,1.86480054e+05
8.70500000e+01,1.62540508e-01,1.88542658e+05
8.71000000e+01,1.62549812e-01,1.90628076e+05
8.71500000e+01,1.62565939e-01,1.92736560e+05
8.72000000e+01,1.62588905e-01,1.94868366e+05
8.72500000e+01,1.62618691e-01,1.97023751e+05
8.73000000e+01,1.62655246e-01,1.99202976e+05
8.73500000e+01,1.62698480e-01,2.01406305e+05
8.74000000e+01,1.62748274e-01,2.03634004e+05
8.74500000e+01,1.62804479e-01,2.05886343e+05
8.75000000e+01,1.62866913e-01,2.08163595e+05
8.75500000e+01,1.62935365e-01,2.10466035e+05
8.76000000e+01,1.63009596e-01,2.12793941e+05
8.76500000e+01,1.63089335e-01,2.15147596e+05
8.77000000e+01,1.63174284e-01,2.17527283e+05
8.77500000e+01,1.63264120e-01,2.19933292e+05
8.78000000e+01,1.63358500e-01,2.22365914e+05
8.78500000e+01,1.63457058e-01,2.24825441e+05
8.79000000e+01,1.63559412e-01,2.27312173e+05
8.79500000e+01,1.63665161e-01,2.29826410e+05
8.80000000e+01,1.63773887e-01,2.32368456e+05
8.80500000e+01,1.63885162e-01,2.34938619e+05
8.81000000e+01,1.63998544e-01,2.37537210e+05
8.81500000e+01,1.64113587e-01,2.40164543e+05
8.82000000e+01,1.64229837e-01,2.42820936e+05
8.82500000e+01,1.64346835e-01,2.45506711e+05
8.83000000e+01,1.64464121e-01,2.48222193e+05
8.83500000e+01,1.64581236e-01,2.50967710e+05
8.84000000e+01,1.64697726e-01,2.53743594e+05
8.84500000e+01,1.64813138e-01,2.56550181e+05
8.85000000e+01,1.64927028e-01,2.59387812e+05
8.85500000e+01,1.65038961e-01,2.62256828e+05
8.86000000e+01,1.65148516e-01,2.65157578e+05
8.86500000e+01,1.65255285e-01,2.68090413e+05
8.87000000e+01,1.65358880e-01,2.71055686e+05
8.87500000e+01,1.65458933e-01,2.74053758e+05
8.88000000e+01,1.65555092e-01,2.77084990e+05
8.88500000e+01,1.65647027e-01,2.80149751e+05
8.89000000e+01,1.65734432e-01,2.83248409e+05
8.89500000e+01,1.65817035e-01,2.86381341e+05
8.90000000e+01,1.65894587e-01,2.89548926e+05
8.90500000e+01,1.65966864e-01,2.92751546e+05
8.91000000e+01,1.66033676e-01,2.95989590e+05
8.91500000e+01,1.66094861e-01,2.99263448e+05
8.92000000e+01,1.66150290e-01,3.02573518e+05
8.92500000e+01,1.66199866e-01,3.05920200e+05
8.93000000e+01,1.66243527e-01,3.09303899e+05
8.93500000e+01,1.66281237e-01,3.12725023e+05
8.94000000e+01,1.66312994e-01,3.16183988e+05
8.94500000e+01,1.66338827e-01,3.19681211e+05
8.95000000e+01,1.66358801e-01,3.23217116e+05
8.95500000e+01,1.66373011e-01,3.26792131e+05
8.96000000e+01,1.66381583e-01,3.30406688e+05
8.96500000e+01,1.66384670e-01,3.34061225e+05
8.97000000e+01,1.66382454e-01,3.37756183e+05
8.97500000e+01,1.66375143e-01,3.41492011e+05
8.98000000e+01,1.66362979e-01,3.45269159e+05
8.98500000e+01,1.66346230e-01,3.49088085e+05
8.99000000e+01,1.66325189e-01,3.52949252e+05
8.99500000e+01,1.66300170e-01,3.56853126e+05
9.00000000e+01,1.66271504e-01,3.60800179e+05
9.00500000e+01,1.66239539e-01,3.64790890e+05
9.01000000e+01,1.66204640e-01,3.68825740e+05
9.01500000e+01,1.66167183e-01,3.72905219e+05
9.02000000e+01,1.66127558e-01,3.77029821e+05
9.02500000e+01,1.66086164e-01,3.81200043e+05
9.03000000e+01,1.66043407e-01,3.85416391e+05
9.03500000e+01,1.65999695e-01,3.89679374e+05
9.04000000e+01,1.65955436e-01,3.93989510e+05
9.04500000e+01,1.65911040e-01,3.98347318e+05
9.05000000e+01,1.65866914e-01,4.02753328e+05
9.05500000e+01,1.65823456e-01,4.07208070e+05
9.06000000e+01,1.65781057e-01,4.11712086e+05
9.06500000e+01,1.65740102e-01,4.16265919e+05
9.07000000e+01,1.65700962e-01,4.20870121e+05
9.07500000e+01,1.65663996e-01,4.25525248e+05
9.08000000e+01,1.65629544e-01,4.30231865e+05
9.08500000e+01,1.65597931e-01,4.34990540e+05
9.09000000e+01,1.65569464e-01,4.39801850e+05
9.09500000e+01,1.65544433e-01,4.44666376e+05
9.10000000e+01,1.65523107e-01,4.49584707e+05
9.10500000e+01,1.65505731e-01,4.54557439e+05
9.11000000e+01,1.65492526e-01,4.59585173e+05
9.11500000e+01,1.65483686e-01,4.64668517e+05
9.12000000e+01,1.65479386e-01,4.69808086e+05
9.12500000e+01,1.65479772e-01,4.75004503e+05
9.13000000e+01,1.65484962e-01,4.80258396e+05
9.13500000e+01,1.65495040e-01,4.85570401e+05
9.14000000e+01,1.65510069e-01,4.90941160e+05
9.14500000e+01,1.65530084e-01,4.96371324e+05
9.15000000e+01,1.65555098e-01,5.01861550e+05
9.15500000e+01,1.65585095e-01,5.07412501e+05
9.16000000e+01,1.65620030e-01,5.13024850e+05
9.16500000e+01,1.65659834e-01,5.18699275e+05
9.17000000e+01,1.65704408e-01,5.24436464e+05
9.17500000e+01,1.65753626e-01,5.30237110e+05
9.18000000e+01,1.65807335e-01,5.36101916e+05
9.18500000e+01,1.65865356e-01,5.42031590e+05
9.19000000e+01,1.65927486e-01,5.48026851e+05
9.19500000e+01,1.65993499e-01,5.54088424e+05
9.20000000e+01,1.66063146e-01,5.60217042e+05
9.20500000e+01,1.66136159e-01,5.66413447e+05
9.21000000e+01,1.66212252e-01,5.72678389e+05
9.21500000e+01,1.66291123e-01,5.79012626e+05
9.22000000e+01,1.66372454e-01,5.85416924e+05
9.22500000e+01,1.66455911e-01,5.91892058e+05
9.23000000e+01,1.66541153e-01,5.98438812e+05
9.23500000e+01,1.66627829e-01,6.05057978e+05
9.24000000e+01,1.66715575e-01,6.11750356e+05
9.24500000e+01,1.66804019e-01,6.18516757e+05
9.25000000e+01,1.66892778e-01,6.25357999e+05
9.25500000e+01,1.66981464e-01,6.32274910e+05
9.26000000e+01,1.67069691e-01,6.39268327e+05
9.26500000e+01,1.67157073e-01,6.46339097e+05
9.27000000e+01,1.67243230e-01,6.53488074e+05
9.27500000e+01,1.67327780e-01,6.60716125e+05
9.28000000e+01,1.67410348e-01,6.68024122e+05
9.28500000e+01,1.67490565e-01,6.75412952e+05
9.29000000e+01,1.67568075e-01,6.82883507e+05
9.29500000e+01,1.67642532e-01,6.90436692e+05
9.30000000e+01,1.67713603e-01,6.98073420e+05
9.30500000e+01,1.67780971e-01,7.05794617e+05
9.31000000e+01,1.67844338e-01,7.13601215e+05
9.31500000e+01,1.67903426e-01,7.21494160e+05
9.32000000e+01,1.67957977e-01,7.29474407e+05
9.32500000e+01,1.68007750e-01,7.37542921e+05
9.33000000e+01,1.68052529e-01,7.45700678e+05
9.33500000e+01,1.68092125e-01,7.53948666e+05
9.34000000e+01,1.68126377e-01,7.62287883e+05
9.34500000e+01,1.68155147e-01,7.70719338e+05
9.35000000e+01,1.68178325e-01,7.79244051e+05
9.35500000e+01,1.68195831e-01,7.87863053e+05
9.36000000e+01,1.68207613e-01,7.96577387e+05
9.36500000e+01,1.68213647e-01,8.05388109e+05
9.37000000e+01,1.68213938e-01,8.14296283e+05
9.37500000e+01,1.68208520e-01,8.23302988e+05
9.38000000e+01,1.68197462e-01,8.32409314e+05
9.38500000e+01,1.68180860e-01,8.41616363e+05
9.39000000e+01,1.68158839e-01,8.50925248e+05
9.39500000e+01,1.68131548e-01,8.60337096e+05
9.40000000e+01,1.68099162e-01,8.69853045e+05
9.40500000e+01,1.68061878e-01,8.79474248e+05
9.41000000e+01,1.68019919e-01,8.89201869e+05
9.41500000e+01,1.67973529e-01,8.99037084e+05
9.42000000e+01,1.67922975e-01,9.08981084e+05
9.42500000e+01,1.67868538e-01,9.19035071e+05
9.43000000e+01,1.67810518e-01,9.29200263e+05
9.43500000e+01,1.67749234e-01,9.39477889e+05
9.44000000e+01,1.67685015e-01,9.49869193e+05
9.44500000e+01,1.67618201e-01,9.60375433e+05
9.45000000e+01,1.67549142e-01,9.70997879e+05
9.45500000e+01,1.67478203e-01,9.81737817e+05
9.46000000e+01,1.67405752e-01,9.92596547e+05
9.46500000e+01,1.67332160e-01,1.00357538e+06
9.47000000e+01,1.67257797e-01,1.01467565e+06
9.47500000e+01,1.67183029e-01,1.02589870e+06
9.48000000e+01,1.67108221e-01,1.03724588e+06
9.48500000e+01,1.67033735e-01,1.04871857e+06
9.49000000e+01,1.66959934e-01,1.06031815e+06
9.49500000e+01,1.66887177e-01,1.07204604e+06
9.50000000e+01,1.66815812e-01,1.08390364e+06
9.50500000e+01,1.66746176e-01,1.09589240e+06
9.51000000e+01,1.66678589e-01,1.10801376e+06
9.51500000e+01,1.66613352e-01,1.12026919e+06
9.52000000e+01,1.66550754e-01,1.13266018e+06
9.52500000e+01,1.66491065e-01,1.14518822e+06
9.53000000e+01,1.66434537e-01,1.15785483e+06
9.53500000e+01,1.66381406e-01,1.17066154e+06
9.54000000e+01,1.66331884e-01,1.18360990e+06
9.54500000e+01,1.66286158e-01,1.19670148e+06
9.55000000e+01,1.66244401e-01,1.20993786e+06
9.55500000e+01,1.66206767e-01,1.22332065e+06
9.56000000e+01,1.66173388e-01,1.23685146e+06
9.56500000e+01,1.66144372e-01,1.25053193e+06
9.57000000e+01,1.66119794e-01,1.26436372e+06
9.57500000e+01,1.66099709e-01,1.27834849e+06
9.58000000e+01,1.66084148e-01,1.29248795e+06
9.58500000e+01,1.66073118e-01,1.30678380e+06
9.59000000e+01,1.66066598e-01,1.32123777e+06
9.59500000e+01,1.66064546e-01,1.33585162e+06
9.60000000e+01,1.66066899e-01,1.35062710e+06
9.60500000e+01,1.66073569e-01,1.36556601e+06
9.61000000e+01,1.66084447e-01,1.38067016e+06
9.61500000e+01,1.66099405e-01,1.39594137e+06
9.62000000e+01,1.66118292e-01,1.41138149e+06
9.62500000e+01,1.66140934e-01,1.42699239e+06
9.63000000e+01,1.66167134e-01,1.44277596e+06
9.63500000e+01,1.66196680e-01,1.45873410e+06
9.64000000e+01,1.66229342e-01,1.47486875e+06
9.64500000e+01,1.66264874e-01,1.49118187e+06
9.65000000e+01,1.66303016e-01,1.50767542e+06
9.65500000e+01,1.66343492e-01,1.52435140e+06
9.66000000e+01,1.66386013e-01,1.54121182e+06
9.66500000e+01,1.66430275e-01,1.55825874e+06
9.67000000e+01,1.66475971e-01,1.57549421e+06
9.67500000e+01,1.66522784e-01,1.59292031e+06
9.68000000e+01,1.66570392e-01,1.61053916e+06
9.68500000e+01,1.66618468e-01,1.62835289e+06
9.69000000e+01,1.66666680e-01,1.64636365e+06
9.69500000e+01,1.66714696e-01,1.66457362e+06
9.70000000e+01,1.66762183e-01,1.68298500e+06
9.70500000e+01,1.66808815e-01,1.70160003e+06
9.71000000e+01,1.66854265e-01,1.72042096e+06
9.71500000e+01,1.66898213e-01,1.73945006e+06
9.72000000e+01,1.66940342e-01,1.75868963e+06
9.72500000e+01,1.66980345e-01,1.77814201e+06
9.73000000e+01,1.67017930e-01,1.79780955e+06
9.73500000e+01,1.67052818e-01,1.81769462e+06
9.74000000e+01,1.67084744e-01,1.83779963e+06
9.74500000e+01,1.67113458e-01,1.85812703e+06
9.75000000e+01,1.67138730e-01,1.87867925e+06
9.75500000e+01,1.67160348e-01,1.89945880e+06
9.76000000e+01,1.67178118e-01,1.92046819e+06
9.76500000e+01,1.67191866e-01,1.94170996e+06
9.77000000e+01,1.67201443e-01,1.96318667e+06
9.77500000e+01,1.67206724e-01,1.98490093e+06
9.78000000e+01,1.67207610e-01,2.00685537e+06
9.78500000e+01,1.67204027e-01,2.02905264e+06
9.79000000e+01,1.67195923e-01,2.05149543e+06
9.79500000e+01,1.67183275e-01,2.07418645e+06
9.80000000e+01,1.67166081e-01,2.09712845e+06
9.80500000e+01,1.67144366e-01,2.12032421e+06
9.81000000e+01,1.67118174e-01,2.14377653e+06
9.81500000e+01,1.67087578e-01,2.16748824e+06
9.82000000e+01,1.67052679e-01,2.19146223e+06
9.82500000e+01,1.67013597e-01,2.21570138e+06
9.83000000e+01,1.66970475e-01,2.24020864e+06
9.83500000e+01,1.66923475e-01,2.26498697e+06
9.84000000e+01,1.66872778e-01,2.29003936e+06
9.84500000e+01,1.66818584e-01,2.31536885e+06
9.85000000e+01,1.66761111e-01,2.34097850e+06
9.85500000e+01,1.66700596e-01,2.36687142e+06
9.86000000e+01,1.66637294e-01,2.39305072e+06
9.86500000e+01,1.66571477e-01,2.41951959e+06
9.87000000e+01,1.66503430e-01,2.44628123e+06
9.87500000e+01,1.66433451e-01,2.47333887e+06
9.88000000e+01,1.66361843e-01,2.50069578e+06
9.88500000e+01,1.66288916e-01,2.52835528e+06
9.89000000e+01,1.66214987e-01,2.55632072e+06
9.89500000e+01,1.66140375e-01,2.58459547e+06
9.90000000e+01,1.66065400e-01,2.61318296e+06
9.90500000e+01,1.65990380e-01,2.64208666e+06
9.91000000e+01,1.65915632e-01,2.67131004e+06
9.91500000e+01,1.65841470e-01,2.70085666e+06
9.92000000e+01,1.65768203e-01,2.73073009e+06
9.92500000e+01,1.65696130e-01,2.76093394e+06
9.93000000e+01,1.65625542e-01,2.79147186e+06
9.93500000e+01,1.65556714e-01,2.82234756e+06
9.94000000e+01,1.65489913e-01,2.85356476e+06
9.94500000e+01,1.65425393e-01,2.88512725e+06
9.95000000e+01,1.65363398e-01,2.91703884e+06
9.95500000e+01,1.65304161e-01,2.94930339e+06
9.96000000e+01,1.65247897e-01,2.98192482e+06
9.96500000e+01,1.65194804e-01,3.01490706e+06
9.97000000e+01,1.65145065e-01,3.04825411e+06
9.97500000e+01,1.65098843e-01,3.08197001e+06
9.98000000e+01,1.65056285e-01,3.11605882e+06
9.98500000e+01,1.65017516e-01,3.15052468e+06
9.99000000e+01,1.64982642e-01,3.18537176e+06
9.99500000e+01,1.64951744e-01,3.22060428e+06
