time_ms,I_total_MA,I_re_MA,I_thermal_MA
0.00000000e+00,6.70000000e-01,6.70000000e-04,6.69330000e-01
1.40280561e-01,6.69994175e-01,6.70000000e-04,6.69324175e-01
2.80561122e-01,6.69988101e-01,6.70000000e-04,6.69318101e-01
4.20841683e-01,6.69981766e-01,6.70000000e-04,6.69311766e-01
5.61122244e-01,6.69975160e-01,6.70000000e-04,6.69305160e-01
7.01402806e-01,6.69968271e-01,6.70000000e-04,6.69298271e-01
8.41683367e-01,6.69961087e-01,6.70000000e-04,6.69291087e-01
9.81963928e-01,6.69953595e-01,6.70000000e-04,6.69283595e-01
1.12224449e+00,6.69945783e-01,6.70000000e-04,6.69275783e-01
1.26252505e+00,6.69937636e-01,6.70000000e-04,6.69267636e-01
1.40280561e+00,6.69929141e-01,6.70000000e-04,6.69259141e-01
1.54308617e+00,6.69920282e-01,6.70000000e-04,6.69250282e-01
1.68336673e+00,6.69911043e-01,6.70000000e-04,6.69241043e-01
1.82364729e+00,6.69901410e-01,6.70000000e-04,6.69231410e-01
1.96392786e+00,6.69891364e-01,6.70000000e-04,6.69221364e-01
2.10420842e+00,6.69880889e-01,6.70000000e-04,6.69210889e-01
2.24448898e+00,6.69869966e-01,6.70000000e-04,6.69199966e-01
2.38476954e+00,6.69858576e-01,6.70000000e-04,6.69188576e-01
2.52505010e+00,6.69846698e-01,6.70000000e-04,6.69176698e-01
2.66533066e+00,6.69834313e-01,6.70000000e-04,6.69164313e-01
2.80561122e+00,6.69821399e-01,6.70000000e-04,6.69151399e-01
2.94589178e+00,6.69807932e-01,6.70000000e-04,6.69137932e-01
3.08617234e+00,6.69793890e-01,6.70000000e-04,6.69123890e-01
3.22645291e+00,6.69779248e-01,6.70000000e-04,6.69109248e-01
3.36673347e+00,6.69763981e-01,6.70000000e-04,6.69093981e-01
3.50701403e+00,6.69748062e-01,6.70000000e-04,6.69078062e-01
3.64729459e+00,6.69731463e-01,6.70000000e-04,6.69061463e-01
3.78757515e+00,6.69714156e-01,6.70000000e-04,6.69044156e-01
3.92785571e+00,6.69696110e-01,6.70000000e-04,6.69026110e-01
4.06813627e+00,6.69677295e-01,6.70001676e-04,6.69007294e-01
4.20841683e+00,6.69657684e-01,6.70009084e-04,6.68987675e-01
4.34869739e+00,6.69637242e-01,6.70022458e-04,6.68967219e-01
4.48897796e+00,6.69615933e-01,6.70041909e-04,6.68945891e-01
4.62925852e+00,6.69593721e-01,6.70067566e-04,6.68923654e-01
4.76953908e+00,6.69570568e-01,6.70099598e-04,6.68900469e-01
4.90981964e+00,6.69546434e-01,6.70138201e-04,6.68876296e-01
5.05010020e+00,6.69521277e-01,6.70183591e-04,6.68851093e-01
5.19038076e+00,6.69495053e-01,6.70236019e-04,6.68824817e-01
5.33066132e+00,6.69467718e-01,6.70295750e-04,6.68797422e-01
5.47094188e+00,6.69439224e-01,6.70363081e-04,6.68768861e-01
5.61122244e+00,6.69409523e-01,6.70438330e-04,6.68739084e-01
5.75150301e+00,6.69378563e-01,6.70521832e-04,6.68708041e-01
5.89178357e+00,6.69346292e-01,6.70613954e-04,6.68675678e-01
6.03206413e+00,6.69312654e-01,6.70715075e-04,6.68641939e-01
6.17234469e+00,6.69277591e-01,6.70825603e-04,6.68606766e-01
6.31262525e+00,6.69241044e-01,6.70945964e-04,6.68570098e-01
6.45290581e+00,6.69202950e-01,6.71076603e-04,6.68531873e-01
6.59318637e+00,6.69163244e-01,6.71217993e-04,6.68492026e-01
6.73346693e+00,6.69121858e-01,6.71370616e-04,6.68450487e-01
6.87374749e+00,6.69078721e-01,6.71534986e-04,6.68407186e-01
7.01402806e+00,6.69033760e-01,6.71711631e-04,6.68362048e-01
7.15430862e+00,6.68986899e-01,6.71901098e-04,6.68314998e-01
7.29458918e+00,6.68938057e-01,6.72103962e-04,6.68265953e-01
7.43486974e+00,6.68887153e-01,6.72320809e-04,6.68214832e-01
7.57515030e+00,6.68834098e-01,6.72552253e-04,6.68161546e-01
7.71543086e+00,6.68778804e-01,6.72798928e-04,6.68106005e-01
7.85571142e+00,6.68721177e-01,6.73061486e-04,6.68048116e-01
7.99599198e+00,6.68661119e-01,6.73340610e-04,6.67987778e-01
8.13627255e+00,6.68598529e-01,6.73636996e-04,6.67924892e-01
8.27655311e+00,6.68533300e-01,6.73951374e-04,6.67859349e-01
8.41683367e+00,6.68465324e-01,6.74284497e-04,6.67791040e-01
8.55711423e+00,6.68394486e-01,6.74637140e-04,6.67719849e-01
8.69739479e+00,6.68320666e-01,6.75010117e-04,6.67645656e-01
8.83767535e+00,6.68243741e-01,6.75404259e-04,6.67568337e-01
8.97795591e+00,6.68163582e-01,6.75820441e-04,6.67487762e-01
9.11823647e+00,6.68080055e-01,6.76259565e-04,6.67403795e-01
9.25851703e+00,6.67993020e-01,6.76722566e-04,6.67316297e-01
9.39879760e+00,6.67902331e-01,6.77210429e-04,6.67225121e-01
9.53907816e+00,6.67807840e-01,6.77724158e-04,6.67130115e-01
9.67935872e+00,6.67709386e-01,6.78264820e-04,6.67031122e-01
9.81963928e+00,6.67606809e-01,6.78833515e-04,6.66927975e-01
9.95991984e+00,6.67499938e-01,6.79431385e-04,6.66820506e-01
1.01002004e+01,6.67388595e-01,6.80059638e-04,6.66708535e-01
1.02404810e+01,6.67272599e-01,6.80719509e-04,6.66591879e-01
1.03807615e+01,6.67151757e-01,6.81412312e-04,6.66470345e-01
1.05210421e+01,6.67025872e-01,6.82139405e-04,6.66343733e-01
1.06613226e+01,6.66894738e-01,6.82902200e-04,6.66211836e-01
1.08016032e+01,6.66758140e-01,6.83702195e-04,6.66074437e-01
1.09418838e+01,6.66615855e-01,6.84540920e-04,6.65931314e-01
1.10821643e+01,6.66467653e-01,6.85420009e-04,6.65782233e-01
1.12224449e+01,6.66313292e-01,6.86341148e-04,6.65626951e-01
1.13627255e+01,6.66152525e-01,6.87306098e-04,6.65465219e-01
1.15030060e+01,6.65985090e-01,6.88316723e-04,6.65296773e-01
1.16432866e+01,6.65810720e-01,6.89374933e-04,6.65121345e-01
1.17835671e+01,6.65629135e-01,6.90482766e-04,6.64938652e-01
1.19238477e+01,6.65440043e-01,6.91642329e-04,6.64748401e-01
1.20641283e+01,6.65243146e-01,6.92855821e-04,6.64550290e-01
1.22044088e+01,6.65038128e-01,6.94125574e-04,6.64344003e-01
1.23446894e+01,6.64824669e-01,6.95453978e-04,6.64129215e-01
1.24849699e+01,6.64602429e-01,6.96843584e-04,6.63905585e-01
1.26252505e+01,6.64371059e-01,6.98297032e-04,6.63672762e-01
1.27655311e+01,6.64130200e-01,6.99817079e-04,6.63430383e-01
1.29058116e+01,6.63879473e-01,7.01406646e-04,6.63178067e-01
1.30460922e+01,6.63618492e-01,7.03068744e-04,6.62915424e-01
1.31863727e+01,6.63346852e-01,7.04806569e-04,6.62642045e-01
1.33266533e+01,6.63064135e-01,7.06623426e-04,6.62357512e-01
1.34669339e+01,6.62769908e-01,7.08522820e-04,6.62061385e-01
1.36072144e+01,6.62463723e-01,7.10508376e-04,6.61753214e-01
1.37474950e+01,6.62145113e-01,7.12583938e-04,6.61432529e-01
1.38877756e+01,6.61813600e-01,7.14753486e-04,6.61098847e-01
1.40280561e+01,6.61468683e-01,7.17021242e-04,6.60751662e-01
1.41683367e+01,6.61109849e-01,7.19391577e-04,6.60390458e-01
1.43086172e+01,6.60736563e-01,7.21869129e-04,6.60014694e-01
1.44488978e+01,6.60348273e-01,7.24458706e-04,6.59623815e-01
1.45891784e+01,6.59944409e-01,7.27165406e-04,6.59217244e-01
1.47294589e+01,6.59524382e-01,7.29994521e-04,6.58794387e-01
1.48697395e+01,6.59087579e-01,7.32951664e-04,6.58354627e-01
1.50100200e+01,6.58633374e-01,7.36042661e-04,6.57897331e-01
1.51503006e+01,6.58161113e-01,7.39273699e-04,6.57421839e-01
1.52905812e+01,6.57670126e-01,7.42651201e-04,6.56927475e-01
1.54308617e+01,6.57159718e-01,7.46181988e-04,6.56413536e-01
1.55711423e+01,6.56629174e-01,7.49873167e-04,6.55879301e-01
1.57114228e+01,6.56077756e-01,7.53732240e-04,6.55324024e-01
1.58517034e+01,6.55504701e-01,7.57767093e-04,6.54746934e-01
1.59919840e+01,6.54909226e-01,7.61985998e-04,6.54147240e-01
1.61322645e+01,6.54290522e-01,7.66397687e-04,6.53524124e-01
1.62725451e+01,6.53647755e-01,7.71011333e-04,6.52876744e-01
1.64128257e+01,6.52980069e-01,7.75836584e-04,6.52204233e-01
1.65531062e+01,6.52286581e-01,7.80883632e-04,6.51505698e-01
1.66933868e+01,6.51566385e-01,7.86163177e-04,6.50780222e-01
1.68336673e+01,6.50818546e-01,7.91686520e-04,6.50026860e-01
1.69739479e+01,6.50042107e-01,7.97465581e-04,6.49244641e-01
1.71142285e+01,6.49236083e-01,8.03512894e-04,6.48432570e-01
1.72545090e+01,6.48399463e-01,8.09841731e-04,6.47589622e-01
1.73947896e+01,6.47531212e-01,8.16466079e-04,6.46714746e-01
1.75350701e+01,6.46630265e-01,8.23400697e-04,6.45806865e-01
1.76753507e+01,6.45695535e-01,8.30661196e-04,6.44864874e-01
1.78156313e+01,6.44725906e-01,8.38264069e-04,6.43887641e-01
1.79559118e+01,6.43720235e-01,8.46226752e-04,6.42874009e-01
1.80961924e+01,6.42677358e-01,8.54567687e-04,6.41822790e-01
1.82364729e+01,6.41596079e-01,8.63306385e-04,6.40732773e-01
1.83767535e+01,6.40475183e-01,8.72463517e-04,6.39602719e-01
1.85170341e+01,6.39313424e-01,8.82060970e-04,6.38431364e-01
1.86573146e+01,6.38109538e-01,8.92121937e-04,6.37217416e-01
1.87975952e+01,6.36862232e-01,9.02671002e-04,6.35959561e-01
1.89378758e+01,6.35570193e-01,9.13734235e-04,6.34656459e-01
1.90781563e+01,6.34232085e-01,9.25339320e-04,6.33306746e-01
1.92184369e+01,6.32846551e-01,9.37515634e-04,6.31909035e-01
1.93587174e+01,6.31412213e-01,9.50294386e-04,6.30461919e-01
1.94989980e+01,6.29927676e-01,9.63708729e-04,6.28963968e-01
1.96392786e+01,6.28391526e-01,9.77793904e-04,6.27413732e-01
1.97795591e+01,6.26802333e-01,9.92587423e-04,6.25809746e-01
1.99198397e+01,6.25158653e-01,1.00812919e-03,6.24150524e-01
2.00601202e+01,6.23459028e-01,1.02446169e-03,6.22434567e-01
2.02004008e+01,6.21701993e-01,1.04163016e-03,6.20660362e-01
2.03406814e+01,6.19886069e-01,1.05968283e-03,6.18826386e-01
2.04809619e+01,6.18009774e-01,1.07867113e-03,6.16931103e-01
2.06212425e+01,6.16071623e-01,1.09864988e-03,6.14972973e-01
2.07615230e+01,6.14070128e-01,1.11967762e-03,6.12950450e-01
2.09018036e+01,6.12003802e-01,1.14181684e-03,6.10861985e-01
2.10420842e+01,6.09871166e-01,1.16513426e-03,6.08706031e-01
2.11823647e+01,6.07670745e-01,1.18970123e-03,6.06481043e-01
2.13226453e+01,6.05401078e-01,1.21559398e-03,6.04185484e-01
2.14629259e+01,6.03060718e-01,1.24289406e-03,6.01817824e-01
2.16032064e+01,6.00648239e-01,1.27168872e-03,5.99376550e-01
2.17434870e+01,5.98162235e-01,1.30207136e-03,5.96860164e-01
2.18837675e+01,5.95601330e-01,1.33414201e-03,5.94267188e-01
2.20240481e+01,5.92964178e-01,1.36800780e-03,5.91596171e-01
2.21643287e+01,5.90249473e-01,1.40378355e-03,5.88845689e-01
2.23046092e+01,5.87455946e-01,1.44159234e-03,5.86014353e-01
2.24448898e+01,5.84582378e-01,1.48156619e-03,5.83100812e-01
2.25851703e+01,5.81627602e-01,1.52384669e-03,5.80103755e-01
2.27254509e+01,5.78590508e-01,1.56858580e-03,5.77021922e-01
2.28657315e+01,5.75470050e-01,1.61594663e-03,5.73854103e-01
2.30060120e+01,5.72265252e-01,1.66610429e-03,5.70599148e-01
2.31462926e+01,5.68975214e-01,1.71924687e-03,5.67255967e-01
2.32865731e+01,5.65599116e-01,1.77557642e-03,5.63823540e-01
2.34268537e+01,5.62136231e-01,1.83530999e-03,5.60300921e-01
2.35671343e+01,5.58585923e-01,1.89868085e-03,5.56687242e-01
2.37074148e+01,5.54947660e-01,1.96593971e-03,5.52981720e-01
2.38476954e+01,5.51221020e-01,2.03735605e-03,5.49183664e-01
2.39879760e+01,5.47405696e-01,2.11321958e-03,5.45292476e-01
2.41282565e+01,5.43501504e-01,2.19384174e-03,5.41307662e-01
2.42685371e+01,5.39508391e-01,2.27955738e-03,5.37228834e-01
2.44088176e+01,5.35426442e-01,2.37072648e-03,5.33055716e-01
2.45490982e+01,5.31255888e-01,2.46773605e-03,5.28788152e-01
2.46893788e+01,5.26997108e-01,2.57100208e-03,5.24426106e-01
2.48296593e+01,5.22650646e-01,2.68097176e-03,5.19969674e-01
2.49699399e+01,5.18217208e-01,2.79812558e-03,5.15419083e-01
2.51102204e+01,5.13697677e-01,2.92297989e-03,5.10774698e-01
2.52505010e+01,5.09093115e-01,3.05608923e-03,5.06037026e-01
2.53907816e+01,5.04404772e-01,3.19804920e-03,5.01206723e-01
2.55310621e+01,4.99634093e-01,3.34949909e-03,4.96284593e-01
2.56713427e+01,4.94782720e-01,3.51112487e-03,4.91271595e-01
2.58116232e+01,4.89852508e-01,3.68366235e-03,4.86168845e-01
2.59519038e+01,4.84845519e-01,3.86790019e-03,4.80977618e-01
2.60921844e+01,4.79764036e-01,4.06468349e-03,4.75699353e-01
2.62324649e+01,4.74610566e-01,4.27491693e-03,4.70335649e-01
2.63727455e+01,4.69387844e-01,4.49956863e-03,4.64888275e-01
2.65130261e+01,4.64098835e-01,4.73967346e-03,4.59359162e-01
2.66533066e+01,4.58746746e-01,4.99633704e-03,4.53750409e-01
2.67935872e+01,4.53335019e-01,5.27073926e-03,4.48064280e-01
2.69338677e+01,4.47867342e-01,5.56413813e-03,4.42303204e-01
2.70741483e+01,4.42347646e-01,5.87787352e-03,4.36469772e-01
2.72144289e+01,4.36780108e-01,6.21337084e-03,4.30566737e-01
2.73547094e+01,4.31169155e-01,6.57214463e-03,4.24597011e-01
2.74949900e+01,4.25519458e-01,6.95580201e-03,4.18563656e-01
2.76352705e+01,4.19835936e-01,7.36604593e-03,4.12469890e-01
2.77755511e+01,4.14123750e-01,7.80467813e-03,4.06319072e-01
2.79158317e+01,4.08388304e-01,8.27360184e-03,4.00114703e-01
2.80561122e+01,4.02635241e-01,8.77482402e-03,3.93860417e-01
2.81963928e+01,3.96870433e-01,9.31045718e-03,3.87559976e-01
2.83366733e+01,3.91099982e-01,9.88272056e-03,3.81217262e-01
2.84769539e+01,3.85330207e-01,1.04939407e-02,3.74836267e-01
2.86172345e+01,3.79567640e-01,1.11465513e-02,3.68421089e-01
2.87575150e+01,3.73819011e-01,1.18430923e-02,3.61975918e-01
2.88977956e+01,3.68091240e-01,1.25862077e-02,3.55505032e-01
2.90380762e+01,3.62391426e-01,1.33786429e-02,3.49012783e-01
2.91783567e+01,3.56726826e-01,1.42232404e-02,3.42503586e-01
2.93186373e+01,3.51104848e-01,1.51229345e-02,3.35981913e-01
2.94589178e+01,3.45533023e-01,1.60807446e-02,3.29452279e-01
2.95991984e+01,3.40018997e-01,1.70997677e-02,3.22919229e-01
2.97394790e+01,3.34570500e-01,1.81831680e-02,3.16387333e-01
2.98797595e+01,3.29195331e-01,1.93341666e-02,3.09861165e-01
3.00200401e+01,3.23901329e-01,2.05560288e-02,3.03345300e-01
3.01603206e+01,3.18696350e-01,2.18520497e-02,2.96844300e-01
3.03006012e+01,3.13588236e-01,2.32255386e-02,2.90362698e-01
3.04408818e+01,3.08584793e-01,2.46798015e-02,2.83904992e-01
3.05811623e+01,3.03693754e-01,2.62181226e-02,2.77475631e-01
3.07214429e+01,2.98922748e-01,2.78437432e-02,2.71079005e-01
3.08617234e+01,2.94279272e-01,2.95598405e-02,2.64719432e-01
3.10020040e+01,2.89770654e-01,3.13695043e-02,2.58401149e-01
3.11422846e+01,2.85404017e-01,3.32757133e-02,2.52128303e-01
3.12825651e+01,2.81186248e-01,3.52813094e-02,2.45904939e-01
3.14228457e+01,2.77123961e-01,3.73889721e-02,2.39734989e-01
3.15631263e+01,2.73223462e-01,3.96011924e-02,2.33622269e-01
3.17034068e+01,2.69490711e-01,4.19202466e-02,2.27570465e-01
3.18436874e+01,2.65931297e-01,4.43481698e-02,2.21583128e-01
3.19839679e+01,2.62550394e-01,4.68867293e-02,2.15663665e-01
3.21242485e+01,2.59352735e-01,4.95374004e-02,2.09815335e-01
3.22645291e+01,2.56342583e-01,5.23013416e-02,2.04041241e-01
3.24048096e+01,2.53523698e-01,5.51793717e-02,1.98344326e-01
3.25450902e+01,2.50899318e-01,5.81719495e-02,1.92727368e-01
3.26853707e+01,2.48472129e-01,6.12791534e-02,1.87192976e-01
3.28256513e+01,2.46244252e-01,6.45006665e-02,1.81743586e-01
3.29659319e+01,2.44217220e-01,6.78357603e-02,1.76381460e-01
3.31062124e+01,2.42391970e-01,7.12832862e-02,1.71108684e-01
3.32464930e+01,2.40768832e-01,7.48416650e-02,1.65927167e-01
3.33867735e+01,2.39347523e-01,7.85088838e-02,1.60838639e-01
3.35270541e+01,2.38127148e-01,8.22824942e-02,1.55844654e-01
3.36673347e+01,2.37106200e-01,8.61596144e-02,1.50946585e-01
3.38076152e+01,2.36282571e-01,9.01369360e-02,1.46145635e-01
3.39478958e+01,2.35653562e-01,9.42107321e-02,1.41442830e-01
3.40881764e+01,2.35215897e-01,9.83768725e-02,1.36839025e-01
3.42284569e+01,2.34965746e-01,1.02630838e-01,1.32334908e-01
3.43687375e+01,2.34898744e-01,1.06967742e-01,1.27931001e-01
3.45090180e+01,2.35010023e-01,1.11382354e-01,1.23627669e-01
3.46492986e+01,2.35294238e-01,1.15869122e-01,1.19425116e-01
3.47895792e+01,2.35745604e-01,1.20422206e-01,1.15323398e-01
3.49298597e+01,2.36357929e-01,1.25035506e-01,1.11322423e-01
3.50701403e+01,2.37124652e-01,1.29702693e-01,1.07421958e-01
3.52104208e+01,2.38038885e-01,1.34417249e-01,1.03621636e-01
3.53507014e+01,2.39093454e-01,1.39172495e-01,9.99209581e-02
3.54909820e+01,2.40280938e-01,1.43961635e-01,9.63193034e-02
3.56312625e+01,2.41593719e-01,1.48777786e-01,9.28159327e-02
3.57715431e+01,2.43024017e-01,1.53614020e-01,8.94099979e-02
3.59118236e+01,2.44563938e-01,1.58463395e-01,8.61005429e-02
3.60521042e+01,2.46205515e-01,1.63319000e-01,8.28865152e-02
3.61923848e+01,2.47940747e-01,1.68173977e-01,7.97667704e-02
3.63326653e+01,2.49761643e-01,1.73021564e-01,7.67400794e-02
3.64729459e+01,2.51660258e-01,1.77855125e-01,7.38051326e-02
3.66132265e+01,2.53628726e-01,1.82668178e-01,7.09605485e-02
3.67535070e+01,2.55659302e-01,1.87454422e-01,6.82048795e-02
3.68937876e+01,2.57744385e-01,1.92207767e-01,6.55366177e-02
3.70340681e+01,2.59876552e-01,1.96922351e-01,6.29542010e-02
3.71743487e+01,2.62048585e-01,2.01592566e-01,6.04560188e-02
3.73146293e+01,2.64253493e-01,2.06213075e-01,5.80404185e-02
3.74549098e+01,2.66484532e-01,2.10778823e-01,5.57057099e-02
3.75951904e+01,2.68735227e-01,2.15285056e-01,5.34501716e-02
3.77354709e+01,2.70999384e-01,2.19727328e-01,5.12720557e-02
3.78757515e+01,2.73271103e-01,2.24101511e-01,4.91695926e-02
3.80160321e+01,2.75544791e-01,2.28403795e-01,4.71409961e-02
3.81563126e+01,2.77815165e-01,2.32630698e-01,4.51844677e-02
3.82965932e+01,2.80077262e-01,2.36779061e-01,4.32982011e-02
3.84368737e+01,2.82326438e-01,2.40846052e-01,4.14803861e-02
3.85771543e+01,2.84558369e-01,2.44829156e-01,3.97292123e-02
3.87174349e+01,2.86769052e-01,2.48726178e-01,3.80428734e-02
3.88577154e+01,2.88954798e-01,2.52535229e-01,3.64195697e-02
3.89979960e+01,2.91112233e-01,2.56254721e-01,3.48575118e-02
3.91382766e+01,2.93238283e-01,2.59883360e-01,3.33549237e-02
3.92785571e+01,2.95330175e-01,2.63420130e-01,3.19100451e-02
3.94188377e+01,2.97385422e-01,2.66864288e-01,3.05211340e-02
3.95591182e+01,2.99401815e-01,2.70215346e-01,2.91864693e-02
3.96993988e+01,3.01377413e-01,2.73473061e-01,2.79043528e-02
3.98396794e+01,3.03310532e-01,2.76637421e-01,2.66731109e-02
3.99799599e+01,3.05199731e-01,2.79708634e-01,2.54910966e-02
4.01202405e+01,3.07043799e-01,2.82687108e-01,2.43566909e-02
4.02605210e+01,3.08841748e-01,2.85573444e-01,2.32683041e-02
4.04008016e+01,3.10592795e-01,2.88368417e-01,2.22243774e-02
4.05410822e+01,3.12296348e-01,2.91072964e-01,2.12233835e-02
4.06813627e+01,3.13951997e-01,2.93688169e-01,2.02638274e-02
4.08216433e+01,3.15559501e-01,2.96215254e-01,1.93442478e-02
4.09619238e+01,3.17118776e-01,2.98655559e-01,1.84632173e-02
4.11022044e+01,3.18629878e-01,3.01010535e-01,1.76193428e-02
4.12424850e+01,3.20092997e-01,3.03281730e-01,1.68112662e-02
4.13827655e+01,3.21508440e-01,3.05470776e-01,1.60376638e-02
4.15230461e+01,3.22876627e-01,3.07579380e-01,1.52972478e-02
4.16633267e+01,3.24198076e-01,3.09609310e-01,1.45887661e-02
4.18036072e+01,3.25473389e-01,3.11562389e-01,1.39110001e-02
4.19438878e+01,3.26703251e-01,3.13440483e-01,1.32627681e-02
4.20841683e+01,3.27888415e-01,3.15245492e-01,1.26429235e-02
4.22244489e+01,3.29029692e-01,3.16979341e-01,1.20503508e-02
4.23647295e+01,3.30127953e-01,3.18643977e-01,1.14839754e-02
4.25050100e+01,3.31184103e-01,3.20241354e-01,1.09427487e-02
4.26452906e+01,3.32199097e-01,3.21773432e-01,1.04256647e-02
4.27855711e+01,3.33173909e-01,3.23242170e-01,9.93173874e-03
4.29258517e+01,3.34109549e-01,3.24649517e-01,9.46003220e-03
4.30661323e+01,3.35007039e-01,3.25997410e-01,9.00962860e-03
4.32064128e+01,3.35867416e-01,3.27287772e-01,8.57964421e-03
4.33466934e+01,3.36691730e-01,3.28522498e-01,8.16923212e-03
4.34869739e+01,3.37481032e-01,3.29703466e-01,7.77756639e-03
4.36272545e+01,3.38236375e-01,3.30832517e-01,7.40385878e-03
4.37675351e+01,3.38958810e-01,3.31911467e-01,7.04734327e-03
4.39078156e+01,3.39649379e-01,3.32942092e-01,6.70728755e-03
4.40480962e+01,3.40309120e-01,3.33926138e-01,6.38298139e-03
4.41883768e+01,3.40939053e-01,3.34865307e-01,6.07374598e-03
4.43286573e+01,3.41540191e-01,3.35761267e-01,5.77892408e-03
4.44689379e+01,3.42113524e-01,3.36615637e-01,5.49788749e-03
4.46092184e+01,3.42660030e-01,3.37430001e-01,5.23002907e-03
4.47494990e+01,3.43180664e-01,3.38205896e-01,4.97476833e-03
4.48897796e+01,3.43676363e-01,3.38944817e-01,4.73154538e-03
4.50300601e+01,3.44148039e-01,3.39648215e-01,4.49982455e-03
4.51703407e+01,3.44596585e-01,3.40317495e-01,4.27909032e-03
4.53106212e+01,3.45022869e-01,3.40954020e-01,4.06884911e-03
4.54509018e+01,3.45427735e-01,3.41559108e-01,3.86862689e-03
4.55911824e+01,3.45812002e-01,3.42134033e-01,3.67796947e-03
4.57314629e+01,3.46176467e-01,3.42680025e-01,3.49644155e-03
4.58717435e+01,3.46521900e-01,3.43198274e-01,3.32362574e-03
4.60120240e+01,3.46849046e-01,3.43689923e-01,3.15912290e-03
4.61523046e+01,3.47158630e-01,3.44156081e-01,3.00254955e-03
4.62925852e+01,3.47451346e-01,3.44597806e-01,2.85354039e-03
4.64328657e+01,3.47727871e-01,3.45016127e-01,2.71174380e-03
4.65731463e+01,3.47988851e-01,3.45412026e-01,2.57682516e-03
4.67134269e+01,3.48234916e-01,3.45786453e-01,2.44846306e-03
4.68537074e+01,3.48466668e-01,3.46140318e-01,2.32635082e-03
4.69939880e+01,3.48684692e-01,3.46474497e-01,2.21019522e-03
4.71342685e+01,3.48889548e-01,3.46789833e-01,2.09971533e-03
4.72745491e+01,3.49081777e-01,3.47087133e-01,1.99464384e-03
4.74148297e+01,3.49261901e-01,3.47367177e-01,1.89472392e-03
4.75551102e+01,3.49430423e-01,3.47630711e-01,1.79971169e-03
4.76953908e+01,3.49587828e-01,3.47878455e-01,1.70937307e-03
4.78356713e+01,3.49734584e-01,3.48111099e-01,1.62348535e-03
4.79759519e+01,3.49871144e-01,3.48329309e-01,1.54183536e-03
4.81162325e+01,3.49997944e-01,3.48533724e-01,1.46422029e-03
4.82565130e+01,3.50115408e-01,3.48724963e-01,1.39044565e-03
4.83967936e+01,3.50223945e-01,3.48903618e-01,1.32032718e-03
4.85370741e+01,3.50323953e-01,3.49070265e-01,1.25368752e-03
4.86773547e+01,3.50415816e-01,3.49225456e-01,1.19035934e-03
4.88176353e+01,3.50499908e-01,3.49369727e-01,1.13018110e-03
4.89579158e+01,3.50576592e-01,3.49503591e-01,1.07300084e-03
4.90981964e+01,3.50646220e-01,3.49627549e-01,1.01867162e-03
4.92384770e+01,3.50709134e-01,3.49742079e-01,9.67055419e-04
4.93787575e+01,3.50765666e-01,3.49847647e-01,9.18018824e-04
4.95190381e+01,3.50816135e-01,3.49944699e-01,8.71436352e-04
4.96593186e+01,3.50860852e-01,3.50033665e-01,8.27187135e-04
4.97995992e+01,3.50900115e-01,3.50114958e-01,7.85157011e-04
4.99398798e+01,3.50934212e-01,3.50188975e-01,7.45236599e-04
5.00801603e+01,3.50963415e-01,3.50256093e-01,7.07322096e-04
5.02204409e+01,3.50987986e-01,3.50316672e-01,6.71314514e-04
5.03607214e+01,3.51008174e-01,3.50371054e-01,6.37119574e-04
5.05010020e+01,3.51024208e-01,3.50419561e-01,6.04647740e-04
5.06412826e+01,3.51036308e-01,3.50462495e-01,5.73813397e-04
5.07815631e+01,3.51044673e-01,3.50500137e-01,5.44535611e-04
5.09218437e+01,3.51049487e-01,3.50532751e-01,5.16736670e-04
5.10621242e+01,3.51050915e-01,3.50560571e-01,4.90343434e-04
5.12024048e+01,3.51049104e-01,3.50583818e-01,4.65285425e-04
5.13426854e+01,3.51044177e-01,3.50602681e-01,4.41496530e-04
5.14829659e+01,3.51036243e-01,3.50617330e-01,4.18912913e-04
5.16232465e+01,3.51025377e-01,3.50627902e-01,3.97474774e-04
5.17635271e+01,3.51011637e-01,3.50634512e-01,3.77124383e-04
5.19038076e+01,3.50995043e-01,3.50637236e-01,3.57807571e-04
5.20440882e+01,3.50976791e-01,3.50637318e-01,3.39472348e-04
5.21843687e+01,3.50959388e-01,3.50637318e-01,3.22069431e-04
5.23246493e+01,3.50942870e-01,3.50637318e-01,3.05552066e-04
5.24649299e+01,3.50927194e-01,3.50637318e-01,2.89875500e-04
5.26052104e+01,3.50912316e-01,3.50637318e-01,2.74997787e-04
5.27454910e+01,3.50898197e-01,3.50637318e-01,2.60878175e-04
5.28857715e+01,3.50884797e-01,3.50637318e-01,2.47478836e-04
5.30260521e+01,3.50872082e-01,3.50637318e-01,2.34763262e-04
5.31663327e+01,3.50860015e-01,3.50637318e-01,2.22696785e-04
5.33066132e+01,3.50848565e-01,3.50637318e-01,2.11246886e-04
5.34468938e+01,3.50837700e-01,3.50637318e-01,2.00381975e-04
5.35871743e+01,3.50827391e-01,3.50637318e-01,1.90072750e-04
5.37274549e+01,3.50817609e-01,3.50637318e-01,1.80290927e-04
5.38677355e+01,3.50808328e-01,3.50637318e-01,1.71009668e-04
5.40080160e+01,3.50799522e-01,3.50637318e-01,1.62203798e-04
5.41482966e+01,3.50791167e-01,3.50637318e-01,1.53848870e-04
5.42885772e+01,3.50783241e-01,3.50637318e-01,1.45922222e-04
5.44288577e+01,3.50775720e-01,3.50637318e-01,1.38401974e-04
5.45691383e+01,3.50768586e-01,3.50637318e-01,1.31267381e-04
5.47094188e+01,3.50761817e-01,3.50637318e-01,1.24498982e-04
5.48496994e+01,3.50755396e-01,3.50637318e-01,1.18077884e-04
5.49899800e+01,3.50749305e-01,3.50637318e-01,1.11986584e-04
5.51302605e+01,3.50743527e-01,3.50637318e-01,1.06208178e-04
5.52705411e+01,3.50738045e-01,3.50637318e-01,1.00726652e-04
5.54108216e+01,3.50732845e-01,3.50637318e-01,9.55269803e-05
5.55511022e+01,3.50727913e-01,3.50637318e-01,9.05945815e-05
5.56913828e+01,3.50723234e-01,3.50637318e-01,8.59159509e-05
5.58316633e+01,3.50718796e-01,3.50637318e-01,8.14780462e-05
5.59719439e+01,3.50714587e-01,3.50637318e-01,7.72685187e-05
5.61122244e+01,3.50710594e-01,3.50637318e-01,7.32757783e-05
5.62525050e+01,3.50706807e-01,3.50637318e-01,6.94885841e-05
5.63927856e+01,3.50703215e-01,3.50637318e-01,6.58965276e-05
5.65330661e+01,3.50699808e-01,3.50637318e-01,6.24895552e-05
5.66733467e+01,3.50696577e-01,3.50637318e-01,5.92581540e-05
5.68136273e+01,3.50693512e-01,3.50637318e-01,5.61933930e-05
5.69539078e+01,3.50690605e-01,3.50637318e-01,5.32866142e-05
5.70941884e+01,3.50687848e-01,3.50637318e-01,5.05298025e-05
5.72344689e+01,3.50685234e-01,3.50637318e-01,4.79152148e-05
5.73747495e+01,3.50682754e-01,3.50637318e-01,4.54355291e-05
5.75150301e+01,3.50680402e-01,3.50637318e-01,4.30838692e-05
5.76553106e+01,3.50678172e-01,3.50637318e-01,4.08535716e-05
5.77955912e+01,3.50676057e-01,3.50637318e-01,3.87384690e-05
5.79358717e+01,3.50674051e-01,3.50637318e-01,3.67326027e-05
5.80761523e+01,3.50672149e-01,3.50637318e-01,3.48303408e-05
5.82164329e+01,3.50670345e-01,3.50637318e-01,3.30263930e-05
5.83567134e+01,3.50668634e-01,3.50637318e-01,3.13156344e-05
5.84969940e+01,3.50667012e-01,3.50637318e-01,2.96933229e-05
5.86372745e+01,3.50665473e-01,3.50637318e-01,2.81548756e-05
5.87775551e+01,3.50664014e-01,3.50637318e-01,2.66959637e-05
5.89178357e+01,3.50662631e-01,3.50637318e-01,2.53125194e-05
5.90581162e+01,3.50661319e-01,3.50637318e-01,2.40006037e-05
5.91983968e+01,3.50660075e-01,3.50637318e-01,2.27565722e-05
5.93386774e+01,3.50658895e-01,3.50637318e-01,2.15769025e-05
5.94789579e+01,3.50657777e-01,3.50637318e-01,2.04582689e-05
5.96192385e+01,3.50656716e-01,3.50637318e-01,1.93975455e-05
5.97595190e+01,3.50655710e-01,3.50637318e-01,1.83917062e-05
5.98997996e+01,3.50654756e-01,3.50637318e-01,1.74379518e-05
6.00400802e+01,3.50653852e-01,3.50637318e-01,1.65335762e-05
6.01803607e+01,3.50652994e-01,3.50637318e-01,1.56760258e-05
6.03206413e+01,3.50652181e-01,3.50637318e-01,1.48628993e-05
6.04609218e+01,3.50651410e-01,3.50637318e-01,1.40918734e-05
6.06012024e+01,3.50650679e-01,3.50637318e-01,1.33607986e-05
6.07414830e+01,3.50649986e-01,3.50637318e-01,1.26675971e-05
6.08817635e+01,3.50649329e-01,3.50637318e-01,1.20103090e-05
6.10220441e+01,3.50648705e-01,3.50637318e-01,1.13870902e-05
6.11623246e+01,3.50648115e-01,3.50637318e-01,1.07961577e-05
6.13026052e+01,3.50647554e-01,3.50637318e-01,1.02358618e-05
6.14428858e+01,3.50647023e-01,3.50637318e-01,9.70460750e-06
6.15831663e+01,3.50646519e-01,3.50637318e-01,9.20089093e-06
6.17234469e+01,3.50646042e-01,3.50637318e-01,8.72329686e-06
6.18637275e+01,3.50645589e-01,3.50637318e-01,8.27045709e-06
6.20040080e+01,3.50645159e-01,3.50637318e-01,7.84110596e-06
6.21442886e+01,3.50644752e-01,3.50637318e-01,7.43401948e-06
6.22845691e+01,3.50644366e-01,3.50637318e-01,7.04804424e-06
6.24248497e+01,3.50644000e-01,3.50637318e-01,6.68209424e-06
6.25651303e+01,3.50643654e-01,3.50637318e-01,6.33512006e-06
6.27054108e+01,3.50643325e-01,3.50637318e-01,6.00615089e-06
6.28456914e+01,3.50643013e-01,3.50637318e-01,5.69424777e-06
6.29859719e+01,3.50642717e-01,3.50637318e-01,5.39852625e-06
6.31262525e+01,3.50642437e-01,3.50637318e-01,5.11815323e-06
6.32665331e+01,3.50642171e-01,3.50637318e-01,4.85232402e-06
6.34068136e+01,3.50641919e-01,3.50637318e-01,4.60029411e-06
6.35470942e+01,3.50641680e-01,3.50637318e-01,4.36134343e-06
6.36873747e+01,3.50641453e-01,3.50637318e-01,4.13479390e-06
6.38276553e+01,3.50641238e-01,3.50637318e-01,3.92000658e-06
6.39679359e+01,3.50641035e-01,3.50637318e-01,3.71636456e-06
6.41082164e+01,3.50640842e-01,3.50637318e-01,3.52329706e-06
6.42484970e+01,3.50640659e-01,3.50637318e-01,3.34025192e-06
6.43887776e+01,3.50640485e-01,3.50637318e-01,3.16670944e-06
6.45290581e+01,3.50640321e-01,3.50637318e-01,3.00217966e-06
6.46693387e+01,3.50640165e-01,3.50637318e-01,2.84618976e-06
6.48096192e+01,3.50640017e-01,3.50637318e-01,2.69830217e-06
6.49498998e+01,3.50639876e-01,3.50637318e-01,2.55809362e-06
6.50901804e+01,3.50639744e-01,3.50637318e-01,2.42516584e-06
6.52304609e+01,3.50639618e-01,3.50637318e-01,2.29914319e-06
6.53707415e+01,3.50639498e-01,3.50637318e-01,2.17966333e-06
6.55110220e+01,3.50639385e-01,3.50637318e-01,2.06639089e-06
6.56513026e+01,3.50639277e-01,3.50637318e-01,1.95900146e-06
6.57915832e+01,3.50639176e-01,3.50637318e-01,1.85718985e-06
6.59318637e+01,3.50639079e-01,3.50637318e-01,1.76066812e-06
6.60721443e+01,3.50638988e-01,3.50637318e-01,1.66915865e-06
6.62124248e+01,3.50638901e-01,3.50637318e-01,1.58240443e-06
6.63527054e+01,3.50638819e-01,3.50637318e-01,1.50015684e-06
6.64929860e+01,3.50638741e-01,3.50637318e-01,1.42218206e-06
6.66332665e+01,3.50638667e-01,3.50637318e-01,1.34825941e-06
6.67735471e+01,3.50638597e-01,3.50637318e-01,1.27817619e-06
6.69138277e+01,3.50638530e-01,3.50637318e-01,1.21173548e-06
6.70541082e+01,3.50638467e-01,3.50637318e-01,1.14874676e-06
6.71943888e+01,3.50638407e-01,3.50637318e-01,1.08903092e-06
6.73346693e+01,3.50638351e-01,3.50637318e-01,1.03241884e-06
6.74749499e+01,3.50638297e-01,3.50637318e-01,9.78747592e-07
6.76152305e+01,3.50638246e-01,3.50637318e-01,9.27866300e-07
6.77555110e+01,3.50638198e-01,3.50637318e-01,8.79628967e-07
6.78957916e+01,3.50638152e-01,3.50637318e-01,8.33898438e-07
6.80360721e+01,3.50638109e-01,3.50637318e-01,7.90545101e-07
6.81763527e+01,3.50638068e-01,3.50637318e-01,7.49444164e-07
6.83166333e+01,3.50638029e-01,3.50637318e-01,7.10480054e-07
6.84569138e+01,3.50637992e-01,3.50637318e-01,6.73540883e-07
6.85971944e+01,3.50637957e-01,3.50637318e-01,6.38521644e-07
6.87374749e+01,3.50637924e-01,3.50637318e-01,6.05323012e-07
6.88777555e+01,3.50637892e-01,3.50637318e-01,5.73849413e-07
6.90180361e+01,3.50637862e-01,3.50637318e-01,5.44012322e-07
6.91583166e+01,3.50637834e-01,3.50637318e-01,5.15726000e-07
6.92985972e+01,3.50637807e-01,3.50637318e-01,4.88910056e-07
6.94388778e+01,3.50637782e-01,3.50637318e-01,4.63488383e-07
6.95791583e+01,3.50637758e-01,3.50637318e-01,4.39387789e-07
6.97194389e+01,3.50637735e-01,3.50637318e-01,4.16540458e-07
6.98597194e+01,3.50637713e-01,3.50637318e-01,3.94880715e-07
7.00000000e+01,3.50637693e-01,3.50637318e-01,3.74347090e-07
