t_over_tau_th, nr_over_ntot_with_avalanche, nr_over_ntot_without_avalanche
0.00000000e+00,1.00000000e-20,1.00000000e-20
2.00100050e-01,4.38842692e-07,4.38841341e-07
4.00200100e-01,8.77687693e-07,8.77682496e-07
6.00300150e-01,1.31653520e-06,1.31652345e-06
8.00400200e-01,1.75538501e-06,1.75536422e-06
1.00050025e+00,2.19423732e-06,2.19420479e-06
1.20060030e+00,2.63309195e-06,2.63304518e-06
1.40070035e+00,3.07194907e-06,3.07188536e-06
1.60080040e+00,3.51080850e-06,3.51072536e-06
1.80090045e+00,3.94967044e-06,3.94956516e-06
2.00100050e+00,4.38853469e-06,4.38840478e-06
2.20110055e+00,4.82740143e-06,4.82724419e-06
2.40120060e+00,5.26627049e-06,5.26608342e-06
2.60130065e+00,5.70514205e-06,5.70492245e-06
2.80140070e+00,6.14401592e-06,6.14376130e-06
3.00150075e+00,6.58289229e-06,6.58259994e-06
3.20160080e+00,7.02177097e-06,7.02143840e-06
3.40170085e+00,7.46065215e-06,7.46027666e-06
3.60180090e+00,7.89953564e-06,7.89911474e-06
3.80190095e+00,8.33842163e-06,8.33795261e-06
4.00200100e+00,8.77730994e-06,8.77679030e-06
4.20210105e+00,9.21620074e-06,9.21562779e-06
4.40220110e+00,9.65509386e-06,9.65446509e-06
4.60230115e+00,1.00939895e-05,1.00933022e-05
4.80240120e+00,1.05328874e-05,1.05321391e-05
5.00250125e+00,1.09717878e-05,1.09709758e-05
5.20260130e+00,1.14106906e-05,1.14098124e-05
5.40270135e+00,1.18495958e-05,1.18486487e-05
5.60280140e+00,1.22885034e-05,1.22874848e-05
5.80290145e+00,1.27274134e-05,1.27263208e-05
6.00300150e+00,1.31663258e-05,1.31651566e-05
6.20310155e+00,1.36052406e-05,1.36039921e-05
6.40320160e+00,1.40441578e-05,1.40428275e-05
6.60330165e+00,1.44830775e-05,1.44816627e-05
6.80340170e+00,1.49219995e-05,1.49204977e-05
7.00350175e+00,1.53609239e-05,1.53593325e-05
7.20360180e+00,1.57998507e-05,1.57981671e-05
7.40370185e+00,1.62387800e-05,1.62370015e-05
7.60380190e+00,1.66777116e-05,1.66758357e-05
7.80390195e+00,1.71166457e-05,1.71146697e-05
8.00400200e+00,1.75555822e-05,1.75535036e-05
8.20410205e+00,1.79945211e-05,1.79923372e-05
8.40420210e+00,1.84334623e-05,1.84311707e-05
8.60430215e+00,1.88724061e-05,1.88700039e-05
8.80440220e+00,1.93113521e-05,1.93088370e-05
9.00450225e+00,1.97503006e-05,1.97476698e-05
9.20460230e+00,2.01892515e-05,2.01865025e-05
9.40470235e+00,2.06282049e-05,2.06253350e-05
9.60480240e+00,2.10671605e-05,2.10641673e-05
9.80490245e+00,2.15061187e-05,2.15029994e-05
1.00050025e+01,2.19450792e-05,2.19418313e-05
1.02051026e+01,2.23840422e-05,2.23806630e-05
1.04052026e+01,2.28230074e-05,2.28194946e-05
1.06053027e+01,2.32619752e-05,2.32583259e-05
1.08054027e+01,2.37009453e-05,2.36971570e-05
1.10055028e+01,2.41399179e-05,2.41359880e-05
1.12056028e+01,2.45788929e-05,2.45748187e-05
1.14057029e+01,2.50178703e-05,2.50136493e-05
1.16058029e+01,2.54568500e-05,2.54524796e-05
1.18059030e+01,2.58958322e-05,2.58913098e-05
1.20060030e+01,2.63348168e-05,2.63301398e-05
1.22061031e+01,2.67738038e-05,2.67689696e-05
1.24062031e+01,2.72127932e-05,2.72077992e-05
1.26063032e+01,2.76517850e-05,2.76466286e-05
1.28064032e+01,2.80907792e-05,2.80854578e-05
1.30065033e+01,2.85297759e-05,2.85242868e-05
1.32066033e+01,2.89687749e-05,2.89631157e-05
1.34067034e+01,2.94077763e-05,2.94019443e-05
1.36068034e+01,2.98467801e-05,2.98407727e-05
1.38069035e+01,3.02857864e-05,3.02796010e-05
1.40070035e+01,3.07247950e-05,3.07184290e-05
1.42071036e+01,3.11638061e-05,3.11572569e-05
1.44072036e+01,3.16028195e-05,3.15960846e-05
1.46073037e+01,3.20418354e-05,3.20349120e-05
1.48074037e+01,3.24808537e-05,3.24737393e-05
1.50075038e+01,3.29198744e-05,3.29125664e-05
1.52076038e+01,3.33588975e-05,3.33513933e-05
1.54077039e+01,3.37979230e-05,3.37902200e-05
1.56078039e+01,3.42369509e-05,3.42290466e-05
1.58079040e+01,3.46759812e-05,3.46678729e-05
1.60080040e+01,3.51150139e-05,3.51066990e-05
1.62081041e+01,3.55540490e-05,3.55455249e-05
1.64082041e+01,3.59930865e-05,3.59843507e-05
1.66083042e+01,3.64321265e-05,3.64231762e-05
1.68084042e+01,3.68711688e-05,3.68620016e-05
1.70085043e+01,3.73102136e-05,3.73008268e-05
1.72086043e+01,3.77492607e-05,3.77396517e-05
1.74087044e+01,3.81883103e-05,3.81784765e-05
1.76088044e+01,3.86273622e-05,3.86173011e-05
1.78089045e+01,3.90664166e-05,3.90561255e-05
1.80090045e+01,3.95054734e-05,3.94949497e-05
1.82091046e+01,3.99445326e-05,3.99337737e-05
1.84092046e+01,4.03835941e-05,4.03725976e-05
1.86093047e+01,4.08226582e-05,4.08114212e-05
1.88094047e+01,4.12617246e-05,4.12502446e-05
1.90095048e+01,4.17007934e-05,4.16890679e-05
1.92096048e+01,4.21398646e-05,4.21278909e-05
1.94097049e+01,4.25789382e-05,4.25667138e-05
1.96098049e+01,4.30180142e-05,4.30055364e-05
1.98099050e+01,4.34570927e-05,4.34443589e-05
2.00100050e+01,4.38961735e-05,4.38831812e-05
2.02101051e+01,4.43352568e-05,4.43220033e-05
2.04102051e+01,4.47743424e-05,4.47608252e-05
2.06103052e+01,4.52134305e-05,4.51996469e-05
2.08104052e+01,4.56525210e-05,4.56384684e-05
2.10105053e+01,4.60916139e-05,4.60772897e-05
2.12106053e+01,4.65307091e-05,4.65161108e-05
2.14107054e+01,4.69698068e-05,4.69549317e-05
2.16108054e+01,4.74089069e-05,4.73937525e-05
2.18109055e+01,4.78480095e-05,4.78325730e-05
2.20110055e+01,4.82871143e-05,4.82713934e-05
2.22111056e+01,4.87262217e-05,4.87102135e-05
2.24112056e+01,4.91653314e-05,4.91490335e-05
2.26113057e+01,4.96044435e-05,4.95878533e-05
2.28114057e+01,5.00435580e-05,5.00266729e-05
2.30115058e+01,5.04826750e-05,5.04654923e-05
2.32116058e+01,5.09217943e-05,5.09043115e-05
2.34117059e+01,5.13609161e-05,5.13431305e-05
2.36118059e+01,5.18000403e-05,5.17819493e-05
2.38119060e+01,5.22391669e-05,5.22207679e-05
2.40120060e+01,5.26782958e-05,5.26595863e-05
2.42121061e+01,5.31174272e-05,5.30984046e-05
2.44122061e+01,5.35565610e-05,5.35372226e-05
2.46123062e+01,5.39956972e-05,5.39760405e-05
2.48124062e+01,5.44348358e-05,5.44148581e-05
2.50125063e+01,5.48739768e-05,5.48536756e-05
2.52126063e+01,5.53131202e-05,5.52924928e-05
2.54127064e+01,5.57522661e-05,5.57313099e-05
2.56128064e+01,5.61914143e-05,5.61701268e-05
2.58129065e+01,5.66305650e-05,5.66089435e-05
2.60130065e+01,5.70697180e-05,5.70477600e-05
2.62131066e+01,5.75088735e-05,5.74865763e-05
2.64132066e+01,5.79480313e-05,5.79253924e-05
2.66133067e+01,5.83871916e-05,5.83642084e-05
2.68134067e+01,5.88263542e-05,5.88030241e-05
2.70135068e+01,5.92655193e-05,5.92418396e-05
2.72136068e+01,5.97046868e-05,5.96806550e-05
2.74137069e+01,6.01438567e-05,6.01194701e-05
2.76138069e+01,6.05830290e-05,6.05582851e-05
2.78139070e+01,6.10222037e-05,6.09970999e-05
2.80140070e+01,6.14613808e-05,6.14359144e-05
2.82141071e+01,6.19005604e-05,6.18747288e-05
2.84142071e+01,6.23397423e-05,6.23135430e-05
2.86143072e+01,6.27789267e-05,6.27523570e-05
2.88144072e+01,6.32181134e-05,6.31911708e-05
2.90145073e+01,6.36573026e-05,6.36299844e-05
2.92146073e+01,6.40964941e-05,6.40687979e-05
2.94147074e+01,6.45356881e-05,6.45076111e-05
2.96148074e+01,6.49748844e-05,6.49464241e-05
2.98149075e+01,6.54140832e-05,6.53852370e-05
3.00150075e+01,6.58532844e-05,6.58240496e-05
3.02151076e+01,6.62924880e-05,6.62628621e-05
3.04152076e+01,6.67316940e-05,6.67016743e-05
3.06153077e+01,6.71709024e-05,6.71404864e-05
3.08154077e+01,6.76101132e-05,6.75792983e-05
3.10155078e+01,6.80493265e-05,6.80181100e-05
3.12156078e+01,6.84885421e-05,6.84569215e-05
3.14157079e+01,6.89277601e-05,6.88957328e-05
3.16158079e+01,6.93669806e-05,6.93345439e-05
3.18159080e+01,6.98062034e-05,6.97733548e-05
3.20160080e+01,7.02454287e-05,7.02121655e-05
3.22161081e+01,7.06846564e-05,7.06509761e-05
3.24162081e+01,7.11238864e-05,7.10897864e-05
3.26163082e+01,7.15631189e-05,7.15285966e-05
3.28164082e+01,7.20023538e-05,7.19674065e-05
3.30165083e+01,7.24415911e-05,7.24062163e-05
3.32166083e+01,7.28808308e-05,7.28450258e-05
3.34167084e+01,7.33200729e-05,7.32838352e-05
3.36168084e+01,7.37593174e-05,7.37226444e-05
3.38169085e+01,7.41985644e-05,7.41614534e-05
3.40170085e+01,7.46378137e-05,7.46002622e-05
3.42171086e+01,7.50770654e-05,7.50390708e-05
3.44172086e+01,7.55163196e-05,7.54778792e-05
3.46173087e+01,7.59555762e-05,7.59166874e-05
3.48174087e+01,7.63948351e-05,7.63554955e-05
3.50175088e+01,7.68340965e-05,7.67943033e-05
3.52176088e+01,7.72733602e-05,7.72331109e-05
3.54177089e+01,7.77126264e-05,7.76719184e-05
3.56178089e+01,7.81518950e-05,7.81107257e-05
3.58179090e+01,7.85911660e-05,7.85495327e-05
3.60180090e+01,7.90304394e-05,7.89883396e-05
3.62181091e+01,7.94697153e-05,7.94271463e-05
3.64182091e+01,7.99089935e-05,7.98659528e-05
3.66183092e+01,8.03482741e-05,8.03047591e-05
3.68184092e+01,8.07875571e-05,8.07435652e-05
3.70185093e+01,8.12268426e-05,8.11823711e-05
3.72186093e+01,8.16661304e-05,8.16211768e-05
3.74187094e+01,8.21054207e-05,8.20599823e-05
3.76188094e+01,8.25447134e-05,8.24987877e-05
3.78189095e+01,8.29840085e-05,8.29375928e-05
3.80190095e+01,8.34233059e-05,8.33763977e-05
3.82191096e+01,8.38626058e-05,8.38152025e-05
3.84192096e+01,8.43019081e-05,8.42540071e-05
3.86193097e+01,8.47412128e-05,8.46928114e-05
3.88194097e+01,8.51805199e-05,8.51316156e-05
3.90195098e+01,8.56198295e-05,8.55704196e-05
3.92196098e+01,8.60591414e-05,8.60092234e-05
3.94197099e+01,8.64984557e-05,8.64480270e-05
3.96198099e+01,8.69377725e-05,8.68868304e-05
3.98199100e+01,8.73770916e-05,8.73256336e-05
4.00200100e+01,8.78164132e-05,8.77644366e-05
4.02201101e+01,8.82557372e-05,8.82032395e-05
4.04202101e+01,8.86950635e-05,8.86420421e-05
4.06203102e+01,8.91343923e-05,8.90808445e-05
4.08204102e+01,8.95737235e-05,8.95196468e-05
4.10205103e+01,9.00130571e-05,8.99584489e-05
4.12206103e+01,9.04523931e-05,9.03972507e-05
4.14207104e+01,9.08917315e-05,9.08360524e-05
4.16208104e+01,9.13310723e-05,9.12748539e-05
4.18209105e+01,9.17704156e-05,9.17136552e-05
4.20210105e+01,9.22097612e-05,9.21524563e-05
4.22211106e+01,9.26491093e-05,9.25912572e-05
4.24212106e+01,9.30884597e-05,9.30300579e-05
4.26213107e+01,9.35278126e-05,9.34688584e-05
4.28214107e+01,9.39671678e-05,9.39076587e-05
4.30215108e+01,9.44065255e-05,9.43464589e-05
4.32216108e+01,9.48458856e-05,9.47852588e-05
4.34217109e+01,9.52852481e-05,9.52240585e-05
4.36218109e+01,9.57246130e-05,9.56628581e-05
4.38219110e+01,9.61639803e-05,9.61016575e-05
4.40220110e+01,9.66033500e-05,9.65404566e-05
4.42221111e+01,9.70427221e-05,9.69792556e-05
4.44222111e+01,9.74820967e-05,9.74180544e-05
4.46223112e+01,9.79214736e-05,9.78568530e-05
4.48224112e+01,9.83608529e-05,9.82956514e-05
4.50225113e+01,9.88002347e-05,9.87344496e-05
4.52226113e+01,9.92396189e-05,9.91732476e-05
4.54227114e+01,9.96790054e-05,9.96120454e-05
4.56228114e+01,1.00118394e-04,1.00050843e-04
4.58229115e+01,1.00557786e-04,1.00489641e-04
4.60230115e+01,1.00997180e-04,1.00928438e-04
4.62231116e+01,1.01436576e-04,1.01367235e-04
4.64232116e+01,1.01875974e-04,1.01806032e-04
4.66233117e+01,1.02315375e-04,1.02244828e-04
4.68234117e+01,1.02754779e-04,1.02683625e-04
4.70235118e+01,1.03194185e-04,1.03122421e-04
4.72236118e+01,1.03633593e-04,1.03561217e-04
4.74237119e+01,1.04073004e-04,1.04000013e-04
4.76238119e+01,1.04512417e-04,1.04438809e-04
4.78239120e+01,1.04951832e-04,1.04877604e-04
4.80240120e+01,1.05391250e-04,1.05316400e-04
4.82241121e+01,1.05830670e-04,1.05755195e-04
4.84242121e+01,1.06270093e-04,1.06193990e-04
4.86243122e+01,1.06709518e-04,1.06632784e-04
4.88244122e+01,1.07148946e-04,1.07071579e-04
4.90245123e+01,1.07588376e-04,1.07510373e-04
4.92246123e+01,1.08027808e-04,1.07949167e-04
4.94247124e+01,1.08467243e-04,1.08387961e-04
4.96248124e+01,1.08906680e-04,1.08826755e-04
4.98249125e+01,1.09346119e-04,1.09265549e-04
5.00250125e+01,1.09785561e-04,1.09704342e-04
5.02251126e+01,1.10225006e-04,1.10143135e-04
5.04252126e+01,1.10664452e-04,1.10581928e-04
5.06253127e+01,1.11103902e-04,1.11020721e-04
5.08254127e+01,1.11543353e-04,1.11459514e-04
5.10255128e+01,1.11982807e-04,1.11898306e-04
5.12256128e+01,1.12422264e-04,1.12337099e-04
5.14257129e+01,1.12861722e-04,1.12775891e-04
5.16258129e+01,1.13301184e-04,1.13214682e-04
5.18259130e+01,1.13740647e-04,1.13653474e-04
5.20260130e+01,1.14180113e-04,1.14092266e-04
5.22261131e+01,1.14619582e-04,1.14531057e-04
5.24262131e+01,1.15059053e-04,1.14969848e-04
5.26263132e+01,1.15498526e-04,1.15408639e-04
5.28264132e+01,1.15938001e-04,1.15847430e-04
5.30265133e+01,1.16377480e-04,1.16286220e-04
5.32266133e+01,1.16816960e-04,1.16725010e-04
5.34267134e+01,1.17256443e-04,1.17163800e-04
5.36268134e+01,1.17695928e-04,1.17602590e-04
5.38269135e+01,1.18135416e-04,1.18041380e-04
5.40270135e+01,1.18574906e-04,1.18480170e-04
5.42271136e+01,1.19014399e-04,1.18918959e-04
5.44272136e+01,1.19453894e-04,1.19357748e-04
5.46273137e+01,1.19893391e-04,1.19796537e-04
5.48274137e+01,1.20332891e-04,1.20235326e-04
5.50275138e+01,1.20772393e-04,1.20674115e-04
5.52276138e+01,1.21211897e-04,1.21112903e-04
5.54277139e+01,1.21651404e-04,1.21551691e-04
5.56278139e+01,1.22090914e-04,1.21990479e-04
5.58279140e+01,1.22530426e-04,1.22429267e-04
5.60280140e+01,1.22969940e-04,1.22868055e-04
5.62281141e+01,1.23409456e-04,1.23306842e-04
5.64282141e+01,1.23848975e-04,1.23745629e-04
5.66283142e+01,1.24288497e-04,1.24184416e-04
5.68284142e+01,1.24728021e-04,1.24623203e-04
5.70285143e+01,1.25167547e-04,1.25061990e-04
5.72286143e+01,1.25607076e-04,1.25500776e-04
5.74287144e+01,1.26046607e-04,1.25939562e-04
5.76288144e+01,1.26486140e-04,1.26378349e-04
5.78289145e+01,1.26925676e-04,1.26817134e-04
5.80290145e+01,1.27365214e-04,1.27255920e-04
5.82291146e+01,1.27804755e-04,1.27694706e-04
5.84292146e+01,1.28244298e-04,1.28133491e-04
5.86293147e+01,1.28683844e-04,1.28572276e-04
5.88294147e+01,1.29123392e-04,1.29011061e-04
5.90295148e+01,1.29562942e-04,1.29449846e-04
5.92296148e+01,1.30002495e-04,1.29888630e-04
5.94297149e+01,1.30442050e-04,1.30327415e-04
5.96298149e+01,1.30881607e-04,1.30766199e-04
5.98299150e+01,1.31321167e-04,1.31204983e-04
6.00300150e+01,1.31760730e-04,1.31643766e-04
6.02301151e+01,1.32200295e-04,1.32082550e-04
6.04302151e+01,1.32639862e-04,1.32521333e-04
6.06303152e+01,1.33079431e-04,1.32960117e-04
6.08304152e+01,1.33519003e-04,1.33398900e-04
6.10305153e+01,1.33958578e-04,1.33837682e-04
6.12306153e+01,1.34398155e-04,1.34276465e-04
6.14307154e+01,1.34837734e-04,1.34715247e-04
6.16308154e+01,1.35277316e-04,1.35154030e-04
6.18309155e+01,1.35716900e-04,1.35592812e-04
6.20310155e+01,1.36156486e-04,1.36031594e-04
6.22311156e+01,1.36596075e-04,1.36470375e-04
6.24312156e+01,1.37035666e-04,1.36909157e-04
6.26313157e+01,1.37475260e-04,1.37347938e-04
6.28314157e+01,1.37914856e-04,1.37786719e-04
6.30315158e+01,1.38354455e-04,1.38225500e-04
6.32316158e+01,1.38794056e-04,1.38664281e-04
6.34317159e+01,1.39233659e-04,1.39103061e-04
6.36318159e+01,1.39673265e-04,1.39541841e-04
6.38319160e+01,1.40112873e-04,1.39980621e-04
6.40320160e+01,1.40552483e-04,1.40419401e-04
6.42321161e+01,1.40992096e-04,1.40858181e-04
6.44322161e+01,1.41431712e-04,1.41296961e-04
6.46323162e+01,1.41871330e-04,1.41735740e-04
6.48324162e+01,1.42310950e-04,1.42174519e-04
6.50325163e+01,1.42750572e-04,1.42613298e-04
6.52326163e+01,1.43190197e-04,1.43052077e-04
6.54327164e+01,1.43629825e-04,1.43490855e-04
6.56328164e+01,1.44069455e-04,1.43929634e-04
6.58329165e+01,1.44509087e-04,1.44368412e-04
6.60330165e+01,1.44948722e-04,1.44807190e-04
6.62331166e+01,1.45388359e-04,1.45245968e-04
6.64332166e+01,1.45827998e-04,1.45684745e-04
6.66333167e+01,1.46267640e-04,1.46123523e-04
6.68334167e+01,1.46707284e-04,1.46562300e-04
6.70335168e+01,1.47146931e-04,1.47001077e-04
6.72336168e+01,1.47586580e-04,1.47439854e-04
6.74337169e+01,1.48026232e-04,1.47878630e-04
6.76338169e+01,1.48465885e-04,1.48317407e-04
6.78339170e+01,1.48905542e-04,1.48756183e-04
6.80340170e+01,1.49345201e-04,1.49194959e-04
6.82341171e+01,1.49784862e-04,1.49633735e-04
6.84342171e+01,1.50224525e-04,1.50072511e-04
6.86343172e+01,1.50664191e-04,1.50511286e-04
6.88344172e+01,1.51103860e-04,1.50950062e-04
6.90345173e+01,1.51543530e-04,1.51388837e-04
6.92346173e+01,1.51983204e-04,1.51827612e-04
6.94347174e+01,1.52422879e-04,1.52266386e-04
6.96348174e+01,1.52862557e-04,1.52705161e-04
6.98349175e+01,1.53302238e-04,1.53143935e-04
7.00350175e+01,1.53741920e-04,1.53582709e-04
7.02351176e+01,1.54181606e-04,1.54021483e-04
7.04352176e+01,1.54621293e-04,1.54460257e-04
7.06353177e+01,1.55060983e-04,1.54899030e-04
7.08354177e+01,1.55500676e-04,1.55337804e-04
7.10355178e+01,1.55940371e-04,1.55776577e-04
7.12356178e+01,1.56380068e-04,1.56215350e-04
7.14357179e+01,1.56819768e-04,1.56654123e-04
7.16358179e+01,1.57259470e-04,1.57092895e-04
7.18359180e+01,1.57699174e-04,1.57531668e-04
7.20360180e+01,1.58138881e-04,1.57970440e-04
7.22361181e+01,1.58578591e-04,1.58409212e-04
7.24362181e+01,1.59018302e-04,1.58847984e-04
7.26363182e+01,1.59458017e-04,1.59286756e-04
7.28364182e+01,1.59897733e-04,1.59725527e-04
7.30365183e+01,1.60337452e-04,1.60164298e-04
7.32366183e+01,1.60777174e-04,1.60603069e-04
7.34367184e+01,1.61216897e-04,1.61041840e-04
7.36368184e+01,1.61656624e-04,1.61480611e-04
7.38369185e+01,1.62096352e-04,1.61919381e-04
7.40370185e+01,1.62536083e-04,1.62358152e-04
7.42371186e+01,1.62975817e-04,1.62796922e-04
7.44372186e+01,1.63415552e-04,1.63235692e-04
7.46373187e+01,1.63855291e-04,1.63674461e-04
7.48374187e+01,1.64295031e-04,1.64113231e-04
7.50375188e+01,1.64734774e-04,1.64552000e-04
7.52376188e+01,1.65174520e-04,1.64990769e-04
7.54377189e+01,1.65614268e-04,1.65429538e-04
7.56378189e+01,1.66054018e-04,1.65868307e-04
7.58379190e+01,1.66493771e-04,1.66307075e-04
7.60380190e+01,1.66933526e-04,1.66745844e-04
7.62381191e+01,1.67373284e-04,1.67184612e-04
7.64382191e+01,1.67813043e-04,1.67623380e-04
7.66383192e+01,1.68252806e-04,1.68062148e-04
7.68384192e+01,1.68692571e-04,1.68500915e-04
7.70385193e+01,1.69132338e-04,1.68939683e-04
7.72386193e+01,1.69572107e-04,1.69378450e-04
7.74387194e+01,1.70011879e-04,1.69817217e-04
7.76388194e+01,1.70451654e-04,1.70255984e-04
7.78389195e+01,1.70891431e-04,1.70694750e-04
7.80390195e+01,1.71331210e-04,1.71133517e-04
7.82391196e+01,1.71770991e-04,1.71572283e-04
7.84392196e+01,1.72210775e-04,1.72011049e-04
7.86393197e+01,1.72650562e-04,1.72449815e-04
7.88394197e+01,1.73090351e-04,1.72888581e-04
7.90395198e+01,1.73530142e-04,1.73327346e-04
7.92396198e+01,1.73969936e-04,1.73766111e-04
7.94397199e+01,1.74409732e-04,1.74204877e-04
7.96398199e+01,1.74849530e-04,1.74643641e-04
7.98399200e+01,1.75289331e-04,1.75082406e-04
8.00400200e+01,1.75729134e-04,1.75521171e-04
8.02401201e+01,1.76168940e-04,1.75959935e-04
8.04402201e+01,1.76608748e-04,1.76398699e-04
8.06403202e+01,1.77048559e-04,1.76837463e-04
8.08404202e+01,1.77488372e-04,1.77276227e-04
8.10405203e+01,1.77928187e-04,1.77714990e-04
8.12406203e+01,1.78368005e-04,1.78153754e-04
8.14407204e+01,1.78807825e-04,1.78592517e-04
8.16408204e+01,1.79247648e-04,1.79031280e-04
8.18409205e+01,1.79687473e-04,1.79470043e-04
8.20410205e+01,1.80127300e-04,1.79908805e-04
8.22411206e+01,1.80567130e-04,1.80347568e-04
8.24412206e+01,1.81006962e-04,1.80786330e-04
8.26413207e+01,1.81446797e-04,1.81225092e-04
8.28414207e+01,1.81886634e-04,1.81663854e-04
8.30415208e+01,1.82326473e-04,1.82102615e-04
8.32416208e+01,1.82766315e-04,1.82541377e-04
8.34417209e+01,1.83206160e-04,1.82980138e-04
8.36418209e+01,1.83646006e-04,1.83418899e-04
8.38419210e+01,1.84085855e-04,1.83857660e-04
8.40420210e+01,1.84525707e-04,1.84296420e-04
8.42421211e+01,1.84965561e-04,1.84735181e-04
8.44422211e+01,1.85405417e-04,1.85173941e-04
8.46423212e+01,1.85845276e-04,1.85612701e-04
8.48424212e+01,1.86285137e-04,1.86051461e-04
8.50425213e+01,1.86725001e-04,1.86490221e-04
8.52426213e+01,1.87164867e-04,1.86928980e-04
8.54427214e+01,1.87604735e-04,1.87367740e-04
8.56428214e+01,1.88044606e-04,1.87806499e-04
8.58429215e+01,1.88484479e-04,1.88245258e-04
8.60430215e+01,1.88924355e-04,1.88684016e-04
8.62431216e+01,1.89364233e-04,1.89122775e-04
8.64432216e+01,1.89804113e-04,1.89561533e-04
8.66433217e+01,1.90243996e-04,1.90000292e-04
8.68434217e+01,1.90683881e-04,1.90439049e-04
8.70435218e+01,1.91123769e-04,1.90877807e-04
8.72436218e+01,1.91563659e-04,1.91316565e-04
8.74437219e+01,1.92003551e-04,1.91755322e-04
8.76438219e+01,1.92443446e-04,1.92194079e-04
8.78439220e+01,1.92883344e-04,1.92632836e-04
8.80440220e+01,1.93323243e-04,1.93071593e-04
8.82441221e+01,1.93763146e-04,1.93510350e-04
8.84442221e+01,1.94203050e-04,1.93949106e-04
8.86443222e+01,1.94642957e-04,1.94387862e-04
8.88444222e+01,1.95082866e-04,1.94826619e-04
8.90445223e+01,1.95522778e-04,1.95265374e-04
8.92446223e+01,1.95962692e-04,1.95704130e-04
8.94447224e+01,1.96402609e-04,1.96142885e-04
8.96448224e+01,1.96842528e-04,1.96581641e-04
8.98449225e+01,1.97282449e-04,1.97020396e-04
9.00450225e+01,1.97722373e-04,1.97459151e-04
9.02451226e+01,1.98162299e-04,1.97897905e-04
9.04452226e+01,1.98602228e-04,1.98336660e-04
9.06453227e+01,1.99042159e-04,1.98775414e-04
9.08454227e+01,1.99482093e-04,1.99214168e-04
9.10455228e+01,1.99922028e-04,1.99652922e-04
9.12456228e+01,2.00361967e-04,2.00091676e-04
9.14457229e+01,2.00801907e-04,2.00530430e-04
9.16458229e+01,2.01241851e-04,2.00969183e-04
9.18459230e+01,2.01681796e-04,2.01407936e-04
9.20460230e+01,2.02121744e-04,2.01846689e-04
9.22461231e+01,2.02561694e-04,2.02285442e-04
9.24462231e+01,2.03001647e-04,2.02724194e-04
9.26463232e+01,2.03441602e-04,2.03162947e-04
9.28464232e+01,2.03881560e-04,2.03601699e-04
9.30465233e+01,2.04321520e-04,2.04040451e-04
9.32466233e+01,2.04761482e-04,2.04479203e-04
9.34467234e+01,2.05201447e-04,2.04917954e-04
9.36468234e+01,2.05641414e-04,2.05356706e-04
9.38469235e+01,2.06081384e-04,2.05795457e-04
9.40470235e+01,2.06521356e-04,2.06234208e-04
9.42471236e+01,2.06961330e-04,2.06672959e-04
9.44472236e+01,2.07401307e-04,2.07111709e-04
9.46473237e+01,2.07841286e-04,2.07550460e-04
9.48474237e+01,2.08281268e-04,2.07989210e-04
9.50475238e+01,2.08721252e-04,2.08427960e-04
9.52476238e+01,2.09161239e-04,2.08866710e-04
9.54477239e+01,2.09601228e-04,2.09305460e-04
9.56478239e+01,2.10041219e-04,2.09744209e-04
9.58479240e+01,2.10481213e-04,2.10182959e-04
9.60480240e+01,2.10921209e-04,2.10621708e-04
9.62481241e+01,2.11361207e-04,2.11060457e-04
9.64482241e+01,2.11801208e-04,2.11499205e-04
9.66483242e+01,2.12241212e-04,2.11937954e-04
9.68484242e+01,2.12681218e-04,2.12376702e-04
9.70485243e+01,2.13121226e-04,2.12815450e-04
9.72486243e+01,2.13561236e-04,2.13254198e-04
9.74487244e+01,2.14001249e-04,2.13692946e-04
9.76488244e+01,2.14441265e-04,2.14131694e-04
9.78489245e+01,2.14881283e-04,2.14570441e-04
9.80490245e+01,2.15321303e-04,2.15009188e-04
9.82491246e+01,2.15761326e-04,2.15447935e-04
9.84492246e+01,2.16201351e-04,2.15886682e-04
9.86493247e+01,2.16641378e-04,2.16325429e-04
9.88494247e+01,2.17081408e-04,2.16764175e-04
9.90495248e+01,2.17521440e-04,2.17202921e-04
9.92496248e+01,2.17961475e-04,2.17641667e-04
9.94497249e+01,2.18401512e-04,2.18080413e-04
9.96498249e+01,2.18841552e-04,2.18519159e-04
9.98499250e+01,2.19281594e-04,2.18957904e-04
1.00050025e+02,2.19721638e-04,2.19396649e-04
1.00250125e+02,2.20161685e-04,2.19835394e-04
1.00450225e+02,2.20601734e-04,2.20274139e-04
1.00650325e+02,2.21041786e-04,2.20712884e-04
1.00850425e+02,2.21481840e-04,2.21151629e-04
1.01050525e+02,2.21921896e-04,2.21590373e-04
1.01250625e+02,2.22361955e-04,2.22029117e-04
1.01450725e+02,2.22802016e-04,2.22467861e-04
1.01650825e+02,2.23242080e-04,2.22906605e-04
1.01850925e+02,2.23682146e-04,2.23345348e-04
1.02051026e+02,2.24122214e-04,2.23784091e-04
1.02251126e+02,2.24562285e-04,2.24222835e-04
1.02451226e+02,2.25002358e-04,2.24661577e-04
1.02651326e+02,2.25442434e-04,2.25100320e-04
1.02851426e+02,2.25882512e-04,2.25539063e-04
1.03051526e+02,2.26322593e-04,2.25977805e-04
1.03251626e+02,2.26762676e-04,2.26416547e-04
1.03451726e+02,2.27202761e-04,2.26855289e-04
1.03651826e+02,2.27642849e-04,2.27294031e-04
1.03851926e+02,2.28082939e-04,2.27732773e-04
1.04052026e+02,2.28523032e-04,2.28171514e-04
1.04252126e+02,2.28963126e-04,2.28610255e-04
1.04452226e+02,2.29403224e-04,2.29048996e-04
1.04652326e+02,2.29843324e-04,2.29487737e-04
1.04852426e+02,2.30283426e-04,2.29926478e-04
1.05052526e+02,2.30723531e-04,2.30365218e-04
1.05252626e+02,2.31163638e-04,2.30803959e-04
1.05452726e+02,2.31603747e-04,2.31242699e-04
1.05652826e+02,2.32043859e-04,2.31681438e-04
1.05852926e+02,2.32483973e-04,2.32120178e-04
1.06053027e+02,2.32924090e-04,2.32558918e-04
1.06253127e+02,2.33364209e-04,2.32997657e-04
1.06453227e+02,2.33804331e-04,2.33436396e-04
1.06653327e+02,2.34244454e-04,2.33875135e-04
1.06853427e+02,2.34684581e-04,2.34313874e-04
1.07053527e+02,2.35124710e-04,2.34752612e-04
1.07253627e+02,2.35564841e-04,2.35191350e-04
1.07453727e+02,2.36004974e-04,2.35630089e-04
1.07653827e+02,2.36445110e-04,2.36068827e-04
1.07853927e+02,2.36885249e-04,2.36507564e-04
1.08054027e+02,2.37325390e-04,2.36946302e-04
1.08254127e+02,2.37765533e-04,2.37385039e-04
1.08454227e+02,2.38205678e-04,2.37823776e-04
1.08654327e+02,2.38645826e-04,2.38262513e-04
1.08854427e+02,2.39085977e-04,2.38701250e-04
1.09054527e+02,2.39526130e-04,2.39139987e-04
1.09254627e+02,2.39966285e-04,2.39578723e-04
1.09454727e+02,2.40406443e-04,2.40017459e-04
1.09654827e+02,2.40846603e-04,2.40456195e-04
1.09854927e+02,2.41286765e-04,2.40894931e-04
1.10055028e+02,2.41726930e-04,2.41333667e-04
1.10255128e+02,2.42167098e-04,2.41772402e-04
1.10455228e+02,2.42607267e-04,2.42211137e-04
1.10655328e+02,2.43047439e-04,2.42649873e-04
1.10855428e+02,2.43487614e-04,2.43088607e-04
1.11055528e+02,2.43927791e-04,2.43527342e-04
1.11255628e+02,2.44367970e-04,2.43966077e-04
1.11455728e+02,2.44808152e-04,2.44404811e-04
1.11655828e+02,2.45248336e-04,2.44843545e-04
1.11855928e+02,2.45688523e-04,2.45282279e-04
1.12056028e+02,2.46128712e-04,2.45721012e-04
1.12256128e+02,2.46568904e-04,2.46159746e-04
1.12456228e+02,2.47009097e-04,2.46598479e-04
1.12656328e+02,2.47449294e-04,2.47037212e-04
1.12856428e+02,2.47889492e-04,2.47475945e-04
1.13056528e+02,2.48329693e-04,2.47914678e-04
1.13256628e+02,2.48769897e-04,2.48353411e-04
1.13456728e+02,2.49210103e-04,2.48792143e-04
1.13656828e+02,2.49650311e-04,2.49230875e-04
1.13856928e+02,2.50090522e-04,2.49669607e-04
1.14057029e+02,2.50530735e-04,2.50108339e-04
1.14257129e+02,2.50970951e-04,2.50547071e-04
1.14457229e+02,2.51411169e-04,2.50985802e-04
1.14657329e+02,2.51851389e-04,2.51424533e-04
1.14857429e+02,2.52291612e-04,2.51863264e-04
1.15057529e+02,2.52731837e-04,2.52301995e-04
1.15257629e+02,2.53172065e-04,2.52740726e-04
1.15457729e+02,2.53612295e-04,2.53179456e-04
1.15657829e+02,2.54052527e-04,2.53618186e-04
1.15857929e+02,2.54492762e-04,2.54056916e-04
1.16058029e+02,2.54932999e-04,2.54495646e-04
1.16258129e+02,2.55373239e-04,2.54934376e-04
1.16458229e+02,2.55813481e-04,2.55373105e-04
1.16658329e+02,2.56253726e-04,2.55811835e-04
1.16858429e+02,2.56693973e-04,2.56250564e-04
1.17058529e+02,2.57134222e-04,2.56689293e-04
1.17258629e+02,2.57574474e-04,2.57128021e-04
1.17458729e+02,2.58014728e-04,2.57566750e-04
1.17658829e+02,2.58454984e-04,2.58005478e-04
1.17858929e+02,2.58895243e-04,2.58444206e-04
1.18059030e+02,2.59335505e-04,2.58882934e-04
1.18259130e+02,2.59775768e-04,2.59321662e-04
1.18459230e+02,2.60216035e-04,2.59760389e-04
1.18659330e+02,2.60656303e-04,2.60199117e-04
1.18859430e+02,2.61096574e-04,2.60637844e-04
1.19059530e+02,2.61536848e-04,2.61076571e-04
1.19259630e+02,2.61977124e-04,2.61515298e-04
1.19459730e+02,2.62417402e-04,2.61954024e-04
1.19659830e+02,2.62857683e-04,2.62392751e-04
1.19859930e+02,2.63297966e-04,2.62831477e-04
1.20060030e+02,2.63738251e-04,2.63270203e-04
1.20260130e+02,2.64178539e-04,2.63708929e-04
1.20460230e+02,2.64618830e-04,2.64147654e-04
1.20660330e+02,2.65059122e-04,2.64586380e-04
1.20860430e+02,2.65499417e-04,2.65025105e-04
1.21060530e+02,2.65939715e-04,2.65463830e-04
1.21260630e+02,2.66380015e-04,2.65902555e-04
1.21460730e+02,2.66820317e-04,2.66341279e-04
1.21660830e+02,2.67260622e-04,2.66780004e-04
1.21860930e+02,2.67700929e-04,2.67218728e-04
1.22061031e+02,2.68141239e-04,2.67657452e-04
1.22261131e+02,2.68581551e-04,2.68096176e-04
1.22461231e+02,2.69021866e-04,2.68534900e-04
1.22661331e+02,2.69462182e-04,2.68973623e-04
1.22861431e+02,2.69902502e-04,2.69412347e-04
1.23061531e+02,2.70342823e-04,2.69851070e-04
1.23261631e+02,2.70783148e-04,2.70289793e-04
1.23461731e+02,2.71223474e-04,2.70728515e-04
1.23661831e+02,2.71663803e-04,2.71167238e-04
1.23861931e+02,2.72104134e-04,2.71605960e-04
1.24062031e+02,2.72544468e-04,2.72044682e-04
1.24262131e+02,2.72984804e-04,2.72483404e-04
1.24462231e+02,2.73425143e-04,2.72922126e-04
1.24662331e+02,2.73865484e-04,2.73360848e-04
1.24862431e+02,2.74305827e-04,2.73799569e-04
1.25062531e+02,2.74746173e-04,2.74238290e-04
1.25262631e+02,2.75186521e-04,2.74677011e-04
1.25462731e+02,2.75626872e-04,2.75115732e-04
1.25662831e+02,2.76067225e-04,2.75554453e-04
1.25862931e+02,2.76507580e-04,2.75993173e-04
1.26063032e+02,2.76947938e-04,2.76431893e-04
1.26263132e+02,2.77388299e-04,2.76870613e-04
1.26463232e+02,2.77828661e-04,2.77309333e-04
1.26663332e+02,2.78269026e-04,2.77748053e-04
1.26863432e+02,2.78709394e-04,2.78186772e-04
1.27063532e+02,2.79149764e-04,2.78625492e-04
1.27263632e+02,2.79590136e-04,2.79064211e-04
1.27463732e+02,2.80030511e-04,2.79502930e-04
1.27663832e+02,2.80470888e-04,2.79941648e-04
1.27863932e+02,2.80911268e-04,2.80380367e-04
1.28064032e+02,2.81351650e-04,2.80819085e-04
1.28264132e+02,2.81792034e-04,2.81257803e-04
1.28464232e+02,2.82232421e-04,2.81696521e-04
1.28664332e+02,2.82672810e-04,2.82135239e-04
1.28864432e+02,2.83113202e-04,2.82573956e-04
1.29064532e+02,2.83553596e-04,2.83012674e-04
1.29264632e+02,2.83993992e-04,2.83451391e-04
1.29464732e+02,2.84434391e-04,2.83890108e-04
1.29664832e+02,2.84874793e-04,2.84328825e-04
1.29864932e+02,2.85315196e-04,2.84767541e-04
1.30065033e+02,2.85755602e-04,2.85206257e-04
1.30265133e+02,2.86196011e-04,2.85644974e-04
1.30465233e+02,2.86636422e-04,2.86083690e-04
1.30665333e+02,2.87076835e-04,2.86522405e-04
1.30865433e+02,2.87517251e-04,2.86961121e-04
1.31065533e+02,2.87957669e-04,2.87399836e-04
1.31265633e+02,2.88398090e-04,2.87838552e-04
1.31465733e+02,2.88838513e-04,2.88277267e-04
1.31665833e+02,2.89278938e-04,2.88715982e-04
1.31865933e+02,2.89719366e-04,2.89154696e-04
1.32066033e+02,2.90159796e-04,2.89593411e-04
1.32266133e+02,2.90600229e-04,2.90032125e-04
1.32466233e+02,2.91040664e-04,2.90470839e-04
1.32666333e+02,2.91481102e-04,2.90909553e-04
1.32866433e+02,2.91921542e-04,2.91348267e-04
1.33066533e+02,2.92361984e-04,2.91786980e-04
1.33266633e+02,2.92802429e-04,2.92225693e-04
1.33466733e+02,2.93242876e-04,2.92664406e-04
1.33666833e+02,2.93683325e-04,2.93103119e-04
1.33866933e+02,2.94123777e-04,2.93541832e-04
1.34067034e+02,2.94564232e-04,2.93980545e-04
1.34267134e+02,2.95004688e-04,2.94419257e-04
1.34467234e+02,2.95445148e-04,2.94857969e-04
1.34667334e+02,2.95885609e-04,2.95296681e-04
1.34867434e+02,2.96326073e-04,2.95735393e-04
1.35067534e+02,2.96766540e-04,2.96174104e-04
1.35267634e+02,2.97207009e-04,2.96612816e-04
1.35467734e+02,2.97647480e-04,2.97051527e-04
1.35667834e+02,2.98087954e-04,2.97490238e-04
1.35867934e+02,2.98528430e-04,2.97928949e-04
1.36068034e+02,2.98968908e-04,2.98367659e-04
1.36268134e+02,2.99409389e-04,2.98806370e-04
1.36468234e+02,2.99849873e-04,2.99245080e-04
1.36668334e+02,3.00290358e-04,2.99683790e-04
1.36868434e+02,3.00730846e-04,3.00122500e-04
1.37068534e+02,3.01171337e-04,3.00561209e-04
1.37268634e+02,3.01611830e-04,3.00999919e-04
1.37468734e+02,3.02052325e-04,3.01438628e-04
1.37668834e+02,3.02492823e-04,3.01877337e-04
1.37868934e+02,3.02933323e-04,3.02316046e-04
1.38069035e+02,3.03373826e-04,3.02754755e-04
1.38269135e+02,3.03814331e-04,3.03193463e-04
1.38469235e+02,3.04254839e-04,3.03632171e-04
1.38669335e+02,3.04695348e-04,3.04070880e-04
1.38869435e+02,3.05135861e-04,3.04509587e-04
1.39069535e+02,3.05576375e-04,3.04948295e-04
1.39269635e+02,3.06016893e-04,3.05387003e-04
1.39469735e+02,3.06457412e-04,3.05825710e-04
1.39669835e+02,3.06897934e-04,3.06264417e-04
1.39869935e+02,3.07338458e-04,3.06703124e-04
1.40070035e+02,3.07778985e-04,3.07141831e-04
1.40270135e+02,3.08219514e-04,3.07580537e-04
1.40470235e+02,3.08660046e-04,3.08019244e-04
1.40670335e+02,3.09100580e-04,3.08457950e-04
1.40870435e+02,3.09541116e-04,3.08896656e-04
1.41070535e+02,3.09981655e-04,3.09335362e-04
1.41270635e+02,3.10422197e-04,3.09774067e-04
1.41470735e+02,3.10862740e-04,3.10212773e-04
1.41670835e+02,3.11303286e-04,3.10651478e-04
1.41870935e+02,3.11743835e-04,3.11090183e-04
1.42071036e+02,3.12184386e-04,3.11528888e-04
1.42271136e+02,3.12624939e-04,3.11967592e-04
1.42471236e+02,3.13065495e-04,3.12406297e-04
1.42671336e+02,3.13506053e-04,3.12845001e-04
1.42871436e+02,3.13946613e-04,3.13283705e-04
1.43071536e+02,3.14387176e-04,3.13722409e-04
1.43271636e+02,3.14827742e-04,3.14161113e-04
1.43471736e+02,3.15268310e-04,3.14599816e-04
1.43671836e+02,3.15708880e-04,3.15038519e-04
1.43871936e+02,3.16149452e-04,3.15477223e-04
1.44072036e+02,3.16590027e-04,3.15915925e-04
1.44272136e+02,3.17030605e-04,3.16354628e-04
1.44472236e+02,3.17471185e-04,3.16793331e-04
1.44672336e+02,3.17911767e-04,3.17232033e-04
1.44872436e+02,3.18352352e-04,3.17670735e-04
1.45072536e+02,3.18792939e-04,3.18109437e-04
1.45272636e+02,3.19233528e-04,3.18548139e-04
1.45472736e+02,3.19674120e-04,3.18986840e-04
1.45672836e+02,3.20114715e-04,3.19425542e-04
1.45872936e+02,3.20555311e-04,3.19864243e-04
1.46073037e+02,3.20995911e-04,3.20302944e-04
1.46273137e+02,3.21436512e-04,3.20741645e-04
1.46473237e+02,3.21877116e-04,3.21180345e-04
1.46673337e+02,3.22317723e-04,3.21619046e-04
1.46873437e+02,3.22758331e-04,3.22057746e-04
1.47073537e+02,3.23198943e-04,3.22496446e-04
1.47273637e+02,3.23639556e-04,3.22935146e-04
1.47473737e+02,3.24080172e-04,3.23373845e-04
1.47673837e+02,3.24520791e-04,3.23812545e-04
1.47873937e+02,3.24961412e-04,3.24251244e-04
1.48074037e+02,3.25402035e-04,3.24689943e-04
1.48274137e+02,3.25842661e-04,3.25128642e-04
1.48474237e+02,3.26283289e-04,3.25567340e-04
1.48674337e+02,3.26723919e-04,3.26006039e-04
1.48874437e+02,3.27164552e-04,3.26444737e-04
1.49074537e+02,3.27605188e-04,3.26883435e-04
1.49274637e+02,3.28045826e-04,3.27322133e-04
1.49474737e+02,3.28486466e-04,3.27760831e-04
1.49674837e+02,3.28927108e-04,3.28199528e-04
1.49874937e+02,3.29367753e-04,3.28638226e-04
1.50075038e+02,3.29808401e-04,3.29076923e-04
1.50275138e+02,3.30249051e-04,3.29515620e-04
1.50475238e+02,3.30689703e-04,3.29954317e-04
1.50675338e+02,3.31130358e-04,3.30393013e-04
1.50875438e+02,3.31571015e-04,3.30831709e-04
1.51075538e+02,3.32011674e-04,3.31270406e-04
1.51275638e+02,3.32452336e-04,3.31709102e-04
1.51475738e+02,3.32893001e-04,3.32147797e-04
1.51675838e+02,3.33333667e-04,3.32586493e-04
1.51875938e+02,3.33774336e-04,3.33025188e-04
1.52076038e+02,3.34215008e-04,3.33463884e-04
1.52276138e+02,3.34655682e-04,3.33902579e-04
1.52476238e+02,3.35096359e-04,3.34341273e-04
1.52676338e+02,3.35537037e-04,3.34779968e-04
1.52876438e+02,3.35977719e-04,3.35218662e-04
1.53076538e+02,3.36418402e-04,3.35657357e-04
1.53276638e+02,3.36859088e-04,3.36096051e-04
1.53476738e+02,3.37299777e-04,3.36534745e-04
1.53676838e+02,3.37740468e-04,3.36973438e-04
1.53876938e+02,3.38181161e-04,3.37412132e-04
1.54077039e+02,3.38621857e-04,3.37850825e-04
1.54277139e+02,3.39062555e-04,3.38289518e-04
1.54477239e+02,3.39503255e-04,3.38728211e-04
1.54677339e+02,3.39943958e-04,3.39166904e-04
1.54877439e+02,3.40384664e-04,3.39605596e-04
1.55077539e+02,3.40825371e-04,3.40044288e-04
1.55277639e+02,3.41266082e-04,3.40482981e-04
1.55477739e+02,3.41706794e-04,3.40921672e-04
1.55677839e+02,3.42147509e-04,3.41360364e-04
1.55877939e+02,3.42588227e-04,3.41799056e-04
1.56078039e+02,3.43028947e-04,3.42237747e-04
1.56278139e+02,3.43469669e-04,3.42676438e-04
1.56478239e+02,3.43910394e-04,3.43115129e-04
1.56678339e+02,3.44351121e-04,3.43553820e-04
1.56878439e+02,3.44791850e-04,3.43992511e-04
1.57078539e+02,3.45232582e-04,3.44431201e-04
1.57278639e+02,3.45673317e-04,3.44869891e-04
1.57478739e+02,3.46114053e-04,3.45308581e-04
1.57678839e+02,3.46554792e-04,3.45747271e-04
1.57878939e+02,3.46995534e-04,3.46185961e-04
1.58079040e+02,3.47436278e-04,3.46624650e-04
1.58279140e+02,3.47877024e-04,3.47063339e-04
1.58479240e+02,3.48317773e-04,3.47502028e-04
1.58679340e+02,3.48758524e-04,3.47940717e-04
1.58879440e+02,3.49199278e-04,3.48379406e-04
1.59079540e+02,3.49640034e-04,3.48818094e-04
1.59279640e+02,3.50080793e-04,3.49256782e-04
1.59479740e+02,3.50521554e-04,3.49695471e-04
1.59679840e+02,3.50962317e-04,3.50134158e-04
1.59879940e+02,3.51403083e-04,3.50572846e-04
1.60080040e+02,3.51843851e-04,3.51011534e-04
1.60280140e+02,3.52284621e-04,3.51450221e-04
1.60480240e+02,3.52725394e-04,3.51888908e-04
1.60680340e+02,3.53166170e-04,3.52327595e-04
1.60880440e+02,3.53606948e-04,3.52766282e-04
1.61080540e+02,3.54047728e-04,3.53204968e-04
1.61280640e+02,3.54488510e-04,3.53643655e-04
1.61480740e+02,3.54929295e-04,3.54082341e-04
1.61680840e+02,3.55370083e-04,3.54521027e-04
1.61880940e+02,3.55810873e-04,3.54959712e-04
1.62081041e+02,3.56251665e-04,3.55398398e-04
1.62281141e+02,3.56692460e-04,3.55837083e-04
1.62481241e+02,3.57133257e-04,3.56275769e-04
1.62681341e+02,3.57574056e-04,3.56714454e-04
1.62881441e+02,3.58014858e-04,3.57153138e-04
1.63081541e+02,3.58455663e-04,3.57591823e-04
1.63281641e+02,3.58896469e-04,3.58030507e-04
1.63481741e+02,3.59337279e-04,3.58469192e-04
1.63681841e+02,3.59778090e-04,3.58907876e-04
1.63881941e+02,3.60218904e-04,3.59346560e-04
1.64082041e+02,3.60659721e-04,3.59785243e-04
1.64282141e+02,3.61100540e-04,3.60223927e-04
1.64482241e+02,3.61541361e-04,3.60662610e-04
1.64682341e+02,3.61982184e-04,3.61101293e-04
1.64882441e+02,3.62423011e-04,3.61539976e-04
1.65082541e+02,3.62863839e-04,3.61978659e-04
1.65282641e+02,3.63304670e-04,3.62417341e-04
1.65482741e+02,3.63745503e-04,3.62856023e-04
1.65682841e+02,3.64186339e-04,3.63294705e-04
1.65882941e+02,3.64627177e-04,3.63733387e-04
1.66083042e+02,3.65068018e-04,3.64172069e-04
1.66283142e+02,3.65508861e-04,3.64610751e-04
1.66483242e+02,3.65949706e-04,3.65049432e-04
1.66683342e+02,3.66390554e-04,3.65488113e-04
1.66883442e+02,3.66831404e-04,3.65926794e-04
1.67083542e+02,3.67272257e-04,3.66365475e-04
1.67283642e+02,3.67713112e-04,3.66804155e-04
1.67483742e+02,3.68153969e-04,3.67242836e-04
1.67683842e+02,3.68594829e-04,3.67681516e-04
1.67883942e+02,3.69035692e-04,3.68120196e-04
1.68084042e+02,3.69476556e-04,3.68558876e-04
1.68284142e+02,3.69917423e-04,3.68997555e-04
1.68484242e+02,3.70358293e-04,3.69436235e-04
1.68684342e+02,3.70799165e-04,3.69874914e-04
1.68884442e+02,3.71240039e-04,3.70313593e-04
1.69084542e+02,3.71680916e-04,3.70752272e-04
1.69284642e+02,3.72121795e-04,3.71190950e-04
1.69484742e+02,3.72562677e-04,3.71629629e-04
1.69684842e+02,3.73003561e-04,3.72068307e-04
1.69884942e+02,3.73444447e-04,3.72506985e-04
1.70085043e+02,3.73885336e-04,3.72945663e-04
1.70285143e+02,3.74326228e-04,3.73384341e-04
1.70485243e+02,3.74767121e-04,3.73823018e-04
1.70685343e+02,3.75208017e-04,3.74261696e-04
1.70885443e+02,3.75648916e-04,3.74700373e-04
1.71085543e+02,3.76089817e-04,3.75139050e-04
1.71285643e+02,3.76530720e-04,3.75577726e-04
1.71485743e+02,3.76971626e-04,3.76016403e-04
1.71685843e+02,3.77412534e-04,3.76455079e-04
1.71885943e+02,3.77853445e-04,3.76893755e-04
1.72086043e+02,3.78294358e-04,3.77332431e-04
1.72286143e+02,3.78735273e-04,3.77771107e-04
1.72486243e+02,3.79176191e-04,3.78209783e-04
1.72686343e+02,3.79617111e-04,3.78648458e-04
1.72886443e+02,3.80058034e-04,3.79087133e-04
1.73086543e+02,3.80498959e-04,3.79525808e-04
1.73286643e+02,3.80939887e-04,3.79964483e-04
1.73486743e+02,3.81380817e-04,3.80403158e-04
1.73686843e+02,3.81821749e-04,3.80841832e-04
1.73886943e+02,3.82262684e-04,3.81280506e-04
1.74087044e+02,3.82703621e-04,3.81719180e-04
1.74287144e+02,3.83144560e-04,3.82157854e-04
1.74487244e+02,3.83585502e-04,3.82596528e-04
1.74687344e+02,3.84026447e-04,3.83035201e-04
1.74887444e+02,3.84467394e-04,3.83473874e-04
1.75087544e+02,3.84908343e-04,3.83912547e-04
1.75287644e+02,3.85349295e-04,3.84351220e-04
1.75487744e+02,3.85790249e-04,3.84789893e-04
1.75687844e+02,3.86231205e-04,3.85228565e-04
1.75887944e+02,3.86672164e-04,3.85667238e-04
1.76088044e+02,3.87113125e-04,3.86105910e-04
1.76288144e+02,3.87554089e-04,3.86544582e-04
1.76488244e+02,3.87995055e-04,3.86983253e-04
1.76688344e+02,3.88436024e-04,3.87421925e-04
1.76888444e+02,3.88876995e-04,3.87860596e-04
1.77088544e+02,3.89317968e-04,3.88299267e-04
1.77288644e+02,3.89758944e-04,3.88737938e-04
1.77488744e+02,3.90199922e-04,3.89176609e-04
1.77688844e+02,3.90640903e-04,3.89615280e-04
1.77888944e+02,3.91081886e-04,3.90053950e-04
1.78089045e+02,3.91522871e-04,3.90492620e-04
1.78289145e+02,3.91963859e-04,3.90931290e-04
1.78489245e+02,3.92404850e-04,3.91369960e-04
1.78689345e+02,3.92845842e-04,3.91808630e-04
1.78889445e+02,3.93286837e-04,3.92247299e-04
1.79089545e+02,3.93727835e-04,3.92685968e-04
1.79289645e+02,3.94168835e-04,3.93124637e-04
1.79489745e+02,3.94609837e-04,3.93563306e-04
1.79689845e+02,3.95050842e-04,3.94001975e-04
1.79889945e+02,3.95491849e-04,3.94440643e-04
1.80090045e+02,3.95932859e-04,3.94879311e-04
1.80290145e+02,3.96373871e-04,3.95317979e-04
1.80490245e+02,3.96814885e-04,3.95756647e-04
1.80690345e+02,3.97255902e-04,3.96195315e-04
1.80890445e+02,3.97696922e-04,3.96633982e-04
1.81090545e+02,3.98137943e-04,3.97072650e-04
1.81290645e+02,3.98578967e-04,3.97511317e-04
1.81490745e+02,3.99019994e-04,3.97949984e-04
1.81690845e+02,3.99461023e-04,3.98388650e-04
1.81890945e+02,3.99902054e-04,3.98827317e-04
1.82091046e+02,4.00343088e-04,3.99265983e-04
1.82291146e+02,4.00784124e-04,3.99704649e-04
1.82491246e+02,4.01225163e-04,4.00143315e-04
1.82691346e+02,4.01666204e-04,4.00581981e-04
1.82891446e+02,4.02107247e-04,4.01020647e-04
1.83091546e+02,4.02548293e-04,4.01459312e-04
1.83291646e+02,4.02989341e-04,4.01897977e-04
1.83491746e+02,4.03430392e-04,4.02336642e-04
1.83691846e+02,4.03871445e-04,4.02775307e-04
1.83891946e+02,4.04312501e-04,4.03213971e-04
1.84092046e+02,4.04753559e-04,4.03652636e-04
1.84292146e+02,4.05194619e-04,4.04091300e-04
1.84492246e+02,4.05635682e-04,4.04529964e-04
1.84692346e+02,4.06076747e-04,4.04968628e-04
1.84892446e+02,4.06517815e-04,4.05407292e-04
1.85092546e+02,4.06958885e-04,4.05845955e-04
1.85292646e+02,4.07399957e-04,4.06284618e-04
1.85492746e+02,4.07841032e-04,4.06723281e-04
1.85692846e+02,4.08282109e-04,4.07161944e-04
1.85892946e+02,4.08723189e-04,4.07600607e-04
1.86093047e+02,4.09164271e-04,4.08039269e-04
1.86293147e+02,4.09605355e-04,4.08477932e-04
1.86493247e+02,4.10046442e-04,4.08916594e-04
1.86693347e+02,4.10487532e-04,4.09355256e-04
1.86893447e+02,4.10928623e-04,4.09793917e-04
1.87093547e+02,4.11369717e-04,4.10232579e-04
1.87293647e+02,4.11810814e-04,4.10671240e-04
1.87493747e+02,4.12251913e-04,4.11109901e-04
1.87693847e+02,4.12693014e-04,4.11548562e-04
1.87893947e+02,4.13134118e-04,4.11987223e-04
1.88094047e+02,4.13575225e-04,4.12425883e-04
1.88294147e+02,4.14016333e-04,4.12864544e-04
1.88494247e+02,4.14457444e-04,4.13303204e-04
1.88694347e+02,4.14898558e-04,4.13741864e-04
1.88894447e+02,4.15339674e-04,4.14180524e-04
1.89094547e+02,4.15780792e-04,4.14619183e-04
1.89294647e+02,4.16221913e-04,4.15057843e-04
1.89494747e+02,4.16663036e-04,4.15496502e-04
1.89694847e+02,4.17104161e-04,4.15935161e-04
1.89894947e+02,4.17545289e-04,4.16373820e-04
1.90095048e+02,4.17986420e-04,4.16812478e-04
1.90295148e+02,4.18427553e-04,4.17251137e-04
1.90495248e+02,4.18868688e-04,4.17689795e-04
1.90695348e+02,4.19309826e-04,4.18128453e-04
1.90895448e+02,4.19750966e-04,4.18567111e-04
1.91095548e+02,4.20192108e-04,4.19005768e-04
1.91295648e+02,4.20633253e-04,4.19444426e-04
1.91495748e+02,4.21074400e-04,4.19883083e-04
1.91695848e+02,4.21515550e-04,4.20321740e-04
1.91895948e+02,4.21956702e-04,4.20760397e-04
1.92096048e+02,4.22397857e-04,4.21199054e-04
1.92296148e+02,4.22839014e-04,4.21637710e-04
1.92496248e+02,4.23280173e-04,4.22076367e-04
1.92696348e+02,4.23721335e-04,4.22515023e-04
1.92896448e+02,4.24162499e-04,4.22953679e-04
1.93096548e+02,4.24603666e-04,4.23392335e-04
1.93296648e+02,4.25044835e-04,4.23830990e-04
1.93496748e+02,4.25486006e-04,4.24269645e-04
1.93696848e+02,4.25927180e-04,4.24708301e-04
1.93896948e+02,4.26368357e-04,4.25146956e-04
1.94097049e+02,4.26809535e-04,4.25585610e-04
1.94297149e+02,4.27250716e-04,4.26024265e-04
1.94497249e+02,4.27691900e-04,4.26462919e-04
1.94697349e+02,4.28133086e-04,4.26901573e-04
1.94897449e+02,4.28574274e-04,4.27340227e-04
1.95097549e+02,4.29015465e-04,4.27778881e-04
1.95297649e+02,4.29456658e-04,4.28217535e-04
1.95497749e+02,4.29897854e-04,4.28656188e-04
1.95697849e+02,4.30339052e-04,4.29094842e-04
1.95897949e+02,4.30780253e-04,4.29533495e-04
1.96098049e+02,4.31221455e-04,4.29972147e-04
1.96298149e+02,4.31662661e-04,4.30410800e-04
1.96498249e+02,4.32103868e-04,4.30849453e-04
1.96698349e+02,4.32545079e-04,4.31288105e-04
1.96898449e+02,4.32986291e-04,4.31726757e-04
1.97098549e+02,4.33427506e-04,4.32165409e-04
1.97298649e+02,4.33868723e-04,4.32604060e-04
1.97498749e+02,4.34309943e-04,4.33042712e-04
1.97698849e+02,4.34751165e-04,4.33481363e-04
1.97898949e+02,4.35192390e-04,4.33920014e-04
1.98099050e+02,4.35633617e-04,4.34358665e-04
1.98299150e+02,4.36074847e-04,4.34797316e-04
1.98499250e+02,4.36516079e-04,4.35235967e-04
1.98699350e+02,4.36957313e-04,4.35674617e-04
1.98899450e+02,4.37398550e-04,4.36113267e-04
1.99099550e+02,4.37839789e-04,4.36551917e-04
1.99299650e+02,4.38281030e-04,4.36990567e-04
1.99499750e+02,4.38722274e-04,4.37429216e-04
1.99699850e+02,4.39163521e-04,4.37867866e-04
1.99899950e+02,4.39604769e-04,4.38306515e-04
2.00100050e+02,4.40046021e-04,4.38745164e-04
2.00300150e+02,4.40487274e-04,4.39183813e-04
2.00500250e+02,4.40928530e-04,4.39622461e-04
2.00700350e+02,4.41369789e-04,4.40061110e-04
2.00900450e+02,4.41811050e-04,4.40499758e-04
2.01100550e+02,4.42252313e-04,4.40938406e-04
2.01300650e+02,4.42693579e-04,4.41377054e-04
2.01500750e+02,4.43134847e-04,4.41815702e-04
2.01700850e+02,4.43576117e-04,4.42254349e-04
2.01900950e+02,4.44017390e-04,4.42692996e-04
2.02101051e+02,4.44458666e-04,4.43131643e-04
2.02301151e+02,4.44899943e-04,4.43570290e-04
2.02501251e+02,4.45341224e-04,4.44008937e-04
2.02701351e+02,4.45782506e-04,4.44447583e-04
2.02901451e+02,4.46223791e-04,4.44886230e-04
2.03101551e+02,4.46665079e-04,4.45324876e-04
2.03301651e+02,4.47106369e-04,4.45763522e-04
2.03501751e+02,4.47547661e-04,4.46202167e-04
2.03701851e+02,4.47988956e-04,4.46640813e-04
2.03901951e+02,4.48430253e-04,4.47079458e-04
2.04102051e+02,4.48871552e-04,4.47518103e-04
2.04302151e+02,4.49312854e-04,4.47956748e-04
2.04502251e+02,4.49754159e-04,4.48395393e-04
2.04702351e+02,4.50195465e-04,4.48834038e-04
2.04902451e+02,4.50636775e-04,4.49272682e-04
2.05102551e+02,4.51078086e-04,4.49711326e-04
2.05302651e+02,4.51519400e-04,4.50149970e-04
2.05502751e+02,4.51960717e-04,4.50588614e-04
2.05702851e+02,4.52402036e-04,4.51027258e-04
2.05902951e+02,4.52843357e-04,4.51465901e-04
2.06103052e+02,4.53284681e-04,4.51904544e-04
2.06303152e+02,4.53726007e-04,4.52343187e-04
2.06503252e+02,4.54167335e-04,4.52781830e-04
2.06703352e+02,4.54608666e-04,4.53220473e-04
2.06903452e+02,4.55050000e-04,4.53659115e-04
2.07103552e+02,4.55491335e-04,4.54097758e-04
2.07303652e+02,4.55932674e-04,4.54536400e-04
2.07503752e+02,4.56374014e-04,4.54975042e-04
2.07703852e+02,4.56815357e-04,4.55413683e-04
2.07903952e+02,4.57256703e-04,4.55852325e-04
2.08104052e+02,4.57698051e-04,4.56290966e-04
2.08304152e+02,4.58139401e-04,4.56729607e-04
2.08504252e+02,4.58580754e-04,4.57168248e-04
2.08704352e+02,4.59022109e-04,4.57606889e-04
2.08904452e+02,4.59463466e-04,4.58045529e-04
2.09104552e+02,4.59904826e-04,4.58484170e-04
2.09304652e+02,4.60346189e-04,4.58922810e-04
2.09504752e+02,4.60787553e-04,4.59361450e-04
2.09704852e+02,4.61228921e-04,4.59800089e-04
2.09904952e+02,4.61670290e-04,4.60238729e-04
2.10105053e+02,4.62111662e-04,4.60677368e-04
2.10305153e+02,4.62553037e-04,4.61116008e-04
2.10505253e+02,4.62994414e-04,4.61554647e-04
2.10705353e+02,4.63435793e-04,4.61993285e-04
2.10905453e+02,4.63877175e-04,4.62431924e-04
2.11105553e+02,4.64318559e-04,4.62870562e-04
2.11305653e+02,4.64759945e-04,4.63309201e-04
2.11505753e+02,4.65201334e-04,4.63747839e-04
2.11705853e+02,4.65642726e-04,4.64186476e-04
2.11905953e+02,4.66084119e-04,4.64625114e-04
2.12106053e+02,4.66525516e-04,4.65063752e-04
2.12306153e+02,4.66966914e-04,4.65502389e-04
2.12506253e+02,4.67408315e-04,4.65941026e-04
2.12706353e+02,4.67849719e-04,4.66379663e-04
2.12906453e+02,4.68291125e-04,4.66818299e-04
2.13106553e+02,4.68732533e-04,4.67256936e-04
2.13306653e+02,4.69173944e-04,4.67695572e-04
2.13506753e+02,4.69615357e-04,4.68134208e-04
2.13706853e+02,4.70056772e-04,4.68572844e-04
2.13906953e+02,4.70498190e-04,4.69011480e-04
2.14107054e+02,4.70939611e-04,4.69450115e-04
2.14307154e+02,4.71381034e-04,4.69888751e-04
2.14507254e+02,4.71822459e-04,4.70327386e-04
2.14707354e+02,4.72263886e-04,4.70766021e-04
2.14907454e+02,4.72705317e-04,4.71204656e-04
2.15107554e+02,4.73146749e-04,4.71643290e-04
2.15307654e+02,4.73588184e-04,4.72081925e-04
2.15507754e+02,4.74029621e-04,4.72520559e-04
2.15707854e+02,4.74471061e-04,4.72959193e-04
2.15907954e+02,4.74912503e-04,4.73397826e-04
2.16108054e+02,4.75353948e-04,4.73836460e-04
2.16308154e+02,4.75795395e-04,4.74275093e-04
2.16508254e+02,4.76236844e-04,4.74713727e-04
2.16708354e+02,4.76678296e-04,4.75152360e-04
2.16908454e+02,4.77119750e-04,4.75590993e-04
2.17108554e+02,4.77561207e-04,4.76029625e-04
2.17308654e+02,4.78002666e-04,4.76468258e-04
2.17508754e+02,4.78444127e-04,4.76906890e-04
2.17708854e+02,4.78885591e-04,4.77345522e-04
2.17908954e+02,4.79327057e-04,4.77784154e-04
2.18109055e+02,4.79768526e-04,4.78222785e-04
2.18309155e+02,4.80209997e-04,4.78661417e-04
2.18509255e+02,4.80651471e-04,4.79100048e-04
2.18709355e+02,4.81092947e-04,4.79538679e-04
2.18909455e+02,4.81534425e-04,4.79977310e-04
2.19109555e+02,4.81975906e-04,4.80415941e-04
2.19309655e+02,4.82417389e-04,4.80854571e-04
2.19509755e+02,4.82858875e-04,4.81293202e-04
2.19709855e+02,4.83300363e-04,4.81731832e-04
2.19909955e+02,4.83741854e-04,4.82170462e-04
2.20110055e+02,4.84183347e-04,4.82609092e-04
2.20310155e+02,4.84624842e-04,4.83047721e-04
2.20510255e+02,4.85066340e-04,4.83486351e-04
2.20710355e+02,4.85507840e-04,4.83924980e-04
2.20910455e+02,4.85949342e-04,4.84363609e-04
2.21110555e+02,4.86390847e-04,4.84802237e-04
2.21310655e+02,4.86832355e-04,4.85240866e-04
2.21510755e+02,4.87273865e-04,4.85679494e-04
2.21710855e+02,4.87715377e-04,4.86118123e-04
2.21910955e+02,4.88156892e-04,4.86556751e-04
2.22111056e+02,4.88598409e-04,4.86995378e-04
2.22311156e+02,4.89039928e-04,4.87434006e-04
2.22511256e+02,4.89481450e-04,4.87872634e-04
2.22711356e+02,4.89922974e-04,4.88311261e-04
2.22911456e+02,4.90364501e-04,4.88749888e-04
2.23111556e+02,4.90806030e-04,4.89188515e-04
2.23311656e+02,4.91247562e-04,4.89627141e-04
2.23511756e+02,4.91689096e-04,4.90065768e-04
2.23711856e+02,4.92130632e-04,4.90504394e-04
2.23911956e+02,4.92572171e-04,4.90943020e-04
2.24112056e+02,4.93013712e-04,4.91381646e-04
2.24312156e+02,4.93455256e-04,4.91820272e-04
2.24512256e+02,4.93896802e-04,4.92258897e-04
2.24712356e+02,4.94338351e-04,4.92697523e-04
2.24912456e+02,4.94779902e-04,4.93136148e-04
2.25112556e+02,4.95221455e-04,4.93574773e-04
2.25312656e+02,4.95663011e-04,4.94013397e-04
2.25512756e+02,4.96104569e-04,4.94452022e-04
2.25712856e+02,4.96546130e-04,4.94890646e-04
2.25912956e+02,4.96987693e-04,4.95329271e-04
2.26113057e+02,4.97429258e-04,4.95767895e-04
2.26313157e+02,4.97870826e-04,4.96206518e-04
2.26513257e+02,4.98312396e-04,4.96645142e-04
2.26713357e+02,4.98753969e-04,4.97083765e-04
2.26913457e+02,4.99195544e-04,4.97522389e-04
2.27113557e+02,4.99637121e-04,4.97961012e-04
2.27313657e+02,5.00078701e-04,4.98399634e-04
2.27513757e+02,5.00520284e-04,4.98838257e-04
2.27713857e+02,5.00961869e-04,4.99276879e-04
2.27913957e+02,5.01403456e-04,4.99715502e-04
2.28114057e+02,5.01845045e-04,5.00154124e-04
2.28314157e+02,5.02286637e-04,5.00592746e-04
2.28514257e+02,5.02728232e-04,5.01031367e-04
2.28714357e+02,5.03169829e-04,5.01469989e-04
2.28914457e+02,5.03611428e-04,5.01908610e-04
2.29114557e+02,5.04053030e-04,5.02347231e-04
2.29314657e+02,5.04494634e-04,5.02785852e-04
2.29514757e+02,5.04936240e-04,5.03224473e-04
2.29714857e+02,5.05377849e-04,5.03663093e-04
2.29914957e+02,5.05819461e-04,5.04101713e-04
2.30115058e+02,5.06261075e-04,5.04540334e-04
2.30315158e+02,5.06702691e-04,5.04978954e-04
2.30515258e+02,5.07144309e-04,5.05417573e-04
2.30715358e+02,5.07585930e-04,5.05856193e-04
2.30915458e+02,5.08027554e-04,5.06294812e-04
2.31115558e+02,5.08469180e-04,5.06733431e-04
2.31315658e+02,5.08910808e-04,5.07172050e-04
2.31515758e+02,5.09352439e-04,5.07610669e-04
2.31715858e+02,5.09794072e-04,5.08049288e-04
2.31915958e+02,5.10235708e-04,5.08487906e-04
2.32116058e+02,5.10677346e-04,5.08926524e-04
2.32316158e+02,5.11118986e-04,5.09365142e-04
2.32516258e+02,5.11560629e-04,5.09803760e-04
2.32716358e+02,5.12002274e-04,5.10242378e-04
2.32916458e+02,5.12443922e-04,5.10680995e-04
2.33116558e+02,5.12885572e-04,5.11119612e-04
2.33316658e+02,5.13327224e-04,5.11558229e-04
2.33516758e+02,5.13768879e-04,5.11996846e-04
2.33716858e+02,5.14210536e-04,5.12435463e-04
2.33916958e+02,5.14652196e-04,5.12874079e-04
2.34117059e+02,5.15093858e-04,5.13312696e-04
2.34317159e+02,5.15535523e-04,5.13751312e-04
2.34517259e+02,5.15977190e-04,5.14189928e-04
2.34717359e+02,5.16418859e-04,5.14628543e-04
2.34917459e+02,5.16860531e-04,5.15067159e-04
2.35117559e+02,5.17302205e-04,5.15505774e-04
2.35317659e+02,5.17743882e-04,5.15944389e-04
2.35517759e+02,5.18185561e-04,5.16383004e-04
2.35717859e+02,5.18627243e-04,5.16821619e-04
2.35917959e+02,5.19068927e-04,5.17260233e-04
2.36118059e+02,5.19510613e-04,5.17698848e-04
2.36318159e+02,5.19952302e-04,5.18137462e-04
2.36518259e+02,5.20393993e-04,5.18576076e-04
2.36718359e+02,5.20835687e-04,5.19014690e-04
2.36918459e+02,5.21277383e-04,5.19453303e-04
2.37118559e+02,5.21719081e-04,5.19891917e-04
2.37318659e+02,5.22160782e-04,5.20330530e-04
2.37518759e+02,5.22602485e-04,5.20769143e-04
2.37718859e+02,5.23044191e-04,5.21207756e-04
2.37918959e+02,5.23485899e-04,5.21646368e-04
2.38119060e+02,5.23927609e-04,5.22084981e-04
2.38319160e+02,5.24369322e-04,5.22523593e-04
2.38519260e+02,5.24811038e-04,5.22962205e-04
2.38719360e+02,5.25252756e-04,5.23400817e-04
2.38919460e+02,5.25694476e-04,5.23839428e-04
2.39119560e+02,5.26136198e-04,5.24278040e-04
2.39319660e+02,5.26577923e-04,5.24716651e-04
2.39519760e+02,5.27019651e-04,5.25155262e-04
2.39719860e+02,5.27461381e-04,5.25593873e-04
2.39919960e+02,5.27903113e-04,5.26032484e-04
2.40120060e+02,5.28344848e-04,5.26471094e-04
2.40320160e+02,5.28786585e-04,5.26909705e-04
2.40520260e+02,5.29228325e-04,5.27348315e-04
2.40720360e+02,5.29670067e-04,5.27786925e-04
2.40920460e+02,5.30111811e-04,5.28225534e-04
2.41120560e+02,5.30553558e-04,5.28664144e-04
2.41320660e+02,5.30995307e-04,5.29102753e-04
2.41520760e+02,5.31437059e-04,5.29541362e-04
2.41720860e+02,5.31878813e-04,5.29979971e-04
2.41920960e+02,5.32320569e-04,5.30418580e-04
2.42121061e+02,5.32762328e-04,5.30857189e-04
2.42321161e+02,5.33204089e-04,5.31295797e-04
2.42521261e+02,5.33645853e-04,5.31734405e-04
2.42721361e+02,5.34087619e-04,5.32173013e-04
2.42921461e+02,5.34529388e-04,5.32611621e-04
2.43121561e+02,5.34971159e-04,5.33050229e-04
2.43321661e+02,5.35412932e-04,5.33488836e-04
2.43521761e+02,5.35854708e-04,5.33927443e-04
2.43721861e+02,5.36296486e-04,5.34366050e-04
2.43921961e+02,5.36738267e-04,5.34804657e-04
2.44122061e+02,5.37180050e-04,5.35243264e-04
2.44322161e+02,5.37621836e-04,5.35681870e-04
2.44522261e+02,5.38063624e-04,5.36120477e-04
2.44722361e+02,5.38505414e-04,5.36559083e-04
2.44922461e+02,5.38947207e-04,5.36997689e-04
2.45122561e+02,5.39389002e-04,5.37436294e-04
2.45322661e+02,5.39830799e-04,5.37874900e-04
2.45522761e+02,5.40272599e-04,5.38313505e-04
2.45722861e+02,5.40714402e-04,5.38752110e-04
2.45922961e+02,5.41156207e-04,5.39190715e-04
2.46123062e+02,5.41598014e-04,5.39629320e-04
2.46323162e+02,5.42039824e-04,5.40067924e-04
2.46523262e+02,5.42481636e-04,5.40506529e-04
2.46723362e+02,5.42923450e-04,5.40945133e-04
2.46923462e+02,5.43365267e-04,5.41383737e-04
2.47123562e+02,5.43807087e-04,5.41822341e-04
2.47323662e+02,5.44248909e-04,5.42260944e-04
2.47523762e+02,5.44690733e-04,5.42699548e-04
2.47723862e+02,5.45132559e-04,5.43138151e-04
2.47923962e+02,5.45574388e-04,5.43576754e-04
2.48124062e+02,5.46016220e-04,5.44015357e-04
2.48324162e+02,5.46458054e-04,5.44453959e-04
2.48524262e+02,5.46899890e-04,5.44892562e-04
2.48724362e+02,5.47341729e-04,5.45331164e-04
2.48924462e+02,5.47783570e-04,5.45769766e-04
2.49124562e+02,5.48225414e-04,5.46208368e-04
2.49324662e+02,5.48667259e-04,5.46646969e-04
2.49524762e+02,5.49109108e-04,5.47085571e-04
2.49724862e+02,5.49550959e-04,5.47524172e-04
2.49924962e+02,5.49992812e-04,5.47962773e-04
2.50125063e+02,5.50434668e-04,5.48401374e-04
2.50325163e+02,5.50876526e-04,5.48839975e-04
2.50525263e+02,5.51318386e-04,5.49278575e-04
2.50725363e+02,5.51760249e-04,5.49717175e-04
2.50925463e+02,5.52202114e-04,5.50155776e-04
2.51125563e+02,5.52643982e-04,5.50594375e-04
2.51325663e+02,5.53085852e-04,5.51032975e-04
2.51525763e+02,5.53527725e-04,5.51471575e-04
2.51725863e+02,5.53969600e-04,5.51910174e-04
2.51925963e+02,5.54411477e-04,5.52348773e-04
2.52126063e+02,5.54853357e-04,5.52787372e-04
2.52326163e+02,5.55295240e-04,5.53225971e-04
2.52526263e+02,5.55737124e-04,5.53664569e-04
2.52726363e+02,5.56179011e-04,5.54103168e-04
2.52926463e+02,5.56620901e-04,5.54541766e-04
2.53126563e+02,5.57062793e-04,5.54980364e-04
2.53326663e+02,5.57504687e-04,5.55418962e-04
2.53526763e+02,5.57946584e-04,5.55857559e-04
2.53726863e+02,5.58388483e-04,5.56296157e-04
2.53926963e+02,5.58830385e-04,5.56734754e-04
2.54127064e+02,5.59272289e-04,5.57173351e-04
2.54327164e+02,5.59714195e-04,5.57611948e-04
2.54527264e+02,5.60156104e-04,5.58050545e-04
2.54727364e+02,5.60598016e-04,5.58489141e-04
2.54927464e+02,5.61039929e-04,5.58927737e-04
2.55127564e+02,5.61481845e-04,5.59366333e-04
2.55327664e+02,5.61923764e-04,5.59804929e-04
2.55527764e+02,5.62365685e-04,5.60243525e-04
2.55727864e+02,5.62807608e-04,5.60682120e-04
2.55927964e+02,5.63249534e-04,5.61120716e-04
2.56128064e+02,5.63691462e-04,5.61559311e-04
2.56328164e+02,5.64133393e-04,5.61997906e-04
2.56528264e+02,5.64575326e-04,5.62436500e-04
2.56728364e+02,5.65017262e-04,5.62875095e-04
2.56928464e+02,5.65459200e-04,5.63313689e-04
2.57128564e+02,5.65901140e-04,5.63752283e-04
2.57328664e+02,5.66343083e-04,5.64190877e-04
2.57528764e+02,5.66785028e-04,5.64629471e-04
2.57728864e+02,5.67226975e-04,5.65068065e-04
2.57928964e+02,5.67668926e-04,5.65506658e-04
2.58129065e+02,5.68110878e-04,5.65945251e-04
2.58329165e+02,5.68552833e-04,5.66383844e-04
2.58529265e+02,5.68994790e-04,5.66822437e-04
2.58729365e+02,5.69436750e-04,5.67261030e-04
2.58929465e+02,5.69878712e-04,5.67699622e-04
2.59129565e+02,5.70320676e-04,5.68138214e-04
2.59329665e+02,5.70762643e-04,5.68576806e-04
2.59529765e+02,5.71204613e-04,5.69015398e-04
2.59729865e+02,5.71646585e-04,5.69453990e-04
2.59929965e+02,5.72088559e-04,5.69892581e-04
2.60130065e+02,5.72530535e-04,5.70331172e-04
2.60330165e+02,5.72972514e-04,5.70769763e-04
2.60530265e+02,5.73414496e-04,5.71208354e-04
2.60730365e+02,5.73856480e-04,5.71646945e-04
2.60930465e+02,5.74298466e-04,5.72085535e-04
2.61130565e+02,5.74740455e-04,5.72524126e-04
2.61330665e+02,5.75182446e-04,5.72962716e-04
2.61530765e+02,5.75624440e-04,5.73401306e-04
2.61730865e+02,5.76066436e-04,5.73839895e-04
2.61930965e+02,5.76508434e-04,5.74278485e-04
2.62131066e+02,5.76950435e-04,5.74717074e-04
2.62331166e+02,5.77392438e-04,5.75155663e-04
2.62531266e+02,5.77834444e-04,5.75594252e-04
2.62731366e+02,5.78276452e-04,5.76032841e-04
2.62931466e+02,5.78718462e-04,5.76471430e-04
2.63131566e+02,5.79160475e-04,5.76910018e-04
2.63331666e+02,5.79602491e-04,5.77348606e-04
2.63531766e+02,5.80044508e-04,5.77787194e-04
2.63731866e+02,5.80486529e-04,5.78225782e-04
2.63931966e+02,5.80928551e-04,5.78664370e-04
2.64132066e+02,5.81370576e-04,5.79102957e-04
2.64332166e+02,5.81812604e-04,5.79541544e-04
2.64532266e+02,5.82254634e-04,5.79980131e-04
2.64732366e+02,5.82696666e-04,5.80418718e-04
2.64932466e+02,5.83138701e-04,5.80857305e-04
2.65132566e+02,5.83580738e-04,5.81295891e-04
2.65332666e+02,5.84022777e-04,5.81734477e-04
2.65532766e+02,5.84464819e-04,5.82173063e-04
2.65732866e+02,5.84906864e-04,5.82611649e-04
2.65932966e+02,5.85348910e-04,5.83050235e-04
2.66133067e+02,5.85790960e-04,5.83488820e-04
2.66333167e+02,5.86233011e-04,5.83927406e-04
2.66533267e+02,5.86675065e-04,5.84365991e-04
2.66733367e+02,5.87117122e-04,5.84804576e-04
2.66933467e+02,5.87559181e-04,5.85243160e-04
2.67133567e+02,5.88001242e-04,5.85681745e-04
2.67333667e+02,5.88443306e-04,5.86120329e-04
2.67533767e+02,5.88885372e-04,5.86558913e-04
2.67733867e+02,5.89327441e-04,5.86997497e-04
2.67933967e+02,5.89769512e-04,5.87436081e-04
2.68134067e+02,5.90211585e-04,5.87874665e-04
2.68334167e+02,5.90653661e-04,5.88313248e-04
2.68534267e+02,5.91095739e-04,5.88751831e-04
2.68734367e+02,5.91537820e-04,5.89190414e-04
2.68934467e+02,5.91979903e-04,5.89628997e-04
2.69134567e+02,5.92421988e-04,5.90067579e-04
2.69334667e+02,5.92864076e-04,5.90506162e-04
2.69534767e+02,5.93306167e-04,5.90944744e-04
2.69734867e+02,5.93748260e-04,5.91383326e-04
2.69934967e+02,5.94190355e-04,5.91821908e-04
2.70135068e+02,5.94632452e-04,5.92260490e-04
2.70335168e+02,5.95074552e-04,5.92699071e-04
2.70535268e+02,5.95516655e-04,5.93137652e-04
2.70735368e+02,5.95958760e-04,5.93576233e-04
2.70935468e+02,5.96400867e-04,5.94014814e-04
2.71135568e+02,5.96842977e-04,5.94453395e-04
2.71335668e+02,5.97285089e-04,5.94891975e-04
2.71535768e+02,5.97727204e-04,5.95330556e-04
2.71735868e+02,5.98169321e-04,5.95769136e-04
2.71935968e+02,5.98611440e-04,5.96207716e-04
2.72136068e+02,5.99053562e-04,5.96646295e-04
2.72336168e+02,5.99495686e-04,5.97084875e-04
2.72536268e+02,5.99937813e-04,5.97523454e-04
2.72736368e+02,6.00379942e-04,5.97962033e-04
2.72936468e+02,6.00822073e-04,5.98400612e-04
2.73136568e+02,6.01264207e-04,5.98839191e-04
2.73336668e+02,6.01706344e-04,5.99277769e-04
2.73536768e+02,6.02148483e-04,5.99716348e-04
2.73736868e+02,6.02590624e-04,6.00154926e-04
2.73936968e+02,6.03032767e-04,6.00593504e-04
2.74137069e+02,6.03474913e-04,6.01032082e-04
2.74337169e+02,6.03917062e-04,6.01470659e-04
2.74537269e+02,6.04359213e-04,6.01909237e-04
2.74737369e+02,6.04801366e-04,6.02347814e-04
2.74937469e+02,6.05243522e-04,6.02786391e-04
2.75137569e+02,6.05685680e-04,6.03224968e-04
2.75337669e+02,6.06127840e-04,6.03663544e-04
2.75537769e+02,6.06570003e-04,6.04102121e-04
2.75737869e+02,6.07012169e-04,6.04540697e-04
2.75937969e+02,6.07454337e-04,6.04979273e-04
2.76138069e+02,6.07896507e-04,6.05417849e-04
2.76338169e+02,6.08338680e-04,6.05856425e-04
2.76538269e+02,6.08780855e-04,6.06295000e-04
2.76738369e+02,6.09223032e-04,6.06733575e-04
2.76938469e+02,6.09665212e-04,6.07172150e-04
2.77138569e+02,6.10107394e-04,6.07610725e-04
2.77338669e+02,6.10549579e-04,6.08049300e-04
2.77538769e+02,6.10991766e-04,6.08487874e-04
2.77738869e+02,6.11433956e-04,6.08926449e-04
2.77938969e+02,6.11876148e-04,6.09365023e-04
2.78139070e+02,6.12318342e-04,6.09803597e-04
2.78339170e+02,6.12760539e-04,6.10242171e-04
2.78539270e+02,6.13202739e-04,6.10680744e-04
2.78739370e+02,6.13644940e-04,6.11119317e-04
2.78939470e+02,6.14087144e-04,6.11557891e-04
2.79139570e+02,6.14529351e-04,6.11996464e-04
2.79339670e+02,6.14971560e-04,6.12435036e-04
2.79539770e+02,6.15413771e-04,6.12873609e-04
2.79739870e+02,6.15855985e-04,6.13312181e-04
2.79939970e+02,6.16298201e-04,6.13750754e-04
2.80140070e+02,6.16740420e-04,6.14189326e-04
2.80340170e+02,6.17182641e-04,6.14627897e-04
2.80540270e+02,6.17624865e-04,6.15066469e-04
2.80740370e+02,6.18067091e-04,6.15505040e-04
2.80940470e+02,6.18509319e-04,6.15943612e-04
2.81140570e+02,6.18951550e-04,6.16382183e-04
2.81340670e+02,6.19393783e-04,6.16820754e-04
2.81540770e+02,6.19836019e-04,6.17259324e-04
2.81740870e+02,6.20278257e-04,6.17697895e-04
2.81940970e+02,6.20720497e-04,6.18136465e-04
2.82141071e+02,6.21162740e-04,6.18575035e-04
2.82341171e+02,6.21604985e-04,6.19013605e-04
2.82541271e+02,6.22047233e-04,6.19452175e-04
2.82741371e+02,6.22489483e-04,6.19890744e-04
2.82941471e+02,6.22931736e-04,6.20329313e-04
2.83141571e+02,6.23373991e-04,6.20767883e-04
2.83341671e+02,6.23816248e-04,6.21206451e-04
2.83541771e+02,6.24258508e-04,6.21645020e-04
2.83741871e+02,6.24700770e-04,6.22083589e-04
2.83941971e+02,6.25143035e-04,6.22522157e-04
2.84142071e+02,6.25585302e-04,6.22960725e-04
2.84342171e+02,6.26027571e-04,6.23399293e-04
2.84542271e+02,6.26469843e-04,6.23837861e-04
2.84742371e+02,6.26912117e-04,6.24276429e-04
2.84942471e+02,6.27354394e-04,6.24714996e-04
2.85142571e+02,6.27796673e-04,6.25153563e-04
2.85342671e+02,6.28238955e-04,6.25592130e-04
2.85542771e+02,6.28681239e-04,6.26030697e-04
2.85742871e+02,6.29123525e-04,6.26469264e-04
2.85942971e+02,6.29565814e-04,6.26907830e-04
2.86143072e+02,6.30008106e-04,6.27346396e-04
2.86343172e+02,6.30450399e-04,6.27784962e-04
2.86543272e+02,6.30892695e-04,6.28223528e-04
2.86743372e+02,6.31334994e-04,6.28662094e-04
2.86943472e+02,6.31777295e-04,6.29100659e-04
2.87143572e+02,6.32219598e-04,6.29539224e-04
2.87343672e+02,6.32661904e-04,6.29977790e-04
2.87543772e+02,6.33104212e-04,6.30416354e-04
2.87743872e+02,6.33546523e-04,6.30854919e-04
2.87943972e+02,6.33988836e-04,6.31293484e-04
2.88144072e+02,6.34431152e-04,6.31732048e-04
2.88344172e+02,6.34873470e-04,6.32170612e-04
2.88544272e+02,6.35315790e-04,6.32609176e-04
2.88744372e+02,6.35758113e-04,6.33047740e-04
2.88944472e+02,6.36200438e-04,6.33486303e-04
2.89144572e+02,6.36642766e-04,6.33924867e-04
2.89344672e+02,6.37085096e-04,6.34363430e-04
2.89544772e+02,6.37527428e-04,6.34801993e-04
2.89744872e+02,6.37969763e-04,6.35240555e-04
2.89944972e+02,6.38412100e-04,6.35679118e-04
2.90145073e+02,6.38854440e-04,6.36117680e-04
2.90345173e+02,6.39296782e-04,6.36556243e-04
2.90545273e+02,6.39739127e-04,6.36994805e-04
2.90745373e+02,6.40181474e-04,6.37433366e-04
2.90945473e+02,6.40623823e-04,6.37871928e-04
2.91145573e+02,6.41066175e-04,6.38310489e-04
2.91345673e+02,6.41508529e-04,6.38749051e-04
2.91545773e+02,6.41950886e-04,6.39187612e-04
2.91745873e+02,6.42393245e-04,6.39626173e-04
2.91945973e+02,6.42835606e-04,6.40064733e-04
2.92146073e+02,6.43277970e-04,6.40503294e-04
2.92346173e+02,6.43720337e-04,6.40941854e-04
2.92546273e+02,6.44162705e-04,6.41380414e-04
2.92746373e+02,6.44605077e-04,6.41818974e-04
2.92946473e+02,6.45047450e-04,6.42257534e-04
2.93146573e+02,6.45489826e-04,6.42696093e-04
2.93346673e+02,6.45932205e-04,6.43134652e-04
2.93546773e+02,6.46374585e-04,6.43573211e-04
2.93746873e+02,6.46816969e-04,6.44011770e-04
2.93946973e+02,6.47259355e-04,6.44450329e-04
2.94147074e+02,6.47701743e-04,6.44888888e-04
2.94347174e+02,6.48144133e-04,6.45327446e-04
2.94547274e+02,6.48586526e-04,6.45766004e-04
2.94747374e+02,6.49028922e-04,6.46204562e-04
2.94947474e+02,6.49471319e-04,6.46643120e-04
2.95147574e+02,6.49913720e-04,6.47081677e-04
2.95347674e+02,6.50356122e-04,6.47520235e-04
2.95547774e+02,6.50798527e-04,6.47958792e-04
2.95747874e+02,6.51240935e-04,6.48397349e-04
2.95947974e+02,6.51683345e-04,6.48835906e-04
2.96148074e+02,6.52125757e-04,6.49274462e-04
2.96348174e+02,6.52568172e-04,6.49713019e-04
2.96548274e+02,6.53010589e-04,6.50151575e-04
2.96748374e+02,6.53453009e-04,6.50590131e-04
2.96948474e+02,6.53895431e-04,6.51028687e-04
2.97148574e+02,6.54337855e-04,6.51467243e-04
2.97348674e+02,6.54780282e-04,6.51905798e-04
2.97548774e+02,6.55222712e-04,6.52344353e-04
2.97748874e+02,6.55665143e-04,6.52782908e-04
2.97948974e+02,6.56107577e-04,6.53221463e-04
2.98149075e+02,6.56550014e-04,6.53660018e-04
2.98349175e+02,6.56992453e-04,6.54098572e-04
2.98549275e+02,6.57434894e-04,6.54537127e-04
2.98749375e+02,6.57877338e-04,6.54975681e-04
2.98949475e+02,6.58319785e-04,6.55414235e-04
2.99149575e+02,6.58762233e-04,6.55852788e-04
2.99349675e+02,6.59204684e-04,6.56291342e-04
2.99549775e+02,6.59647138e-04,6.56729895e-04
2.99749875e+02,6.60089594e-04,6.57168448e-04
2.99949975e+02,6.60532052e-04,6.57607001e-04
3.00150075e+02,6.60974513e-04,6.58045554e-04
3.00350175e+02,6.61416976e-04,6.58484107e-04
3.00550275e+02,6.61859442e-04,6.58922659e-04
3.00750375e+02,6.62301910e-04,6.59361211e-04
3.00950475e+02,6.62744380e-04,6.59799763e-04
3.01150575e+02,6.63186853e-04,6.60238315e-04
3.01350675e+02,6.63629329e-04,6.60676867e-04
3.01550775e+02,6.64071806e-04,6.61115418e-04
3.01750875e+02,6.64514287e-04,6.61553969e-04
3.01950975e+02,6.64956769e-04,6.61992520e-04
3.02151076e+02,6.65399254e-04,6.62431071e-04
3.02351176e+02,6.65841742e-04,6.62869622e-04
3.02551276e+02,6.66284231e-04,6.63308172e-04
3.02751376e+02,6.66726724e-04,6.63746723e-04
3.02951476e+02,6.67169218e-04,6.64185273e-04
3.03151576e+02,6.67611716e-04,6.64623822e-04
3.03351676e+02,6.68054215e-04,6.65062372e-04
3.03551776e+02,6.68496717e-04,6.65500922e-04
3.03751876e+02,6.68939221e-04,6.65939471e-04
3.03951976e+02,6.69381728e-04,6.66378020e-04
3.04152076e+02,6.69824237e-04,6.66816569e-04
3.04352176e+02,6.70266749e-04,6.67255118e-04
3.04552276e+02,6.70709263e-04,6.67693666e-04
3.04752376e+02,6.71151780e-04,6.68132214e-04
3.04952476e+02,6.71594299e-04,6.68570763e-04
3.05152576e+02,6.72036820e-04,6.69009311e-04
3.05352676e+02,6.72479344e-04,6.69447858e-04
3.05552776e+02,6.72921870e-04,6.69886406e-04
3.05752876e+02,6.73364399e-04,6.70324953e-04
3.05952976e+02,6.73806930e-04,6.70763500e-04
3.06153077e+02,6.74249463e-04,6.71202047e-04
3.06353177e+02,6.74691999e-04,6.71640594e-04
3.06553277e+02,6.75134537e-04,6.72079141e-04
3.06753377e+02,6.75577078e-04,6.72517687e-04
3.06953477e+02,6.76019621e-04,6.72956233e-04
3.07153577e+02,6.76462167e-04,6.73394779e-04
3.07353677e+02,6.76904715e-04,6.73833325e-04
3.07553777e+02,6.77347265e-04,6.74271871e-04
3.07753877e+02,6.77789818e-04,6.74710416e-04
3.07953977e+02,6.78232373e-04,6.75148962e-04
3.08154077e+02,6.78674931e-04,6.75587507e-04
3.08354177e+02,6.79117491e-04,6.76026052e-04
3.08554277e+02,6.79560053e-04,6.76464596e-04
3.08754377e+02,6.80002618e-04,6.76903141e-04
3.08954477e+02,6.80445186e-04,6.77341685e-04
3.09154577e+02,6.80887756e-04,6.77780229e-04
3.09354677e+02,6.81330328e-04,6.78218773e-04
3.09554777e+02,6.81772902e-04,6.78657317e-04
3.09754877e+02,6.82215479e-04,6.79095860e-04
3.09954977e+02,6.82658059e-04,6.79534404e-04
3.10155078e+02,6.83100641e-04,6.79972947e-04
3.10355178e+02,6.83543225e-04,6.80411490e-04
3.10555278e+02,6.83985812e-04,6.80850032e-04
3.10755378e+02,6.84428401e-04,6.81288575e-04
3.10955478e+02,6.84870993e-04,6.81727117e-04
3.11155578e+02,6.85313587e-04,6.82165660e-04
3.11355678e+02,6.85756183e-04,6.82604202e-04
3.11555778e+02,6.86198782e-04,6.83042743e-04
3.11755878e+02,6.86641383e-04,6.83481285e-04
3.11955978e+02,6.87083987e-04,6.83919826e-04
3.12156078e+02,6.87526593e-04,6.84358368e-04
3.12356178e+02,6.87969202e-04,6.84796909e-04
3.12556278e+02,6.88411813e-04,6.85235449e-04
3.12756378e+02,6.88854426e-04,6.85673990e-04
3.12956478e+02,6.89297042e-04,6.86112530e-04
3.13156578e+02,6.89739660e-04,6.86551071e-04
3.13356678e+02,6.90182281e-04,6.86989611e-04
3.13556778e+02,6.90624904e-04,6.87428151e-04
3.13756878e+02,6.91067529e-04,6.87866690e-04
3.13956978e+02,6.91510157e-04,6.88305230e-04
3.14157079e+02,6.91952788e-04,6.88743769e-04
3.14357179e+02,6.92395420e-04,6.89182308e-04
3.14557279e+02,6.92838056e-04,6.89620847e-04
3.14757379e+02,6.93280693e-04,6.90059386e-04
3.14957479e+02,6.93723333e-04,6.90497924e-04
3.15157579e+02,6.94165976e-04,6.90936463e-04
3.15357679e+02,6.94608621e-04,6.91375001e-04
3.15557779e+02,6.95051268e-04,6.91813539e-04
3.15757879e+02,6.95493918e-04,6.92252076e-04
3.15957979e+02,6.95936570e-04,6.92690614e-04
3.16158079e+02,6.96379224e-04,6.93129151e-04
3.16358179e+02,6.96821881e-04,6.93567689e-04
3.16558279e+02,6.97264541e-04,6.94006225e-04
3.16758379e+02,6.97707203e-04,6.94444762e-04
3.16958479e+02,6.98149867e-04,6.94883299e-04
3.17158579e+02,6.98592534e-04,6.95321835e-04
3.17358679e+02,6.99035203e-04,6.95760371e-04
3.17558779e+02,6.99477874e-04,6.96198908e-04
3.17758879e+02,6.99920548e-04,6.96637443e-04
3.17958979e+02,7.00363225e-04,6.97075979e-04
3.18159080e+02,7.00805904e-04,6.97514514e-04
3.18359180e+02,7.01248585e-04,6.97953050e-04
3.18559280e+02,7.01691268e-04,6.98391585e-04
3.18759380e+02,7.02133955e-04,6.98830120e-04
3.18959480e+02,7.02576643e-04,6.99268654e-04
3.19159580e+02,7.03019334e-04,6.99707189e-04
3.19359680e+02,7.03462027e-04,7.00145723e-04
3.19559780e+02,7.03904723e-04,7.00584257e-04
3.19759880e+02,7.04347421e-04,7.01022791e-04
3.19959980e+02,7.04790122e-04,7.01461325e-04
3.20160080e+02,7.05232825e-04,7.01899858e-04
3.20360180e+02,7.05675530e-04,7.02338392e-04
3.20560280e+02,7.06118238e-04,7.02776925e-04
3.20760380e+02,7.06560949e-04,7.03215458e-04
3.20960480e+02,7.07003661e-04,7.03653990e-04
3.21160580e+02,7.07446376e-04,7.04092523e-04
3.21360680e+02,7.07889094e-04,7.04531055e-04
3.21560780e+02,7.08331814e-04,7.04969587e-04
3.21760880e+02,7.08774536e-04,7.05408119e-04
3.21960980e+02,7.09217261e-04,7.05846651e-04
3.22161081e+02,7.09659989e-04,7.06285183e-04
3.22361181e+02,7.10102718e-04,7.06723714e-04
3.22561281e+02,7.10545450e-04,7.07162245e-04
3.22761381e+02,7.10988185e-04,7.07600776e-04
3.22961481e+02,7.11430922e-04,7.08039307e-04
3.23161581e+02,7.11873661e-04,7.08477838e-04
3.23361681e+02,7.12316403e-04,7.08916368e-04
3.23561781e+02,7.12759147e-04,7.09354898e-04
3.23761881e+02,7.13201894e-04,7.09793429e-04
3.23961981e+02,7.13644643e-04,7.10231958e-04
3.24162081e+02,7.14087395e-04,7.10670488e-04
3.24362181e+02,7.14530148e-04,7.11109018e-04
3.24562281e+02,7.14972905e-04,7.11547547e-04
3.24762381e+02,7.15415664e-04,7.11986076e-04
3.24962481e+02,7.15858425e-04,7.12424605e-04
3.25162581e+02,7.16301188e-04,7.12863134e-04
3.25362681e+02,7.16743954e-04,7.13301662e-04
3.25562781e+02,7.17186723e-04,7.13740190e-04
3.25762881e+02,7.17629494e-04,7.14178718e-04
3.25962981e+02,7.18072267e-04,7.14617246e-04
3.26163082e+02,7.18515043e-04,7.15055774e-04
3.26363182e+02,7.18957821e-04,7.15494302e-04
3.26563282e+02,7.19400602e-04,7.15932829e-04
3.26763382e+02,7.19843385e-04,7.16371356e-04
3.26963482e+02,7.20286170e-04,7.16809883e-04
3.27163582e+02,7.20728958e-04,7.17248410e-04
3.27363682e+02,7.21171748e-04,7.17686937e-04
3.27563782e+02,7.21614541e-04,7.18125463e-04
3.27763882e+02,7.22057336e-04,7.18563989e-04
3.27963982e+02,7.22500134e-04,7.19002515e-04
3.28164082e+02,7.22942933e-04,7.19441041e-04
3.28364182e+02,7.23385736e-04,7.19879567e-04
3.28564282e+02,7.23828541e-04,7.20318092e-04
3.28764382e+02,7.24271348e-04,7.20756617e-04
3.28964482e+02,7.24714158e-04,7.21195142e-04
3.29164582e+02,7.25156970e-04,7.21633667e-04
3.29364682e+02,7.25599784e-04,7.22072192e-04
3.29564782e+02,7.26042601e-04,7.22510716e-04
3.29764882e+02,7.26485420e-04,7.22949241e-04
3.29964982e+02,7.26928242e-04,7.23387765e-04
3.30165083e+02,7.27371066e-04,7.23826289e-04
3.30365183e+02,7.27813893e-04,7.24264812e-04
3.30565283e+02,7.28256722e-04,7.24703336e-04
3.30765383e+02,7.28699554e-04,7.25141859e-04
3.30965483e+02,7.29142387e-04,7.25580382e-04
3.31165583e+02,7.29585224e-04,7.26018905e-04
3.31365683e+02,7.30028063e-04,7.26457428e-04
3.31565783e+02,7.30470904e-04,7.26895950e-04
3.31765883e+02,7.30913747e-04,7.27334473e-04
3.31965983e+02,7.31356593e-04,7.27772995e-04
3.32166083e+02,7.31799442e-04,7.28211517e-04
3.32366183e+02,7.32242293e-04,7.28650039e-04
3.32566283e+02,7.32685146e-04,7.29088560e-04
3.32766383e+02,7.33128002e-04,7.29527082e-04
3.32966483e+02,7.33570860e-04,7.29965603e-04
3.33166583e+02,7.34013720e-04,7.30404124e-04
3.33366683e+02,7.34456583e-04,7.30842645e-04
3.33566783e+02,7.34899449e-04,7.31281165e-04
3.33766883e+02,7.35342317e-04,7.31719686e-04
3.33966983e+02,7.35785187e-04,7.32158206e-04
3.34167084e+02,7.36228059e-04,7.32596726e-04
3.34367184e+02,7.36670935e-04,7.33035246e-04
3.34567284e+02,7.37113812e-04,7.33473765e-04
3.34767384e+02,7.37556692e-04,7.33912285e-04
3.34967484e+02,7.37999574e-04,7.34350804e-04
3.35167584e+02,7.38442459e-04,7.34789323e-04
3.35367684e+02,7.38885346e-04,7.35227842e-04
3.35567784e+02,7.39328236e-04,7.35666361e-04
3.35767884e+02,7.39771128e-04,7.36104879e-04
3.35967984e+02,7.40214023e-04,7.36543398e-04
3.36168084e+02,7.40656920e-04,7.36981916e-04
3.36368184e+02,7.41099819e-04,7.37420434e-04
3.36568284e+02,7.41542721e-04,7.37858951e-04
3.36768384e+02,7.41985625e-04,7.38297469e-04
3.36968484e+02,7.42428531e-04,7.38735986e-04
3.37168584e+02,7.42871440e-04,7.39174504e-04
3.37368684e+02,7.43314352e-04,7.39613020e-04
3.37568784e+02,7.43757266e-04,7.40051537e-04
3.37768884e+02,7.44200182e-04,7.40490054e-04
3.37968984e+02,7.44643101e-04,7.40928570e-04
3.38169085e+02,7.45086022e-04,7.41367086e-04
3.38369185e+02,7.45528946e-04,7.41805602e-04
3.38569285e+02,7.45971872e-04,7.42244118e-04
3.38769385e+02,7.46414800e-04,7.42682634e-04
3.38969485e+02,7.46857731e-04,7.43121149e-04
3.39169585e+02,7.47300664e-04,7.43559665e-04
3.39369685e+02,7.47743600e-04,7.43998180e-04
3.39569785e+02,7.48186538e-04,7.44436694e-04
3.39769885e+02,7.48629478e-04,7.44875209e-04
3.39969985e+02,7.49072421e-04,7.45313724e-04
3.40170085e+02,7.49515367e-04,7.45752238e-04
3.40370185e+02,7.49958315e-04,7.46190752e-04
3.40570285e+02,7.50401265e-04,7.46629266e-04
3.40770385e+02,7.50844218e-04,7.47067779e-04
3.40970485e+02,7.51287173e-04,7.47506293e-04
3.41170585e+02,7.51730130e-04,7.47944806e-04
3.41370685e+02,7.52173090e-04,7.48383319e-04
3.41570785e+02,7.52616052e-04,7.48821832e-04
3.41770885e+02,7.53059017e-04,7.49260345e-04
3.41970985e+02,7.53501984e-04,7.49698858e-04
3.42171086e+02,7.53944954e-04,7.50137370e-04
3.42371186e+02,7.54387926e-04,7.50575882e-04
3.42571286e+02,7.54830901e-04,7.51014394e-04
3.42771386e+02,7.55273878e-04,7.51452906e-04
3.42971486e+02,7.55716857e-04,7.51891417e-04
3.43171586e+02,7.56159839e-04,7.52329929e-04
3.43371686e+02,7.56602823e-04,7.52768440e-04
3.43571786e+02,7.57045809e-04,7.53206951e-04
3.43771886e+02,7.57488798e-04,7.53645462e-04
3.43971986e+02,7.57931790e-04,7.54083972e-04
3.44172086e+02,7.58374784e-04,7.54522483e-04
3.44372186e+02,7.58817780e-04,7.54960993e-04
3.44572286e+02,7.59260779e-04,7.55399503e-04
3.44772386e+02,7.59703780e-04,7.55838013e-04
3.44972486e+02,7.60146784e-04,7.56276523e-04
3.45172586e+02,7.60589790e-04,7.56715032e-04
3.45372686e+02,7.61032798e-04,7.57153541e-04
3.45572786e+02,7.61475809e-04,7.57592050e-04
3.45772886e+02,7.61918822e-04,7.58030559e-04
3.45972986e+02,7.62361838e-04,7.58469068e-04
3.46173087e+02,7.62804856e-04,7.58907576e-04
3.46373187e+02,7.63247876e-04,7.59346085e-04
3.46573287e+02,7.63690899e-04,7.59784593e-04
3.46773387e+02,7.64133925e-04,7.60223101e-04
3.46973487e+02,7.64576953e-04,7.60661608e-04
3.47173587e+02,7.65019983e-04,7.61100116e-04
3.47373687e+02,7.65463016e-04,7.61538623e-04
3.47573787e+02,7.65906051e-04,7.61977130e-04
3.47773887e+02,7.66349088e-04,7.62415637e-04
3.47973987e+02,7.66792128e-04,7.62854144e-04
3.48174087e+02,7.67235170e-04,7.63292651e-04
3.48374187e+02,7.67678215e-04,7.63731157e-04
3.48574287e+02,7.68121262e-04,7.64169663e-04
3.48774387e+02,7.68564312e-04,7.64608169e-04
3.48974487e+02,7.69007364e-04,7.65046675e-04
3.49174587e+02,7.69450419e-04,7.65485181e-04
3.49374687e+02,7.69893476e-04,7.65923686e-04
3.49574787e+02,7.70336535e-04,7.66362191e-04
3.49774887e+02,7.70779597e-04,7.66800696e-04
3.49974987e+02,7.71222661e-04,7.67239201e-04
3.50175088e+02,7.71665727e-04,7.67677706e-04
3.50375188e+02,7.72108796e-04,7.68116210e-04
3.50575288e+02,7.72551868e-04,7.68554715e-04
3.50775388e+02,7.72994942e-04,7.68993219e-04
3.50975488e+02,7.73438018e-04,7.69431723e-04
3.51175588e+02,7.73881097e-04,7.69870226e-04
3.51375688e+02,7.74324178e-04,7.70308730e-04
3.51575788e+02,7.74767262e-04,7.70747233e-04
3.51775888e+02,7.75210348e-04,7.71185736e-04
3.51975988e+02,7.75653436e-04,7.71624239e-04
3.52176088e+02,7.76096527e-04,7.72062742e-04
3.52376188e+02,7.76539620e-04,7.72501244e-04
3.52576288e+02,7.76982716e-04,7.72939747e-04
3.52776388e+02,7.77425814e-04,7.73378249e-04
3.52976488e+02,7.77868915e-04,7.73816751e-04
3.53176588e+02,7.78312018e-04,7.74255253e-04
3.53376688e+02,7.78755123e-04,7.74693754e-04
3.53576788e+02,7.79198231e-04,7.75132256e-04
3.53776888e+02,7.79641341e-04,7.75570757e-04
3.53976988e+02,7.80084454e-04,7.76009258e-04
3.54177089e+02,7.80527569e-04,7.76447758e-04
3.54377189e+02,7.80970686e-04,7.76886259e-04
3.54577289e+02,7.81413806e-04,7.77324760e-04
3.54777389e+02,7.81856929e-04,7.77763260e-04
3.54977489e+02,7.82300054e-04,7.78201760e-04
3.55177589e+02,7.82743181e-04,7.78640260e-04
3.55377689e+02,7.83186310e-04,7.79078759e-04
3.55577789e+02,7.83629443e-04,7.79517259e-04
3.55777889e+02,7.84072577e-04,7.79955758e-04
3.55977989e+02,7.84515714e-04,7.80394257e-04
3.56178089e+02,7.84958853e-04,7.80832756e-04
3.56378189e+02,7.85401995e-04,7.81271255e-04
3.56578289e+02,7.85845139e-04,7.81709753e-04
3.56778389e+02,7.86288286e-04,7.82148251e-04
3.56978489e+02,7.86731435e-04,7.82586749e-04
3.57178589e+02,7.87174586e-04,7.83025247e-04
3.57378689e+02,7.87617740e-04,7.83463745e-04
3.57578789e+02,7.88060897e-04,7.83902243e-04
3.57778889e+02,7.88504055e-04,7.84340740e-04
3.57978989e+02,7.88947217e-04,7.84779237e-04
3.58179090e+02,7.89390380e-04,7.85217734e-04
3.58379190e+02,7.89833546e-04,7.85656231e-04
3.58579290e+02,7.90276715e-04,7.86094727e-04
3.58779390e+02,7.90719886e-04,7.86533224e-04
3.58979490e+02,7.91163059e-04,7.86971720e-04
3.59179590e+02,7.91606235e-04,7.87410216e-04
3.59379690e+02,7.92049413e-04,7.87848712e-04
3.59579790e+02,7.92492593e-04,7.88287207e-04
3.59779890e+02,7.92935776e-04,7.88725703e-04
3.59979990e+02,7.93378962e-04,7.89164198e-04
3.60180090e+02,7.93822150e-04,7.89602693e-04
3.60380190e+02,7.94265340e-04,7.90041188e-04
3.60580290e+02,7.94708533e-04,7.90479682e-04
3.60780390e+02,7.95151728e-04,7.90918177e-04
3.60980490e+02,7.95594925e-04,7.91356671e-04
3.61180590e+02,7.96038125e-04,7.91795165e-04
3.61380690e+02,7.96481328e-04,7.92233659e-04
3.61580790e+02,7.96924533e-04,7.92672153e-04
3.61780890e+02,7.97367740e-04,7.93110646e-04
3.61980990e+02,7.97810950e-04,7.93549140e-04
3.62181091e+02,7.98254162e-04,7.93987633e-04
3.62381191e+02,7.98697376e-04,7.94426126e-04
3.62581291e+02,7.99140593e-04,7.94864618e-04
3.62781391e+02,7.99583813e-04,7.95303111e-04
3.62981491e+02,8.00027034e-04,7.95741603e-04
3.63181591e+02,8.00470259e-04,7.96180095e-04
3.63381691e+02,8.00913485e-04,7.96618587e-04
3.63581791e+02,8.01356714e-04,7.97057079e-04
3.63781891e+02,8.01799946e-04,7.97495571e-04
3.63981991e+02,8.02243180e-04,7.97934062e-04
3.64182091e+02,8.02686416e-04,7.98372553e-04
3.64382191e+02,8.03129655e-04,7.98811044e-04
3.64582291e+02,8.03572896e-04,7.99249535e-04
3.64782391e+02,8.04016140e-04,7.99688025e-04
3.64982491e+02,8.04459386e-04,8.00126516e-04
3.65182591e+02,8.04902634e-04,8.00565006e-04
3.65382691e+02,8.05345885e-04,8.01003496e-04
3.65582791e+02,8.05789139e-04,8.01441986e-04
3.65782891e+02,8.06232394e-04,8.01880476e-04
3.65982991e+02,8.06675653e-04,8.02318965e-04
3.66183092e+02,8.07118913e-04,8.02757454e-04
3.66383192e+02,8.07562176e-04,8.03195943e-04
3.66583292e+02,8.08005442e-04,8.03634432e-04
3.66783392e+02,8.08448710e-04,8.04072921e-04
3.66983492e+02,8.08891980e-04,8.04511409e-04
3.67183592e+02,8.09335253e-04,8.04949898e-04
3.67383692e+02,8.09778528e-04,8.05388386e-04
3.67583792e+02,8.10221805e-04,8.05826874e-04
3.67783892e+02,8.10665085e-04,8.06265361e-04
3.67983992e+02,8.11108368e-04,8.06703849e-04
3.68184092e+02,8.11551653e-04,8.07142336e-04
3.68384192e+02,8.11994940e-04,8.07580823e-04
3.68584292e+02,8.12438230e-04,8.08019310e-04
3.68784392e+02,8.12881522e-04,8.08457797e-04
3.68984492e+02,8.13324817e-04,8.08896284e-04
3.69184592e+02,8.13768113e-04,8.09334770e-04
3.69384692e+02,8.14211413e-04,8.09773256e-04
3.69584792e+02,8.14654715e-04,8.10211742e-04
3.69784892e+02,8.15098019e-04,8.10650228e-04
3.69984992e+02,8.15541326e-04,8.11088714e-04
3.70185093e+02,8.15984635e-04,8.11527199e-04
3.70385193e+02,8.16427946e-04,8.11965684e-04
3.70585293e+02,8.16871260e-04,8.12404169e-04
3.70785393e+02,8.17314577e-04,8.12842654e-04
3.70985493e+02,8.17757896e-04,8.13281139e-04
3.71185593e+02,8.18201217e-04,8.13719623e-04
3.71385693e+02,8.18644541e-04,8.14158107e-04
3.71585793e+02,8.19087867e-04,8.14596591e-04
3.71785893e+02,8.19531195e-04,8.15035075e-04
3.71985993e+02,8.19974526e-04,8.15473559e-04
3.72186093e+02,8.20417860e-04,8.15912042e-04
3.72386193e+02,8.20861195e-04,8.16350526e-04
3.72586293e+02,8.21304534e-04,8.16789009e-04
3.72786393e+02,8.21747874e-04,8.17227492e-04
3.72986493e+02,8.22191217e-04,8.17665974e-04
3.73186593e+02,8.22634563e-04,8.18104457e-04
3.73386693e+02,8.23077911e-04,8.18542939e-04
3.73586793e+02,8.23521261e-04,8.18981421e-04
3.73786893e+02,8.23964614e-04,8.19419903e-04
3.73986993e+02,8.24407969e-04,8.19858385e-04
3.74187094e+02,8.24851327e-04,8.20296867e-04
3.74387194e+02,8.25294687e-04,8.20735348e-04
3.74587294e+02,8.25738049e-04,8.21173829e-04
3.74787394e+02,8.26181414e-04,8.21612310e-04
3.74987494e+02,8.26624782e-04,8.22050791e-04
3.75187594e+02,8.27068152e-04,8.22489272e-04
3.75387694e+02,8.27511524e-04,8.22927752e-04
3.75587794e+02,8.27954898e-04,8.23366232e-04
3.75787894e+02,8.28398275e-04,8.23804712e-04
3.75987994e+02,8.28841655e-04,8.24243192e-04
3.76188094e+02,8.29285037e-04,8.24681672e-04
3.76388194e+02,8.29728421e-04,8.25120151e-04
3.76588294e+02,8.30171808e-04,8.25558630e-04
3.76788394e+02,8.30615197e-04,8.25997109e-04
3.76988494e+02,8.31058589e-04,8.26435588e-04
3.77188594e+02,8.31501983e-04,8.26874067e-04
3.77388694e+02,8.31945379e-04,8.27312545e-04
3.77588794e+02,8.32388778e-04,8.27751024e-04
3.77788894e+02,8.32832179e-04,8.28189502e-04
3.77988994e+02,8.33275583e-04,8.28627980e-04
3.78189095e+02,8.33718989e-04,8.29066457e-04
3.78389195e+02,8.34162398e-04,8.29504935e-04
3.78589295e+02,8.34605809e-04,8.29943412e-04
3.78789395e+02,8.35049222e-04,8.30381889e-04
3.78989495e+02,8.35492638e-04,8.30820366e-04
3.79189595e+02,8.35936057e-04,8.31258843e-04
3.79389695e+02,8.36379477e-04,8.31697320e-04
3.79589795e+02,8.36822900e-04,8.32135796e-04
3.79789895e+02,8.37266326e-04,8.32574272e-04
3.79989995e+02,8.37709754e-04,8.33012748e-04
3.80190095e+02,8.38153184e-04,8.33451224e-04
3.80390195e+02,8.38596617e-04,8.33889699e-04
3.80590295e+02,8.39040053e-04,8.34328175e-04
3.80790395e+02,8.39483490e-04,8.34766650e-04
3.80990495e+02,8.39926930e-04,8.35205125e-04
3.81190595e+02,8.40370373e-04,8.35643600e-04
3.81390695e+02,8.40813818e-04,8.36082075e-04
3.81590795e+02,8.41257265e-04,8.36520549e-04
3.81790895e+02,8.41700715e-04,8.36959023e-04
3.81990995e+02,8.42144167e-04,8.37397497e-04
3.82191096e+02,8.42587622e-04,8.37835971e-04
3.82391196e+02,8.43031079e-04,8.38274445e-04
3.82591296e+02,8.43474539e-04,8.38712918e-04
3.82791396e+02,8.43918001e-04,8.39151392e-04
3.82991496e+02,8.44361465e-04,8.39589865e-04
3.83191596e+02,8.44804932e-04,8.40028338e-04
3.83391696e+02,8.45248401e-04,8.40466810e-04
3.83591796e+02,8.45691873e-04,8.40905283e-04
3.83791896e+02,8.46135347e-04,8.41343755e-04
3.83991996e+02,8.46578824e-04,8.41782227e-04
3.84192096e+02,8.47022303e-04,8.42220699e-04
3.84392196e+02,8.47465784e-04,8.42659171e-04
3.84592296e+02,8.47909268e-04,8.43097642e-04
3.84792396e+02,8.48352754e-04,8.43536114e-04
3.84992496e+02,8.48796243e-04,8.43974585e-04
3.85192596e+02,8.49239734e-04,8.44413056e-04
3.85392696e+02,8.49683227e-04,8.44851527e-04
3.85592796e+02,8.50126723e-04,8.45289997e-04
3.85792896e+02,8.50570222e-04,8.45728468e-04
3.85992996e+02,8.51013722e-04,8.46166938e-04
3.86193097e+02,8.51457226e-04,8.46605408e-04
3.86393197e+02,8.51900731e-04,8.47043878e-04
3.86593297e+02,8.52344239e-04,8.47482347e-04
3.86793397e+02,8.52787750e-04,8.47920817e-04
3.86993497e+02,8.53231263e-04,8.48359286e-04
3.87193597e+02,8.53674778e-04,8.48797755e-04
3.87393697e+02,8.54118296e-04,8.49236224e-04
3.87593797e+02,8.54561816e-04,8.49674693e-04
3.87793897e+02,8.55005339e-04,8.50113161e-04
3.87993997e+02,8.55448864e-04,8.50551629e-04
3.88194097e+02,8.55892391e-04,8.50990097e-04
3.88394197e+02,8.56335921e-04,8.51428565e-04
3.88594297e+02,8.56779454e-04,8.51867033e-04
3.88794397e+02,8.57222988e-04,8.52305501e-04
3.88994497e+02,8.57666526e-04,8.52743968e-04
3.89194597e+02,8.58110065e-04,8.53182435e-04
3.89394697e+02,8.58553607e-04,8.53620902e-04
3.89594797e+02,8.58997152e-04,8.54059369e-04
3.89794897e+02,8.59440699e-04,8.54497835e-04
3.89994997e+02,8.59884248e-04,8.54936302e-04
3.90195098e+02,8.60327800e-04,8.55374768e-04
3.90395198e+02,8.60771354e-04,8.55813234e-04
3.90595298e+02,8.61214910e-04,8.56251700e-04
3.90795398e+02,8.61658469e-04,8.56690165e-04
3.90995498e+02,8.62102031e-04,8.57128630e-04
3.91195598e+02,8.62545595e-04,8.57567096e-04
3.91395698e+02,8.62989161e-04,8.58005561e-04
3.91595798e+02,8.63432730e-04,8.58444026e-04
3.91795898e+02,8.63876301e-04,8.58882490e-04
3.91995998e+02,8.64319875e-04,8.59320955e-04
3.92196098e+02,8.64763451e-04,8.59759419e-04
3.92396198e+02,8.65207029e-04,8.60197883e-04
3.92596298e+02,8.65650610e-04,8.60636347e-04
3.92796398e+02,8.66094193e-04,8.61074810e-04
3.92996498e+02,8.66537779e-04,8.61513274e-04
3.93196598e+02,8.66981367e-04,8.61951737e-04
3.93396698e+02,8.67424958e-04,8.62390200e-04
3.93596798e+02,8.67868551e-04,8.62828663e-04
3.93796898e+02,8.68312146e-04,8.63267126e-04
3.93996998e+02,8.68755744e-04,8.63705588e-04
3.94197099e+02,8.69199344e-04,8.64144051e-04
3.94397199e+02,8.69642947e-04,8.64582513e-04
3.94597299e+02,8.70086552e-04,8.65020975e-04
3.94797399e+02,8.70530160e-04,8.65459436e-04
3.94997499e+02,8.70973770e-04,8.65897898e-04
3.95197599e+02,8.71417382e-04,8.66336359e-04
3.95397699e+02,8.71860997e-04,8.66774820e-04
3.95597799e+02,8.72304614e-04,8.67213281e-04
3.95797899e+02,8.72748234e-04,8.67651742e-04
3.95997999e+02,8.73191856e-04,8.68090203e-04
3.96198099e+02,8.73635481e-04,8.68528663e-04
3.96398199e+02,8.74079108e-04,8.68967123e-04
3.96598299e+02,8.74522737e-04,8.69405583e-04
3.96798399e+02,8.74966369e-04,8.69844043e-04
3.96998499e+02,8.75410003e-04,8.70282503e-04
3.97198599e+02,8.75853640e-04,8.70720962e-04
3.97398699e+02,8.76297279e-04,8.71159421e-04
3.97598799e+02,8.76740921e-04,8.71597881e-04
3.97798899e+02,8.77184565e-04,8.72036339e-04
3.97998999e+02,8.77628211e-04,8.72474798e-04
3.98199100e+02,8.78071860e-04,8.72913256e-04
3.98399200e+02,8.78515511e-04,8.73351715e-04
3.98599300e+02,8.78959165e-04,8.73790173e-04
3.98799400e+02,8.79402821e-04,8.74228631e-04
3.98999500e+02,8.79846480e-04,8.74667088e-04
3.99199600e+02,8.80290141e-04,8.75105546e-04
3.99399700e+02,8.80733804e-04,8.75544003e-04
3.99599800e+02,8.81177470e-04,8.75982460e-04
3.99799900e+02,8.81621138e-04,8.76420917e-04
4.00000000e+02,8.82064809e-04,8.76859374e-04
