w_rad_fs,spectrum_dB
0.0015707963267948967,-0.014537492410161244
0.007853981633974483,-0.28642529426961494
0.014137166941154071,-1.4763812141548325
0.02042035224833366,-3.455032518357184
0.026703537555513242,-6.107026404061028
0.03298672286269283,-9.232604159909311
0.039269908169872414,-12.786269568435547
0.045553093477052005,-16.964657165637206
0.05183627878423159,-21.703073217958526
0.05811946409141117,-27.009690449535736
0.06440264939859076,-33.655431200761726
0.07068583470577035,-41.0447059550097
0.07696902001294993,-49.26844725734135
0.08325220532012952,-57.27800179249491
0.08953539062730911,-64.4464718521785
0.09581857593448868,-70.73142589275503
0.10210176124166828,-74.19887169653991
0.10838494654884787,-75.06849606616936
0.11466813185602744,-74.8416806320305
0.12095131716320703,-73.74099246281193
0.12723450247038662,-72.37524545160935
0.13351768777756623,-71.09062110091635
0.13980087308474579,-70.1442332612152
0.14608405839192537,-69.62017153652049
0.15236724369910498,-69.56353625725284
0.15865042900628457,-69.89959449311989
0.16493361431346412,-70.56099206018999
0.17121679962064373,-71.53939638185498
0.17749998492782332,-72.74760845008188
0.1837831702350029,-74.15344336152086
0.19006635554218249,-75.71822376938582
0.19634954084936207,-77.39738478523422
0.20263272615654165,-79.18412321278494
0.20891591146372127,-81.04625284422721
0.21519909677090085,-82.96107507376051
0.22148228207808043,-84.96816535831371
0.22776546738526,-87.03881718731326
0.23404865269243957,-89.13343783939195
0.24033183799961916,-91.1934822716921
0.24661502330679877,-93.29035011098202
0.2528982086139783,-95.05739330945647
0.25918139392115797,-97.11435801377883
0.26546457922833755,-99.88574906687538
0.27174776453551713,-102.33624092881813
0.27803094984269666,-105.04744026663874
0.28431413514987625,-106.66319262200196
0.2905973204570559,-109.14204793762549
0.29688050576423547,-112.1329614777123
0.30316369107141505,-113.79626171227598
0.30944687637859464,-116.176927612985
0.3157300616857742,-119.0722144690654
0.3220132469929538,-121.06107412010125
0.3282964323001334,-123.34126477856526
0.334579617607313,-125.29083305819101
0.34086280291449256,-128.5820792904209
0.34714598822167214,-130.94626158417174
0.3534291735288517,-133.5731992841071
0.3597123588360313,-136.16254732280277
0.3659955441432109,-139.925371485289
0.37227872945039053,-139.24061536364684
0.37856191475757006,-142.71175354554896
0.38484510006474965,-143.8553098910987
0.39112828537192923,-146.8474746062924
0.3974114706791088,-147.58042043521957
0.4036946559862884,-161.75623171396768
0.40997784129346804,-153.85578705844804
0.4162610266006476,-157.92079207983346
0.4225442119078272,-159.86905578406575
0.4288273972150068,-160.68786352990472
0.4351105825221864,-163.2128728682642
0.44139376782936596,-165.88091482988872
0.44767695313654554,-168.64102132288605
0.45396013844372507,-177.49375186909748
0.46024332375090465,-173.53458053576279
0.46652650905808424,-175.28562208481412
0.4728096943652638,-177.69630130022654
0.47909287967244346,-179.91454846777413
0.48537606497962305,-181.76704966017286
0.49165925028680263,-189.688372393008
0.4979424355939822,-202.54603021842595
0.5042256209011619,-195.542313073952
0.5105088062083414,-194.1048675307229
0.516791991515521,-194.16954803555942
0.5230751768227005,-196.18929441188814
0.5293583621298802,-199.96522442085188
0.5356415474370597,-205.10693204907568
0.5419247327442394,-206.78736019732128
0.548207918051419,-206.41003132092374
0.5544911033585984,-208.4608539829132
0.560774288665778,-213.77215390298917
0.5670574739729577,-213.64033306935772
0.5733406592801372,-217.50295695318525
0.5796238445873169,-221.35088500407937
0.5859070298944964,-223.53339793766824
0.592190215201676,-232.32310611540015
0.5984734005088556,-225.82042493838333
0.6047565858160352,-228.8114151388312
0.6110397711232147,-229.6067060764002
0.6173229564303944,-232.74027441316522
0.623606141737574,-243.47282050228768
0.6298893270447535,-239.02008634192504
0.6361725123519332,-242.06389410080914
0.6424556976591127,-241.93056533593673
0.6487388829662923,-246.11860855974692
0.6550220682734719,-248.0145363651391
0.6613052535806514,-250.75861869341125
0.667588438887831,-253.21628815592788
0.6738716241950106,-260.50767128733804
0.6801548095021902,-256.6194523677706
0.6864379948093698,-263.7830573258456
0.6927211801165494,-264.00983188185216
0.699004365423729,-265.393251607009
0.7052875507309085,-265.9983780204488
0.7115707360380882,-268.00447478634953
0.7178539213452677,-273.62070673574516
0.7241371066524473,-272.7425222408659
0.730420291959627,-275.39590234785004
0.7367034772668065,-281.5643701006618
0.7429866625739862,-282.2927723023624
0.7492698478811657,-285.42908694782534
0.7555530331883452,-292.50332931382724
0.7618362184955249,-288.24821807439866
0.7681194038027044,-291.4952385457499
0.774402589109884,-292.644437826187
0.7806857744170635,-293.9157038715569
0.7869689597242432,-295.25213199981016
0.7932521450314227,-299.4862208825562
0.7995353303386024,-298.687286335039
0.805818515645782,-298.673586801663
0.8121017009529615,-299.35781455621054
0.8183848862601412,-299.73722113367455
0.8246680715673207,-299.88083478347187
0.8309512568745003,-299.9741817230819
0.8372344421816799,-299.9854743555138
0.8435176274888595,-299.9741883789376
0.8498008127960391,-299.99099532081283
0.8560839981032187,-299.9868917489158
0.8623671834103983,-299.99566059805215
0.8686503687175778,-299.99770673430146
0.8749335540247575,-299.99769841567564
0.881216739331937,-299.9990171986225
0.8874999246391166,-299.99955625557527
0.8937831099462963,-299.9996028637452
0.9000662952534758,-299.99983653890683
0.9063494805606552,-299.9994770177749
0.9126326658678349,-299.9995374445732
0.9189158511750144,-299.9998991000347
0.925199036482194,-299.99996799024495
0.9314822217893736,-299.99995816409853
0.9377654070965532,-299.99997579684924
0.9440485924037328,-299.99812494189143
0.9503317777109124,-299.99989935808946
0.956614963018092,-299.99997171888657
0.9628981483252715,-299.99995527348466
0.9691813336324512,-299.99971290650046
0.9754645189396307,-299.9994039196293
0.9817477042468103,-299.9999700351823
0.98803088955399,-299.99971959317156
0.9943140748611695,-299.99955853062136
1.000597260168349,-299.99953971144623
1.0068804454755287,-299.9995627878127
1.0131636307827083,-299.99833683802063
1.019446816089888,-299.9993380990232
1.0257300013970674,-299.99960161671373
1.032013186704247,-299.99963921351525
1.0382963720114267,-299.9996142690808
1.0445795573186063,-299.9998524105823
1.050862742625786,-299.99994366048054
1.0571459279329654,-299.99993632126285
1.063429113240145,-299.99969386660433
1.0697122985473246,-299.99992781935936
1.0759954838545043,-299.9996747624534
1.082278669161684,-299.9997448552021
1.0885618544688633,-299.99992644095056
1.094845039776043,-299.99835336161885
1.1011282250832226,-299.9996111311862
1.107411410390402,-299.9998563935627
1.1136945956975817,-299.9990887964702
1.119977781004761,-299.9996185999425
1.1262609663119407,-299.99901909651544
1.1325441516191204,-299.99954324678396
1.1388273369263,-299.9998369900782
1.1451105222334796,-299.9997149072996
1.151393707540659,-299.99984824162345
1.1576768928478387,-299.9998749139586
1.1639600781550183,-299.99989404746754
1.170243263462198,-299.9992307557207
1.1765264487693776,-299.99997626553073
1.182809634076557,-299.99987967645706
1.1890928193837367,-299.99864668017204
1.1953760046909163,-299.9991368711602
1.201659189998096,-299.99800599883775
1.2079423753052754,-299.9980217662769
1.214225560612455,-299.9993368213075
1.2205087459196347,-299.998331919027
1.2267919312268143,-299.9984968466032
1.233075116533994,-299.9998183375543
1.2393583018411733,-299.996042486647
1.245641487148353,-299.9992780566094
1.2519246724555326,-299.99860264209593
1.2582078577627123,-299.9996417572459
1.264491043069892,-299.9998391634652
1.2707742283770713,-299.99930535993263
1.277057413684251,-299.9993995882674
1.2833405989914306,-299.99916678133343
1.2896237842986102,-299.99996448297776
1.2959069696057897,-299.9970007990885
1.3021901549129693,-299.9997369895451
1.3084733402201487,-299.9999245824273
1.3147565255273284,-299.9995748292485
1.321039710834508,-299.9993811072578
1.3273228961416876,-299.9998072937966
1.333606081448867,-299.9990276395273
1.3398892667560467,-299.99946985712137
1.3461724520632263,-299.99899100547447
1.352455637370406,-299.9990263573775
1.3587388226775856,-299.99932117769316
1.365022007984765,-299.9998813463525
1.3713051932919447,-299.99900006581095
1.3775883785991243,-299.9997070419127
1.383871563906304,-299.99968295239006
1.3901547492134834,-299.9998730058196
1.396437934520663,-299.9995864925127
1.4027211198278426,-299.9985500863975
1.4090043051350223,-299.9999586791132
1.415287490442202,-299.99835278543594
1.4215706757493813,-299.9990267164075
1.427853861056561,-299.9977492066852
1.4341370463637406,-299.998480595882
1.4404202316709203,-299.999767233047
1.4467034169781,-299.99959464660384
1.4529866022852793,-299.9999770845319
1.459269787592459,-299.99855622935996
1.4655529728996386,-299.99951339924667
1.4718361582068182,-299.9999600390853
1.4781193435139977,-299.99961521042997
1.4844025288211773,-299.9992346528096
1.490685714128357,-299.999416538786
1.4969688994355366,-299.99916228258473
1.5032520847427162,-299.99690146525245
1.5095352700498956,-299.99950584590806
1.515818455357075,-299.9996453941362
1.5221016406642547,-299.99901721379365
1.5283848259714343,-299.9997823061521
1.534668011278614,-299.9986048753961
1.5409511965857936,-299.99954088676014
1.547234381892973,-299.99978601959367
1.5535175672001527,-299.9996343710956
1.5598007525073323,-299.99815313873904
1.566083937814512,-299.99953151114033
1.5723671231216916,-299.9991737776428
1.5786503084288712,-299.99778166984095
1.5849334937360509,-299.99776540254754
1.5912166790432305,-299.9966718649084
1.59749986435041,-299.99981571245536
1.6037830496575896,-299.99613466496453
1.6100662349647687,-299.99962588646383
1.6163494202719484,-299.98423634476137
1.622632605579128,-299.99192763397
1.6289157908863077,-299.9939745351396
1.6351989761934873,-299.99858389234646
1.6414821615006667,-299.9974570732966
1.6477653468078464,-299.99706054438053
1.654048532115026,-299.99600085165366
1.6603317174222056,-299.99751946882145
1.666614902729385,-299.9998201133827
1.6728980880365647,-299.99971743047024
1.6791812733437443,-299.9987995864279
1.685464458650924,-299.99932042904896
1.6917476439581036,-299.99853376198877
1.698030829265283,-299.9991956633351
1.7043140145724627,-299.99919936082284
1.7105971998796423,-299.99922557478453
1.716880385186822,-299.9982631052894
1.7231635704940016,-299.99990998497714
1.729446755801181,-299.9985333942509
1.7357299411083607,-299.99953740665296
1.7420131264155403,-299.9950537585297
1.74829631172272,-299.99900247034094
1.7545794970298993,-299.99909001768896
1.760862682337079,-299.9993164549906
1.7671458676442586,-299.9992733666676
1.7734290529514383,-299.9999765789398
1.779712238258618,-299.9998621277404
1.7859954235657973,-299.999782110293
1.792278608872977,-299.9996748141834
1.7985617941801566,-299.99818523483293
1.8048449794873362,-299.9989896935686
1.8111281647945157,-299.9990005362328
1.8174113501016953,-299.99983178616037
1.823694535408875,-299.99890401558196
1.8299777207160546,-299.9993235342647
1.8362609060232342,-299.99933076090986
1.8425440913304136,-299.99978703621775
1.8488272766375933,-299.9988780759119
1.855110461944773,-299.9999316531498
1.8613936472519526,-299.9995088007858
1.8676768325591322,-299.99859588593466
1.8739600178663116,-299.99971088281046
1.8802432031734913,-299.99992038983413
1.886526388480671,-299.99820529628397
1.8928095737878505,-299.99724721490105
1.89909275909503,-299.9999713019563
1.9053759444022096,-299.9998192694622
1.9116591297093892,-299.9994205510125
1.9179423150165689,-299.9999766541816
1.9242255003237485,-299.99917827701915
1.930508685630928,-299.99997753389425
1.9367918709381076,-299.9999111917408
1.9430750562452872,-299.99500205028005
1.9493582415524668,-299.9996066256106
1.9556414268596465,-299.99986054311324
1.961924612166826,-299.9998493076651
1.9682077974740055,-299.99905072177734
1.9744909827811852,-299.9995214797226
1.9807741680883648,-299.99643634456197
1.9870573533955442,-299.9984803895813
1.9933405387027239,-299.9986544463503
1.9996237240099035,-299.9995786678627
2.005906909317083,-299.99780021938807
2.0121900946242626,-299.99949322417604
2.0184732799314418,-299.99076890949544
2.0247564652386214,-299.99772643039046
2.031039650545801,-299.9910713346169
2.0373228358529807,-299.99790461071524
2.0436060211601603,-299.9993777063419
2.04988920646734,-299.99978594517546
2.0561723917745196,-299.99954145081693
2.0624555770816992,-299.9943883003527
2.068738762388879,-299.99890848882325
2.075021947696058,-299.9993681974049
2.0813051330032377,-299.9998546013114
2.0875883183104174,-299.9990521877888
2.093871503617597,-299.99884501223795
2.1001546889247766,-299.9996884859292
2.1064378742319563,-299.99992161698503
2.112721059539136,-299.9990419812631
2.1190042448463156,-299.99830256655014
2.125287430153495,-299.9978892296563
2.1315706154606744,-299.9981656824217
2.137853800767854,-299.99874723536647
2.1441369860750337,-299.9976074559561
2.1504201713822133,-299.9998154028422
2.156703356689393,-299.99965409767435
2.1629865419965726,-299.9993068938175
2.1692697273037522,-299.99839393546534
2.175552912610932,-299.9995391637872
2.1818360979181115,-299.9983624052394
2.188119283225291,-299.9997464197847
2.1944024685324703,-299.9982328612234
2.20068565383965,-299.99862246287483
2.2069688391468296,-299.9999129767837
2.2132520244540093,-299.99783037031597
2.219535209761189,-299.9985405384114
2.2258183950683685,-299.9974922049994
2.232101580375548,-299.99772978343566
2.238384765682728,-299.9989448550493
2.2446679509899075,-299.9984251429426
2.2509511362970867,-299.9991661814525
2.2572343216042663,-299.99962567987825
2.263517506911446,-299.9941998369586
2.2698006922186256,-299.9996889135745
2.276083877525805,-299.9995518337365
2.282367062832985,-299.9997050738986
2.2886502481401645,-299.9993396233787
2.294933433447344,-299.9991906204713
2.3012166187545238,-299.99973685240985
2.307499804061703,-299.999339012657
2.3137829893688826,-299.9972561056377
2.3200661746760622,-299.9980044291002
2.326349359983242,-299.99522188633216
2.3326325452904215,-299.9998170938104
2.338915730597601,-299.9992211729785
2.345198915904781,-299.99767203747285
2.3514821012119604,-299.99842496493443
2.35776528651914,-299.995614894944
2.3640484718263197,-299.99651694440047
2.370331657133499,-299.99869557331584
2.3766148424406786,-299.9989712947703
2.382898027747858,-299.99983203590057
2.389181213055038,-299.99605331336573
2.3954643983622175,-299.9988947165607
2.401747583669397,-299.99406871623063
2.4080307689765768,-299.99699124566376
2.414313954283756,-299.98658194549256
2.4205971395909356,-299.99928878843923
2.4268803248981152,-299.9979642138274
2.433163510205295,-299.98868881981855
2.439446695512474,-299.9983313312529
2.4457298808196537,-299.9998606181482
2.4520130661268333,-299.9980968600605
2.458296251434013,-299.9990358327376
2.4645794367411926,-299.99402886572824
2.4708626220483723,-299.9986664838583
2.477145807355552,-299.9995397220165
2.4834289926627315,-299.9999878505543
2.489712177969911,-299.9989889651146
2.4959953632770904,-299.99772130528146
2.50227854858427,-299.99996539738413
2.5085617338914497,-299.99886503580376
2.5148449191986293,-299.99690681372425
2.521128104505809,-299.9999791759456
2.5274112898129886,-299.99838518178024
2.533694475120168,-299.99708784202505
2.539977660427348,-299.99810945107265
2.5462608457345275,-299.99976196283194
2.552544031041707,-299.99929867853865
2.5588272163488863,-299.99933307283146
2.565110401656066,-299.9996825379679
2.5713935869632456,-299.9984859929414
2.5776767722704252,-299.9994966433039
2.583959957577605,-299.9999248927812
2.5902431428847845,-299.9998650168151
2.596526328191964,-299.9997222379642
2.602809513499144,-299.99865854913315
2.6090926988063234,-299.99978793070886
2.6153758841135026,-299.99637135024153
2.6216590694206823,-299.9897083947142
2.627942254727862,-299.99870828618066
2.6342254400350416,-299.99585953788085
2.640508625342221,-299.99895548796985
2.646791810649401,-299.99851641320794
2.6530749959565805,-299.9991472611658
2.65935818126376,-299.9991498794047
2.6656413665709398,-299.9996736086373
2.671924551878119,-299.99654520860935
2.6782077371852986,-299.999460200004
2.6844909224924782,-299.9986695313139
2.690774107799658,-299.999772205825
2.6970572931068375,-299.9995744791772
2.703340478414017,-299.9982986615395
2.709623663721197,-299.9969181715257
2.7159068490283764,-299.9975709257803
2.722190034335556,-299.9992550716673
2.7284732196427353,-299.9985898354797
2.734756404949915,-299.9936445866887
2.7410395902570945,-299.9965569740117
2.747322775564274,-299.99935869467583
2.753605960871454,-299.99826914072185
2.7598891461786335,-299.9981584055043
2.766172331485813,-299.99988498097815
2.7724555167929927,-299.99950967879437
2.7787387021001724,-299.9910421235486
2.785021887407352,-299.9962196392963
2.791305072714531,-299.99907539229713
2.797588258021711,-299.9949174951556
2.8038714433288905,-299.9984476563641
2.81015462863607,-299.9991344599028
2.8164378139432493,-299.99916798167925
2.822720999250429,-299.98751889750656
2.8290041845576086,-299.98571507904194
2.8352873698647882,-299.9977050704138
2.841570555171968,-299.9997104133804
2.8478537404791475,-299.99408573456355
2.854136925786327,-299.9940130952785
2.8604201110935064,-299.99753571882655
2.866703296400686,-299.99676555629594
2.8729864817078656,-299.9930616755124
2.8792696670150453,-299.9993405505344
2.885552852322225,-299.99952882334657
2.8918360376294046,-299.99672160773866
2.898119222936584,-299.99837204912717
2.904402408243764,-299.99971648583795
2.9106855935509435,-299.99891063604144
2.9169687788581227,-299.99976324881635
2.9232519641653023,-299.99772470018064
2.929535149472482,-299.99759697725517
2.9358183347796616,-299.99652451743617
2.9421015200868412,-299.99529952875946
2.948384705394021,-299.9982930382762
2.9546678907012005,-299.99898636158497
2.96095107600838,-299.99816400074803
2.96723426131556,-299.99901824774105
2.9735174466227394,-299.9978188139228
2.9798006319299186,-299.99791708904854
2.9860838172370983,-299.99684277958795
2.992367002544278,-299.99802499954194
2.9986501878514575,-299.9994492871771
3.004933373158637,-299.9997459279478
3.011216558465817,-299.99686079545745
3.0174997437729965,-299.99478108936535
3.023782929080176,-299.9932365380949
3.0300661143873557,-299.99540628782955
3.036349299694535,-299.9967234249983
3.0426324850017146,-299.9985806792432
3.048915670308894,-299.9986994156827
3.055198855616074,-299.99970254088805
3.0614820409232535,-299.99736706397795
3.067765226230433,-299.9848764868183
3.0740484115376128,-299.98995581779093
3.0803315968447924,-299.9921975956606
3.086614782151972,-299.9941764570031
3.0928979674591512,-299.99712107763077
3.099181152766331,-299.99748571528477
3.1054643380735105,-299.99929874763615
3.11174752338069,-299.9985251878287
3.11803070868787,-299.9965819672102
3.1243138939950494,-299.994839628716
3.130597079302229,-299.9999144504142
3.1368802646094087,-299.99661516902313
3.143163449916588,-299.99193162945295
3.1494466352237676,-299.99466206657644
3.155729820530947,-299.997884294983
3.162013005838127,-299.99542381621075
3.168296191145306,-299.9969395760245
3.1745793764524857,-299.99819151084404
3.1808625617596653,-299.98721832843773
3.187145747066845,-299.9986229253665
3.1934289323740246,-299.99662262255265
3.1997121176812042,-299.98555476576763
3.205995302988384,-299.9864087643444
3.2122784882955635,-299.9707394575807
3.218561673602743,-299.9707175132878
3.2248448589099223,-299.99894865514614
3.231128044217102,-299.96143137322167
3.2374112295242816,-299.8659389726774
3.2436944148314613,-299.99092146156795
3.249977600138641,-299.99226973930564
3.2562607854458205,-299.9814050849827
3.262543970753,-299.9832289623822
3.26882715606018,-299.99241253534797
3.2751103413673595,-299.99652149140206
3.2813935266745387,-299.99556212153954
3.2876767119817183,-299.99707327438267
3.293959897288898,-299.9994021813672
3.3002430825960776,-299.99625652982326
3.306526267903257,-299.99319480400385
3.312809453210437,-299.988314577834
3.3190926385176165,-299.99955119435293
3.325375823824796,-299.9958396979734
3.3316590091319758,-299.9950350590574
3.3379421944391554,-299.9950661789964
3.3442253797463346,-299.99966373320956
3.3505085650535142,-299.99835639879586
3.356791750360694,-299.9998391268971
3.3630749356678735,-299.9894009610497
3.369358120975053,-299.999019346735
3.375641306282233,-299.99574381215956
3.3819244915894124,-299.9980193307151
3.388207676896592,-299.99805599271485
3.3944908622037717,-299.9954749032128
3.400774047510951,-299.99385560155014
3.4070572328181306,-299.9957932338416
3.41334041812531,-299.99443005751954
3.41962360343249,-299.996431586208
3.4259067887396695,-299.99473547020443
3.432189974046849,-299.9997807996505
3.4384731593540288,-299.9998476225402
3.4447563446612084,-299.9995281139202
3.451039529968388,-299.99912549432446
3.4573227152755672,-299.99844605850825
3.463605900582747,-299.9990820046904
3.4698890858899265,-299.9969160573449
3.476172271197106,-299.9964497177012
3.482455456504286,-299.9994561850437
3.4887386418114654,-299.99879421066527
3.495021827118645,-299.99500120549754
3.5013050124258247,-299.99582196770587
3.5075881977330043,-299.99883751181443
3.5138713830401835,-299.99894771678055
3.520154568347363,-299.98963223719903
3.526437753654543,-299.9904502547908
3.5327209389617225,-299.9979154851018
3.539004124268902,-299.99409140294983
3.5452873095760817,-299.9947692187256
3.5515704948832614,-299.9884937231608
3.557853680190441,-299.99215456112415
3.5641368654976207,-299.99857885652733
3.5704200508048003,-299.99901422958953
3.5767032361119795,-299.9974792506562
3.582986421419159,-299.9992427739842
3.5892696067263388,-299.9995689468922
3.5955527920335184,-299.99627605748253
3.601835977340698,-299.9992501221717
3.6081191626478777,-299.99558510205753
3.6144023479550573,-299.98743082566085
3.620685533262237,-299.9989308638305
3.6269687185694166,-299.9966381968084
3.633251903876596,-299.9915546141579
3.6395350891837754,-299.9972568147427
3.645818274490955,-299.98703719279064
3.6521014597981347,-299.99627400003413
3.6583846451053144,-299.99844017905605
3.664667830412494,-299.9884857401421
3.6709510157196736,-299.9893481505086
3.6772342010268533,-299.99847586286234
3.683517386334033,-299.99745839506585
3.689800571641212,-299.9998829490823
3.6960837569483918,-299.99782989888905
3.7023669422555714,-299.9986719450281
3.708650127562751,-299.99768571847494
3.7149333128699307,-299.9993305156567
3.7212164981771103,-299.996517096684
3.72749968348429,-299.9986870453653
3.7337828687914696,-299.9948724639478
3.7400660540986492,-299.9973428376728
3.746349239405829,-299.988765476228
3.752632424713008,-299.9973685121746
3.7589156100201877,-299.99696388043026
3.7651987953273673,-299.99566677210936
3.771481980634547,-299.99523469454266
3.7777651659417266,-299.99996193586253
3.7840483512489063,-299.9917997520961
3.790331536556086,-299.9976440068533
3.7966147218632655,-299.9915934373983
3.802897907170445,-299.99975111280725
3.8091810924776244,-299.99325891045874
3.815464277784804,-299.9893609830676
3.821747463091983,-299.998106182618
3.828030648399163,-299.99965171687234
3.834313833706342,-299.98276385024724
3.8405970190135217,-299.99632480414783
3.8468802043207013,-299.99901895787644
3.853163389627881,-299.99545262034377
3.8594465749350606,-299.9939210229547
3.8657297602422402,-299.9914377468913
3.87201294554942,-299.99809054716695
3.8782961308565995,-299.99690145585714
3.884579316163779,-299.99811402414093
3.8908625014709584,-299.99753457989095
3.897145686778138,-299.98589679987765
3.9034288720853176,-299.99841877313133
3.9097120573924973,-299.9960459388326
3.915995242699677,-299.9903386723367
3.9222784280068566,-299.99604357421964
3.928561613314036,-299.9956450273393
3.934844798621216,-299.9929825711075
3.9411279839283955,-299.99603012012113
3.947411169235575,-299.99630090025124
3.9536943545427543,-299.99810025400825
3.959977539849934,-299.99916514984346
3.9662607251571136,-299.9971504374871
3.9725439104642932,-299.99247411913404
3.978827095771473,-299.99214403819866
3.9851102810786525,-299.98514240223125
3.991393466385832,-299.99959608815516
3.997676651693012,-299.99928290134926
4.003959837000191,-299.9995111732174
4.010243022307371,-299.98350550129726
4.01652620761455,-299.9921617569089
4.02280939292173,-299.97879767703876
4.0290925782289095,-299.9751735697095
4.03537576353609,-299.9819836437696
4.041658948843269,-299.983597521664
4.047942134150448,-299.99279891259465
4.054225319457628,-299.9800218600084
4.060508504764807,-299.97990093112884
4.066791690071987,-299.99611394445736
4.073074875379167,-299.99675261800127
4.079358060686347,-299.9895212214228
4.085641245993526,-299.9982394189177
4.091924431300706,-299.99051252872823
4.098207616607885,-299.9948741555461
4.104490801915064,-299.99980459630257
4.110773987222244,-299.99926922547706
4.117057172529424,-299.99454686021454
4.123340357836604,-299.9972854555908
4.129623543143783,-299.994217875429
4.135906728450963,-299.9894062130776
4.142189913758142,-299.9843556617799
4.148473099065322,-299.9979272030488
4.154756284372501,-299.99460787656426
4.161039469679681,-299.9933725740959
4.167322654986861,-299.9960541101399
4.17360584029404,-299.9955351098514
4.17988902560122,-299.99890336088987
4.186172210908399,-299.9987101664179
4.192455396215579,-299.99654039916953
4.1987385815227585,-299.99626552205905
4.205021766829939,-299.99189920356696
4.211304952137118,-299.9952131376641
4.217588137444297,-299.9913579857915
4.223871322751477,-299.9874476763878
4.230154508058656,-299.9694679335899
4.236437693365836,-299.9973647549326
4.2427208786730155,-299.9912288205484
4.249004063980196,-299.99815293032515
4.255287249287375,-299.9701774805591
4.261570434594555,-299.98866859448617
4.267853619901734,-299.9993604841246
4.274136805208913,-299.99431056871447
4.280419990516093,-299.9994740681127
4.2867031758232725,-299.99916261211195
4.292986361130453,-299.9938168848561
4.299269546437632,-299.9971668397137
4.305552731744812,-299.9998003229756
4.311835917051991,-299.992310290555
4.318119102359171,-299.9910653730402
4.32440228766635,-299.9875783857498
4.33068547297353,-299.9999407575165
4.33696865828071,-299.97433399067626
4.343251843587889,-299.9911773887011
4.349535028895069,-299.98610037355706
4.355818214202248,-299.9974825297135
4.362101399509428,-299.98741705351716
4.368384584816607,-299.86527066789984
4.3746677701237875,-299.9947448976403
4.380950955430967,-299.9941275792615
4.387234140738146,-299.9963627586927
4.393517326045326,-299.99927406535664
4.399800511352505,-299.9846022408817
4.406083696659685,-299.9969069296208
4.412366881966864,-299.92036664047896
4.4186500672740445,-299.97903206891567
4.424933252581224,-299.99618034802114
4.431216437888404,-299.99996179336017
4.437499623195583,-299.98778678825437
4.443782808502763,-299.9952157951294
4.450065993809942,-299.9829858686525
4.4563491791171215,-299.9992146642226
4.462632364424302,-299.9946626455004
4.468915549731481,-299.9788741505435
4.475198735038661,-299.9898710272742
4.48148192034584,-299.9973680905928
4.48776510565302,-299.98390115883115
4.494048290960199,-299.9992153519102
4.500331476267379,-299.99905932911025
4.506614661574559,-299.9957543748005
4.512897846881738,-299.9906834867841
4.519181032188918,-299.99123458933593
4.525464217496097,-299.99426708960004
4.531747402803277,-299.99940777522016
4.538030588110456,-299.99103204785195
4.544313773417636,-299.9973289931721
4.550596958724816,-299.9997790480453
4.556880144031996,-299.99055804103386
4.563163329339175,-299.99913978998774
4.569446514646354,-299.9973989324315
4.575729699953534,-299.9967241720663
4.582012885260713,-299.98908784698426
4.5882960705678935,-299.9993468732544
4.594579255875073,-299.9966514732551
4.600862441182253,-299.9885108813278
4.607145626489432,-299.99201559764356
4.613428811796612,-299.98916446747785
4.619711997103791,-299.97441602497497
4.62599518241097,-299.9851712846118
4.63227836771815,-299.9739775989153
4.63856155302533,-299.99793567532384
4.644844738332509,-299.98987388319006
4.651127923639688,-299.99125906802794
4.657411108946868,-299.99889292671537
4.663694294254047,-299.99777451172037
4.669977479561227,-299.9962247607606
4.676260664868407,-299.98819336291314
4.682543850175587,-299.99096951964225
4.688827035482766,-299.9895012500583
4.695110220789946,-299.99787742400474
4.701393406097125,-299.98737766903906
4.707676591404304,-299.9962089739922
4.7139597767114845,-299.9970289715716
4.720242962018664,-299.99118842057925
4.726526147325844,-299.98656325839204
4.732809332633023,-299.99734840158237
4.739092517940203,-299.9870839291723
4.745375703247382,-299.99013697469786
4.751658888554562,-299.99281425861295
4.7579420738617415,-299.98134561559004
4.764225259168921,-299.9959100160528
4.770508444476101,-299.9999285354498
4.77679162978328,-299.990915080068
4.78307481509046,-299.98154071357544
4.789358000397639,-299.9891480908344
4.795641185704819,-299.9934584842614
4.8019243710119985,-299.9959224509868
4.808207556319179,-299.9980974294489
4.814490741626358,-299.8932471324117
4.820773926933538,-299.9352327683249
4.827057112240717,-299.9026308252886
4.833340297547896,-299.9722215907456
4.839623482855076,-299.97639521461787
4.845906668162256,-299.98124923062926
4.852189853469436,-299.995363218176
4.858473038776615,-299.9783551472945
4.864756224083795,-299.99447411976723
4.871039409390974,-299.9895620231572
4.877322594698154,-299.95115317080956
4.883605780005333,-299.9663291231893
4.889888965312513,-299.9823419227807
4.896172150619693,-299.98251829600395
4.902455335926872,-299.9888095107111
4.908738521234052,-299.97464911638383
4.915021706541231,-299.9938942221497
4.921304891848411,-299.98083561166607
4.92758807715559,-299.99204248911315
4.9338712624627705,-299.9947095867095
4.94015444776995,-299.97545708736874
4.946437633077129,-299.9902902864429
4.952720818384309,-299.9943574574332
4.959004003691488,-299.9906642668519
4.965287188998668,-299.9928612907281
4.9715703743058475,-299.998321609955
4.977853559613028,-299.9950490251387
4.984136744920207,-299.99016659672327
4.990419930227387,-299.9837721781561
4.996703115534566,-299.9854274235057
5.002986300841745,-299.9966131987763
5.009269486148925,-299.99993905807094
5.0155526714561045,-299.99901435091067
5.021835856763285,-299.9980673687299
5.028119042070464,-299.99227936488523
5.034402227377644,-299.99039728020443
5.040685412684823,-299.9864623353187
5.046968597992003,-299.9778912951302
5.053251783299182,-299.9979345536151
5.0595349686063615,-299.9922115146518
5.065818153913542,-299.98974619766915
5.072101339220721,-299.9957057900534
5.078384524527901,-299.98714449952365
5.08466770983508,-299.98468201277984
5.09095089514226,-299.98967189700255
5.097234080449439,-299.99652926370294
5.1035172657566195,-299.9972207686227
5.109800451063799,-299.9935884368711
5.116083636370978,-299.9895375409377
5.122366821678158,-299.99956207823067
5.128650006985337,-299.97520846091845
5.134933192292517,-299.99705256356094
5.141216377599696,-299.9945105772177
5.1474995629068765,-299.91846651612235
5.153782748214056,-299.9934103907278
5.160065933521236,-299.9981623729382
5.166349118828415,-299.9946490755218
5.172632304135594,-299.9998028552605
5.178915489442774,-299.9875679477895
5.185198674749953,-299.97362579559217
5.1914818600571335,-299.9809832653095
5.197765045364313,-299.96925804803936
5.204048230671493,-299.95964782099526
5.210331415978672,-299.99327680003785
5.216614601285852,-299.962591699295
5.222897786593031,-299.9958962307067
5.229180971900211,-299.9377533499507
5.235464157207391,-299.9835670524537
5.24174734251457,-299.9590404787614
5.24803052782175,-299.99718586303015
5.254313713128929,-299.9997629151937
5.260596898436109,-299.99231681769254
5.266880083743288,-299.96204099597713
5.273163269050468,-299.98550947171316
5.279446454357648,-299.9800903237826
5.285729639664828,-299.9523311040455
5.292012824972007,-299.9915499419948
5.298296010279186,-299.9963665526302
5.304579195586366,-299.99497374602873
5.310862380893545,-299.9811884335893
5.317145566200725,-299.9957368922508
5.323428751507905,-299.9915990871073
5.329711936815085,-299.99597291073366
5.335995122122264,-299.9914454853445
5.342278307429444,-299.9898032258052
5.348561492736623,-299.99807265593506
5.354844678043802,-299.98518601961956
5.3611278633509825,-299.96428961304014
5.367411048658162,-299.99068873876104
5.373694233965342,-299.99920873623574
5.379977419272521,-299.99615057110867
5.386260604579701,-299.9912166219577
5.39254378988688,-299.97756563595317
5.39882697519406,-299.9995642162656
5.4051101605012395,-299.995797055409
5.411393345808419,-299.9857359061908
5.417676531115599,-299.997918353833
5.423959716422778,-299.9982273511046
5.430242901729957,-299.9851808148104
5.436526087037136,-299.97889162369336
5.442809272344316,-299.99134321608085
5.449092457651496,-299.99830820575266
5.455375642958676,-299.99997987955214
5.461658828265855,-299.9997746999471
5.467942013573035,-299.96072606582055
5.474225198880214,-299.96568809629105
5.480508384187394,-299.99562329202877
5.4867915694945735,-299.98554258500974
5.493074754801753,-299.9993788952272
5.499357940108933,-299.994572719586
5.505641125416112,-299.9972121606709
5.511924310723292,-299.9811378989498
5.518207496030471,-299.97357839400433
5.524490681337651,-299.9997722346236
5.5307738666448305,-299.9875932494529
5.537057051952011,-299.98228311892797
5.54334023725919,-299.96920190548747
5.549623422566369,-299.964287512723
5.555906607873549,-299.99414827392786
5.562189793180728,-299.9979719305767
5.568472978487908,-299.98393332264817
5.5747561637950875,-299.985480161136
5.581039349102268,-299.97597445622614
5.587322534409447,-299.97452886759567
5.593605719716627,-299.9839092743199
5.599888905023806,-299.99462194902515
5.606172090330986,-299.99279248732796
5.612455275638165,-299.98179391071886
5.618738460945345,-299.98985916255793
5.625021646252525,-299.9573329683372
5.631304831559704,-299.9582938352962
5.637588016866884,-299.969074898954
5.643871202174063,-299.9817608339838
5.650154387481243,-299.878056372161
5.656437572788422,-299.9996883689419
5.6627207580956025,-299.9993518603994
5.669003943402782,-299.98942339210413
5.675287128709961,-299.99963964524676
5.681570314017141,-299.89957898037017
5.68785349932432,-299.99926368849947
5.6941366846315,-299.99496556976794
5.700419869938679,-299.97315851438225
5.7067030552458595,-299.9834837486754
5.712986240553039,-299.97731612297537
5.719269425860219,-299.9975326303589
5.725552611167398,-299.99477030367194
5.731835796474577,-299.9869502403214
5.738118981781757,-299.98520096550044
5.7444021670889365,-299.99943256456197
5.750685352396117,-299.98279811106204
5.756968537703296,-299.96485996189165
5.763251723010476,-299.9972384237044
5.769534908317655,-299.9937317591045
5.775818093624835,-299.9614625562446
5.782101278932014,-299.9891436285064
5.7883844642391935,-299.99725021731695
5.794667649546374,-299.9945515745217
5.800950834853553,-299.99339110887837
5.807234020160733,-299.96604567821265
5.813517205467912,-299.9893094532085
5.819800390775092,-299.98508068102063
5.826083576082271,-299.9577562533876
5.832366761389451,-299.9907606213561
5.838649946696631,-299.992365439735
5.84493313200381,-299.98501865968655
5.85121631731099,-299.98795623052786
5.857499502618169,-299.9841236379036
5.863782687925349,-299.99065250403294
5.870065873232528,-299.95503786133065
5.8763490585397085,-299.9979649651354
5.882632243846888,-299.9870245205225
5.888915429154068,-299.9902764548732
5.895198614461247,-299.99420110572186
5.901481799768426,-299.96628743084227
5.907764985075606,-299.9964766349149
5.914048170382785,-299.98897375679144
5.9203313556899655,-299.9852471314964
5.926614540997145,-299.9601304261716
5.932897726304325,-299.9874672806037
5.939180911611504,-299.9816179548987
5.945464096918684,-299.97232854754685
5.951747282225863,-299.98720304177374
5.958030467533042,-299.9678320699657
5.9643136528402225,-299.99069807001445
5.970596838147402,-299.9306990892564
5.976880023454582,-299.99267096671423
5.983163208761761,-299.9951860898911
5.989446394068941,-299.9871502248531
5.99572957937612,-299.97642627620445
6.0020127646833,-299.99309497794815
6.00829594999048,-299.9412295777067
6.01457913529766,-299.982547678879
6.020862320604839,-299.9726059249254
6.027145505912018,-299.9928306089141
6.033428691219198,-299.9989783592718
6.039711876526377,-299.97267783791136
6.045995061833557,-299.64489182604495
6.052278247140737,-299.97366101349616
6.058561432447917,-299.88480397134356
6.064844617755096,-299.9388066148883
6.071127803062276,-299.98042618956356
6.077410988369455,-299.9717190350866
6.083694173676634,-299.9552250519702
6.089977358983814,-299.98735203294194
6.096260544290994,-299.99260483579087
6.102543729598174,-299.9212177047126
6.108826914905353,-299.9914406167773
6.115110100212533,-299.97437920590187
6.121393285519712,-299.9906607760979
6.127676470826892,-299.98770204688293
6.1339596561340715,-299.94910781897624
6.140242841441251,-299.98885301042594
6.146526026748431,-299.95798352805275
6.15280921205561,-299.98414073170903
6.15909239736279,-299.99783776049924
6.165375582669969,-299.98915097457916
6.171658767977149,-299.98444446401504
6.1779419532843285,-299.9936901618985
6.184225138591509,-299.9970186350566
6.190508323898688,-299.91930826340183
6.196791509205867,-299.93664985311847
6.203074694513047,-299.965971236264
6.209357879820226,-299.99229005584215
6.215641065127406,-299.9501385723358
6.2219242504345855,-299.9540826464079
6.228207435741766,-299.9875631531463
6.234490621048944,-299.98431640188505
6.240773806356124,-299.95941838640016
6.247056991663303,-299.9347743650018
6.253340176970483,-299.99007204966097
6.2596233622776625,-299.9542252871474
6.265906547584843,-299.9157971491635
6.272189732892022,-299.9637170712269
6.278472918199201,-299.9707969122908
6.284756103506382,-299.99382302811625
6.29103928881356,-299.9992804535451
6.297322474120741,-299.91573358256966
6.3036056594279195,-299.95692677405435
6.3098888447351,-299.99822167311584
6.316172030042279,-299.9314265730063
6.322455215349459,-299.99439135247235
6.328738400656638,-299.9639078528961
6.335021585963818,-299.99817884569813
6.341304771270997,-299.9769037978873
6.347587956578177,-299.9739806918494
6.353871141885357,-299.9590454845493
6.360154327192537,-299.8786441716188
6.366437512499716,-299.99794296277076
6.372720697806896,-299.9263987247757
6.379003883114075,-299.96450359574465
6.385287068421255,-299.95367263204736
6.3915702537284345,-299.8735368330526
6.3978534390356145,-299.8939188056243
6.404136624342793,-299.94921280736503
6.410419809649974,-299.87166330662876
6.416702994957152,-299.9563770329089
6.422986180264333,-299.7609393059428
6.429269365571511,-299.7190491789821
6.4355525508786915,-299.60138427696756
6.441835736185871,-299.85427084750864
6.448118921493051,-298.94151743237677
6.45440210680023,-298.99729835304646
6.46068529210741,-299.9621919323658
6.466968477414589,-299.9414172599347
6.473251662721769,-299.7233075641823
6.4795348480289485,-299.89906951264925
6.485818033336129,-299.5554652902915
6.492101218643308,-299.9953390489637
6.498384403950488,-299.95709892575576
6.504667589257667,-299.9956714327457
6.510950774564847,-299.95659318532387
6.5172339598720255,-299.81183898464576
6.5235171451792064,-299.98442383807526
6.529800330486385,-299.9846643829629
6.536083515793566,-299.943395883841
6.542366701100744,-299.9746933648695
6.548649886407924,-299.94550937888596
6.554933071715103,-299.93439610238784
6.561216257022283,-299.93824458192046
6.567499442329463,-299.99278592561194
6.573782627636643,-299.9992705128643
6.580065812943822,-299.97271511413993
6.586348998251002,-299.73926210042
6.592632183558181,-299.99870458291025
6.598915368865361,-299.84357733898526
6.60519855417254,-299.94142394002546
6.6114817394797205,-299.9284363767762
6.6177649247869,-299.9235189748569
6.62404811009408,-299.9308544124754
6.630331295401258,-299.98951860270313
6.636614480708437,-299.8130331922698
6.642897666015617,-299.98353981484166
6.649180851322797,-299.92124422285036
6.655464036629977,-299.938718054546
6.661747221937156,-299.954109162206
6.668030407244336,-299.9990361343935
6.674313592551515,-299.9776514402384
6.680596777858695,-299.8972826457792
6.686879963165874,-299.9827699527028
6.6931631484730545,-299.93495094384593
6.699446333780234,-299.98403486954874
6.705729519087414,-299.89476704528244
6.712012704394592,-299.94203586135427
6.718295889701773,-299.9339700475139
6.724579075008951,-299.9394497302363
6.730862260316132,-299.9791835918861
6.737145445623311,-299.96625115913037
6.743428630930491,-299.9098260992185
6.74971181623767,-299.970635870495
6.75599500154485,-299.98208141990835
6.762278186852029,-299.95653714442733
6.768561372159209,-299.99525611397337
6.7748445574663885,-299.9151101549092
6.781127742773569,-299.95697769409554
6.787410928080748,-299.9859068633852
6.793694113387928,-299.92719499490295
6.799977298695107,-299.7508549304053
6.806260484002287,-299.97411781982123
6.812543669309466,-299.9645675108618
6.818826854616646,-299.98854672307607
6.825110039923826,-299.9043676340427
6.831393225231006,-299.9145956815595
6.837676410538184,-299.83228224663725
6.843959595845365,-299.8356295485487
6.850242781152543,-299.83343458530396
6.856525966459724,-299.9972366921141
6.8628091517669025,-299.9290770202817
6.869092337074083,-299.98997546148485
6.875375522381262,-299.99198869470337
6.881658707688442,-299.9809319013605
6.887941892995621,-299.9177225424363
6.894225078302801,-299.96168893570024
6.90050826360998,-299.9168662282519
6.9067914489171605,-299.9979873286905
6.91307463422434,-299.95201120509125
6.91935781953152,-299.96063675058406
6.925641004838699,-299.91780422031786
6.931924190145879,-299.98676177903644
6.938207375453058,-299.9428999934309
6.944490560760238,-299.87859380203076
6.950773746067417,-299.81698775896024
6.957056931374598,-299.99198135360655
6.963340116681776,-299.94350080165793
6.969623301988957,-299.99945194679844
6.975906487296135,-299.95588706409603
6.982189672603315,-299.9997705088388
6.988472857910494,-299.98348483269376
6.9947560432176745,-299.90059288230833
7.001039228524854,-299.8992637134552
7.007322413832034,-299.8775156594244
7.013605599139213,-299.96655695924886
7.019888784446393,-299.98290218498886
7.026171969753572,-299.9961332061171
7.032455155060752,-299.863930110467
7.038738340367932,-299.9912656354301
7.045021525675112,-299.90465836489227
7.051304710982291,-299.8379508076909
7.057587896289471,-299.87565211563395
7.063871081596649,-299.82598725185153
7.07015426690383,-299.9437370737577
7.0764374522110085,-299.9658981462435
7.0827206375181895,-299.87047640639014
7.089003822825368,-299.9328166631052
7.095287008132548,-299.9057801091238
7.101570193439727,-299.7892497226655
7.107853378746907,-299.96762162217175
7.114136564054086,-299.95865762762884
7.120419749361266,-299.9988335335289
7.126702934668446,-299.9901317523826
7.132986119975626,-299.8835036623557
7.139269305282805,-299.96812267097386
7.145552490589985,-299.96436448813677
7.151835675897164,-299.98891699877515
7.158118861204344,-299.84368502119895
7.1644020465115235,-299.961847584734
7.1706852318187035,-299.8929648255175
7.176968417125883,-299.9599934129879
7.183251602433063,-299.9468461883247
7.189534787740241,-299.9633034865086
7.195817973047422,-299.99248903373365
7.2021011583546,-299.87256803515425
7.208384343661781,-299.98918049169833
7.21466752896896,-299.93491516649055
7.22095071427614,-299.9040828902879
7.227233899583319,-299.919129663122
7.233517084890499,-299.97778522310875
7.239800270197678,-299.9131299955724
7.246083455504858,-299.9777778416891
7.2523666408120375,-299.9798822968631
7.258649826119218,-299.3890188926278
7.264933011426397,-299.82151830730714
7.271216196733577,-299.88384085234713
7.277499382040756,-299.9749890919914
7.283782567347936,-299.90742160939294
7.290065752655115,-299.92982214287264
7.2963489379622954,-299.8921223438462
7.302632123269474,-299.9829226697799
7.308915308576655,-299.6572940284182
7.315198493883833,-299.7217306547252
7.321481679191014,-299.98070900851917
7.327764864498192,-299.9755761490171
7.334048049805372,-299.9514352557163
7.340331235112552,-299.9516055816199
7.346614420419732,-299.7699526281749
7.352897605726911,-299.96543022799125
7.359180791034091,-299.9198298173743
7.36546397634127,-299.9583243041669
7.37174716164845,-299.9811597092746
7.378030346955629,-299.9329513866966
7.3843135322628095,-299.86181918181967
7.390596717569989,-299.96132293785223
7.396879902877169,-299.8828902007272
7.403163088184348,-299.96571837219636
7.409446273491528,-299.89611520439394
7.415729458798706,-299.82128016642315
7.422012644105887,-299.7158020165153
7.428295829413066,-299.9525296204027
7.434579014720247,-299.9079293174215
7.440862200027425,-299.9010483894315
7.447145385334604,-299.9715857173559
7.453428570641784,-299.99820443916644
7.459711755948963,-299.8673178372864
7.4659949412561435,-299.9211015041001
7.472278126563323,-299.973181867103
7.478561311870503,-299.92756822874037
7.484844497177682,-299.86654996173
7.491127682484862,-299.9556535684402
7.49741086779204,-299.9932866045851
7.503694053099221,-299.9886267528307
7.5099772384064,-299.96372347523413
7.516260423713581,-299.8916448249365
7.522543609020759,-299.91058728360167
7.528826794327939,-299.9058713861826
7.535109979635118,-299.88058960348343
7.541393164942298,-299.8942996628062
7.5476763502494775,-299.98173441702073
7.553959535556658,-299.9559966450796
7.560242720863837,-299.74173228178086
7.566525906171017,-299.97600753241295
7.572809091478196,-299.86446531521176
7.579092276785376,-299.96494126626175
7.585375462092555,-299.9830731279625
7.591658647399735,-299.9595467474253
7.597941832706915,-299.89881487656277
7.604225018014095,-299.8620374757106
7.610508203321274,-299.9280566810262
7.616791388628454,-299.9512209130705
7.623074573935632,-299.9754666651203
7.629357759242813,-299.66478353438924
7.6356409445499915,-299.919841735806
7.6419241298571725,-299.93856374058635
7.648207315164351,-299.530974772322
7.654490500471531,-299.875921997764
7.66077368577871,-299.9649800001083
7.66705687108589,-299.94384249873644
7.673340056393069,-299.78346923041096
7.6796232417002495,-299.78185619933816
7.685906427007429,-299.2473038661617
7.692189612314609,-299.99939265127756
7.698472797621788,-299.8626213743912
7.704755982928968,-299.9609231496649
7.711039168236147,-299.8111642053426
7.717322353543327,-299.6282152155937
7.7236055388505065,-299.96073643469293
7.729888724157687,-299.6150626330153
7.736171909464865,-299.9847346603321
7.742455094772046,-299.6654885960924
7.748738280079224,-299.69717194837926
7.755021465386405,-299.9178336785163
7.761304650693583,-299.80521378817707
7.7675878360007635,-299.85260549591726
7.773871021307943,-299.93338477629266
7.780154206615123,-299.990083527943
7.786437391922302,-299.83160757605486
7.792720577229482,-299.7550065332067
7.799003762536661,-299.90943707684664
7.805286947843841,-299.9989370035542
7.811570133151021,-299.85582837605256
7.817853318458201,-299.9979612928866
7.82413650376538,-299.939396192185
7.83041968907256,-299.947097797645
7.836702874379739,-299.9884697876656
7.842986059686919,-299.9946035819505
7.8492692449940975,-299.81353977851916
7.8555524303012785,-299.4629926140801
7.861835615608457,-299.9655585779431
7.868118800915638,-299.6021418243165
7.874401986222816,-299.9232023564981
7.880685171529996,-299.83731151435984
7.886968356837175,-299.98708469018953
7.893251542144355,-299.8890604980267
7.899534727451535,-299.8873615206542
7.905817912758715,-299.96862902164355
7.912101098065894,-299.8970281409202
7.918384283373074,-299.74482778057796
7.924667468680253,-299.761228531552
7.930950653987433,-299.9874942335405
7.9372338392946125,-299.9844938766344
7.9435170246017925,-299.8485475143178
7.949800209908972,-299.969039785478
7.956083395216152,-299.71492550718875
7.962366580523331,-299.9231324774053
7.968649765830511,-299.90318560351335
7.974932951137689,-299.8616101439342
7.98121613644487,-299.7241603427448
7.987499321752049,-299.97603642024313
7.99378250705923,-299.13972781478026
8.000065692366409,-299.4000931149659
8.006348877673588,-299.85101080439915
8.012632062980767,-299.85574012089165
8.018915248287948,-299.899552452888
8.025198433595126,-299.8324587824741
8.031481618902307,-299.50217450054373
8.037764804209486,-299.64845458557625
8.044047989516667,-299.80924234345065
8.050331174823844,-299.95868066037946
8.056614360131025,-299.43036470599293
8.062897545438204,-299.8517868750076
8.069180730745384,-299.44904627832693
8.075463916052563,-299.86622688621867
8.081747101359744,-299.9705772053314
8.088030286666923,-299.9349153334647
8.094313471974102,-299.98717693035917
8.100596657281281,-299.8445536438292
8.106879842588462,-299.9082309338565
8.113163027895641,-299.4031278210189
8.11944621320282,-299.7893640359934
8.12572939851,-299.5844336279486
8.13201258381718,-299.3024569678224
8.138295769124358,-299.6993267118497
8.14457895443154,-299.85959567086775
8.150862139738718,-299.9417368191106
8.1571453250459,-299.93816491054486
8.163428510353077,-299.93713016255845
8.169711695660258,-299.23860764149345
8.175994880967437,-299.80357613426355
8.182278066274616,-299.00464432379954
8.188561251581795,-299.4152172972639
8.194844436888976,-299.9186255029502
8.201127622196156,-299.6431580166001
8.207410807503335,-299.6181118147295
8.213693992810514,-299.82009202668416
8.219977178117695,-299.8458257104411
8.226260363424874,-299.88222440356503
8.232543548732053,-299.8206581940581
8.238826734039232,-299.7313190033002
8.245109919346412,-299.13103979310233
8.251393104653593,-299.41424319973
8.25767628996077,-299.7814126482575
8.263959475267951,-299.82837694584583
8.27024266057513,-299.9481973849206
8.27652584588231,-299.9812746612801
8.282809031189489,-299.90765124518913
8.28909221649667,-299.98084193622213
8.295375401803849,-299.80362127459045
8.301658587111028,-299.9466638789143
8.307941772418207,-299.9869463673824
8.314224957725388,-299.84378794575935
8.320508143032567,-299.9771508155329
8.326791328339747,-299.8872293584371
8.333074513646926,-299.9940671597898
8.339357698954107,-299.8780238184872
8.345640884261284,-299.7681705032
8.351924069568465,-299.56853209007113
8.358207254875644,-299.9911926163386
8.364490440182825,-299.87565478673304
8.370773625490003,-299.8816464294874
8.377056810797184,-299.86948978804253
8.383339996104363,-299.8231155531953
8.389623181411542,-299.9799946068531
8.395906366718721,-299.44068865753184
8.402189552025902,-299.8228170809459
8.408472737333081,-299.9688904720132
8.41475592264026,-299.27163688703496
8.42103910794744,-299.2410352997785
8.42732229325462,-299.835154854109
8.4336054785618,-299.91472630777776
8.43988866386898,-299.98448347590676
8.446171849176158,-299.3415613643091
8.45245503448334,-299.4846930221741
8.458738219790517,-299.6119516712554
8.465021405097698,-299.91835024445714
8.471304590404877,-299.9414935084788
8.477587775712058,-298.72291563858823
8.483870961019235,-299.70938654084335
8.490154146326416,-299.4923929926799
8.496437331633595,-299.28512692300797
8.502720516940775,-299.72547077998684
8.509003702247954,-299.95944231076334
8.515286887555135,-299.2393943610727
8.521570072862314,-299.7341161022097
8.527853258169493,-299.68147764104384
8.534136443476672,-299.97001458485266
8.540419628783853,-299.62857140614517
8.546702814091033,-299.4950467084024
8.552985999398212,-299.9475958875083
8.559269184705391,-299.9272053965685
8.565552370012572,-299.91732905594915
8.571835555319751,-299.8669196221926
8.57811874062693,-299.70459122254226
8.58440192593411,-299.9697553944941
8.59068511124129,-299.9949608648428
8.596968296548468,-299.853247641396
8.603251481855649,-298.4698510481596
8.609534667162828,-299.88684744165226
8.615817852470007,-299.7436272254333
8.622101037777187,-299.8126744696457
8.628384223084367,-299.95554704620395
8.634667408391547,-299.7151105090687
8.640950593698726,-299.5969488860525
8.647233779005905,-299.7700100019735
8.653516964313086,-299.51350272008074
8.659800149620265,-299.9597007904341
8.666083334927444,-299.88472614109
8.672366520234624,-299.55266044901174
8.678649705541805,-299.92801102526795
8.684932890848984,-299.8767700029889
8.691216076156163,-299.9596252321881
8.697499261463342,-299.851703873092
8.703782446770523,-299.74332853237183
8.7100656320777,-299.6353109856054
8.716348817384882,-299.91211980622995
8.72263200269206,-299.796054136795
8.72891518799924,-299.61946695161805
8.73519837330642,-299.0612538149465
8.7414815586136,-299.8160050757594
8.74776474392078,-299.930779616653
8.754047929227958,-299.4881312197636
8.760331114535138,-299.6489897874486
8.766614299842319,-299.9442183831845
8.772897485149498,-299.38440636382575
8.779180670456677,-299.7776711128806
8.785463855763856,-299.5519024326142
8.791747041071037,-299.8633411900988
8.798030226378216,-299.916725171248
8.804313411685396,-299.0921691128477
8.810596596992575,-299.2310154044255
8.816879782299756,-299.57856714912543
8.823162967606933,-299.81668738155963
8.829446152914114,-299.6514509484241
8.835729338221293,-299.8251307459109
8.842012523528473,-299.2764371285208
8.848295708835652,-299.83668135023595
8.854578894142833,-299.30294573917087
8.860862079450012,-298.84855184539333
8.867145264757191,-299.3247505511107
8.87342845006437,-299.9752685923713
8.879711635371551,-299.8348897276933
8.88599482067873,-299.49737751267236
8.89227800598591,-299.92683913801244
8.898561191293089,-299.8051957848432
8.90484437660027,-299.80387228376
8.911127561907449,-299.5688488339461
8.917410747214628,-299.89014767261904
8.923693932521807,-299.38482446765937
8.929977117828988,-299.75827288189254
8.936260303136166,-299.8928944824472
8.942543488443347,-299.7332227904812
8.948826673750526,-299.9935966129267
8.955109859057707,-299.4471428940163
8.961393044364884,-299.9212397916263
8.967676229672065,-298.9674560857498
8.973959414979245,-299.6660281121283
8.980242600286424,-299.7329034641334
8.986525785593603,-299.70336945103264
8.992808970900784,-298.38596421647185
8.999092156207963,-299.4572529217405
9.005375341515142,-299.62903234385016
9.011658526822321,-299.4559342572241
9.017941712129502,-299.5669486210769
9.024224897436682,-299.65255917896246
9.03050808274386,-299.40045553421476
9.03679126805104,-299.71659692214286
9.043074453358221,-299.61123268778596
9.049357638665398,-299.52148378599327
9.055640823972578,-298.7100793042438
9.061924009279759,-299.9120330329376
9.068207194586938,-299.66123836693674
9.074490379894117,-299.107669219909
9.080773565201296,-299.2253120827008
9.087056750508477,-299.0891127134223
9.093339935815656,-299.1928331174463
9.099623121122836,-299.92705406063067
9.105906306430015,-299.5227140221457
9.112189491737196,-299.99838636150804
9.118472677044375,-299.72013751359543
9.124755862351554,-299.9900154636271
9.131039047658733,-299.0007327531423
9.137322232965914,-299.9528501724326
9.143605418273092,-299.4153538933438
9.149888603580273,-299.45510398032627
9.156171788887452,-299.7001080765217
9.162454974194631,-299.64391233874574
9.16873815950181,-299.75503570668275
9.175021344808991,-299.2980527364792
9.18130453011617,-299.13225839370494
9.18758771542335,-297.61807875079114
9.193870900730529,-299.6710291197146
9.20015408603771,-299.22178232737673
9.206437271344889,-299.92743168263536
9.212720456652068,-299.37901554066883
9.219003641959247,-298.8072859662986
9.225286827266428,-299.1402054881055
9.231570012573608,-298.9230765613797
9.237853197880787,-299.7369276620988
9.244136383187966,-299.82933200507364
9.250419568495147,-299.5417215147455
9.256702753802324,-297.8094276200428
9.262985939109505,-299.09293758877175
9.269269124416684,-299.13747221011806
9.275552309723864,-299.57158419300157
9.281835495031043,-299.0078214724474
9.288118680338224,-296.8561057415443
9.294401865645403,-299.4312781228691
9.300685050952582,-299.3091365361833
9.306968236259761,-298.9567575328336
9.313251421566942,-299.02105613896134
9.319534606874122,-299.9852346377235
9.3258177921813,-299.44800568509737
9.33210097748848,-299.8659715350625
9.338384162795661,-299.98239229785645
9.34466734810284,-299.36085601322776
9.35095053341002,-296.3417779624141
9.357233718717199,-299.6484794785591
9.36351690402438,-299.4883160646735
9.369800089331557,-299.2795148924413
9.376083274638738,-299.69341491860615
9.382366459945917,-299.2277693320775
9.388649645253098,-299.8991321412398
9.394932830560276,-299.4046704529394
9.401216015867456,-299.6504341612294
9.407499201174636,-299.3769629022348
9.413782386481815,-296.578796618931
9.420065571788994,-299.94893226797274
9.426348757096175,-299.4620613449749
9.432631942403354,-298.82319951932175
9.438915127710533,-299.9811840407519
9.445198313017713,-299.02360141302654
9.451481498324894,-298.00861546836774
9.457764683632073,-297.96733353007625
9.464047868939252,-299.009357719105
9.470331054246431,-299.73342787677007
9.476614239553612,-299.35656963528766
9.48289742486079,-299.95320661543747
9.48918061016797,-298.00802571288693
9.49546379547515,-299.2686587576786
9.50174698078233,-298.13629530040834
9.508030166089508,-298.46557280741524
9.514313351396689,-299.23678427535043
9.520596536703868,-299.9820594630517
9.526879722011047,-298.3881861609705
9.533162907318227,-298.58871024640956
9.539446092625408,-298.6750039160594
9.545729277932587,-298.2626349354205
9.552012463239766,-299.8442960136726
9.558295648546945,-299.62896156609145
9.564578833854126,-299.93019197280324
9.570862019161305,-299.96362740715006
9.577145204468485,-294.22954794612315
9.583428389775664,-299.1897957096033
9.589711575082845,-299.1012998103377
9.595994760390022,-294.99074418912033
9.602277945697203,-296.95184284850285
9.608561131004382,-296.4867748281336
9.614844316311563,-297.7996008585278
9.62112750161874,-299.5188423257097
9.627410686925922,-291.7021318203758
9.633693872233101,-292.7368586433309
9.63997705754028,-296.78469829318976
9.64626024284746,-298.972086510451
9.65254342815464,-297.63134989628134
9.65882661346182,-298.2194997804717
9.665109798768999,-299.2498168855536
9.671392984076178,-299.4438227897294
9.677676169383359,-290.6722598135912
9.683959354690538,-295.7564372904914
9.690242539997717,-295.79228473757416
9.696525725304896,-296.0502234738056
9.702808910612077,-292.4141367353807
9.709092095919255,-298.9744241682865
9.715375281226436,-296.79066031149785
9.721658466533615,-295.28093967453225
9.727941651840796,-298.9007260204462
9.734224837147973,-296.1988631385664
9.740508022455154,-298.50169781050164
9.746791207762334,-298.21612095466276
9.753074393069513,-296.55640817055775
9.759357578376692,-299.4431590159704
9.765640763683873,-296.97226230773504
9.771923948991052,-299.8698891779777
9.778207134298231,-292.60049494873056
9.78449031960541,-297.7430220375242
9.790773504912591,-298.69300741410126
9.79705669021977,-297.1277609643936
9.80333987552695,-298.73818198505296
9.809623060834129,-296.7906016197606
9.81590624614131,-298.29878800102915
9.82218943144849,-297.23792900644503
9.828472616755668,-297.0495546821295
9.834755802062848,-298.0655528923321
9.841038987370029,-297.8055852287786
9.847322172677206,-295.1095292409718
9.853605357984385,-299.5329707151255
9.859888543291566,-299.3228354224302
9.866171728598745,-299.0430797503423
9.872454913905925,-297.6581484065634
9.878738099213104,-299.91715002523154
9.885021284520285,-295.6236621687039
9.891304469827464,-297.7265193161857
9.897587655134643,-294.29891154418226
9.903870840441822,-291.1216427738222
9.910154025749003,-293.95611134862475
9.91643721105618,-293.73863688691665
9.922720396363362,-299.73571997115596
9.92900358167054,-292.78332812289426
9.935286766977722,-295.89648396333257
9.9415699522849,-299.82719113497944
9.94785313759208,-297.9847359239869
9.95413632289926,-295.3455868845273
9.960419508206439,-295.4280785872943
9.966702693513618,-297.272106970026
9.972985878820799,-295.1885901120892
9.979269064127978,-294.27873301737077
9.985552249435157,-299.1502459365581
9.991835434742336,-298.503303587411
9.998118620049517,-299.6319663527825
10.004401805356697,-299.51365567985863
10.010684990663876,-299.295914539403
10.016968175971055,-293.09965222082093
10.023251361278236,-298.1778977824122
10.029534546585413,-293.6051944699414
10.035817731892594,-293.50239946115425
10.042100917199773,-292.8012134850642
10.048384102506954,-294.4313391694323
10.054667287814132,-297.52247697819763
10.060950473121313,-294.21905480273756
10.067233658428492,-293.82529448172926
10.073516843735671,-297.90835254077115
10.07980002904285,-297.32381777576234
10.086083214350031,-299.5780634793205
10.09236639965721,-294.99109415327985
10.09864958496439,-294.877904466788
10.104932770271569,-290.9687248873681
10.11121595557875,-292.10457701663574
10.11749914088593,-298.15150585316053
10.123782326193108,-299.4363525982444
10.130065511500288,-295.75315519406746
10.136348696807469,-294.37740126999853
10.142631882114648,-296.87596288479034
10.148915067421827,-295.3490054782467
10.155198252729006,-294.67077191856424
10.161481438036187,-299.6127451123229
10.167764623343365,-299.6713010353147
10.174047808650545,-295.31289158147706
10.180330993957725,-295.4001980866052
10.186614179264904,-296.3312200754698
10.192897364572083,-295.375175279652
10.199180549879264,-299.2431532816014
10.205463735186443,-297.9174917579834
10.211746920493622,-295.2036032656428
10.218030105800802,-298.2673318275396
10.224313291107983,-293.87913727752897
10.230596476415162,-297.3271054954261
10.236879661722341,-294.24024829027627
10.24316284702952,-296.430329785647
10.249446032336701,-299.0764175545586
10.25572921764388,-291.0340479541349
10.26201240295106,-294.7149687557233
10.268295588258239,-295.8620324944887
10.27457877356542,-296.51274360391074
10.280861958872597,-294.51224262198286
10.287145144179778,-288.6978233278148
10.293428329486957,-291.62653874488814
10.299711514794136,-298.0812623325238
10.305994700101316,-299.4380563721694
10.312277885408497,-293.8346886736621
10.318561070715676,-291.3525163614524
10.324844256022855,-295.17672878946337
10.331127441330034,-293.25930720469466
10.337410626637215,-294.786979653388
10.343693811944394,-290.44847946507457
10.349976997251574,-292.7077490310643
10.356260182558753,-299.1261170291208
10.362543367865934,-290.5590156798525
10.368826553173113,-298.7869333967909
10.375109738480292,-298.36805251616147
10.381392923787471,-295.81230590541145
10.387676109094652,-299.8387194872907
10.39395929440183,-297.5118617941009
10.40024247970901,-296.65370689034086
10.40652566501619,-293.6297854824307
10.41280885032337,-296.435222718785
10.419092035630548,-292.1711640391062
10.42537522093773,-299.30146639952585
10.431658406244908,-286.7374365372372
10.437941591552088,-288.2376144148921
10.444224776859267,-298.3610052679163
10.450507962166448,-292.3905320230756
10.456791147473627,-299.0796368090826
10.463074332780806,-295.64266302049305
10.469357518087985,-294.57877926372225
10.475640703395166,-299.2737501331364
10.481923888702346,-294.0039054140298
10.488207074009525,-298.65557447149337
10.494490259316704,-293.68709895232644
10.500773444623885,-283.9649278773585
10.507056629931062,-283.77485058973855
10.513339815238243,-287.3445240752199
10.519623000545423,-286.0190002328844
10.525906185852604,-291.6259408918537
10.532189371159781,-298.94100549267984
10.538472556466962,-294.1050582318008
10.544755741774141,-294.1701128449003
10.55103892708132,-296.5320431254103
10.5573221123885,-287.6772645330916
10.56360529769568,-291.49584431089073
10.56988848300286,-291.63766345354907
10.576171668310039,-297.0392657550827
10.582454853617218,-289.7551218227118
10.588738038924399,-291.172113724804
10.595021224231578,-291.74329600007536
10.601304409538757,-285.1443761371603
10.607587594845937,-298.8235187179493
10.613870780153118,-286.68927275391115
10.620153965460295,-297.119058718945
10.626437150767476,-288.63641378601795
10.632720336074655,-289.9016192727546
10.639003521381836,-291.0015599604723
10.645286706689014,-284.23746778781083
10.651569891996195,-296.6850355093688
10.657853077303374,-293.9707597563608
10.664136262610553,-280.2103401008069
10.670419447917732,-296.7045787416949
10.676702633224911,-290.3467303744434
10.682985818532092,-286.75134072054345
10.689269003839271,-281.8529365474782
10.69555218914645,-291.9020605617192
10.70183537445363,-291.5641338528981
10.70811855976081,-294.7262184747541
10.714401745067988,-289.25667771431733
10.72068493037517,-275.62635992340125
10.726968115682348,-276.2881819333266
10.733251300989528,-267.4159196986758
10.739534486296707,-272.71394576411524
10.745817671603888,-288.37081248063447
10.752100856911067,-288.5853103096989
10.758384042218246,-286.23675680271566
10.764667227525425,-289.2659913493658
10.770950412832606,-296.22535517714033
10.777233598139786,-296.48233693487396
10.783516783446965,-280.78360294585104
10.789799968754144,-284.0071312119228
10.796083154061325,-292.57763503175846
10.802366339368504,-286.8337264351525
10.808649524675683,-287.2778440757782
10.814932709982862,-281.1181343440855
10.821215895290043,-294.17932436578803
10.82749908059722,-287.39255381186507
10.833782265904402,-289.6117039482449
10.840065451211581,-289.64842403074664
10.84634863651876,-286.1317443749342
10.85263182182594,-281.9904346570995
10.85891500713312,-284.85272671749874
10.8651981924403,-273.9034252140483
10.871481377747479,-286.5322673471224
10.877764563054658,-294.801297417925
10.884047748361839,-280.1962969662886
10.890330933669018,-277.62689871784147
10.896614118976197,-286.118549720713
10.902897304283377,-279.4228389414132
10.909180489590558,-289.0255878974029
10.915463674897737,-283.9990641839337
10.921746860204916,-270.6363823613142
10.928030045512095,-287.5080735867707
10.934313230819276,-278.3421167828284
10.940596416126454,-285.54501855387946
10.946879601433634,-270.5959861399504
10.953162786740814,-283.84575685984623
10.959445972047995,-281.2529494460606
10.965729157355172,-271.26448264318816
10.972012342662353,-284.12567355026914
10.978295527969532,-272.1195882049914
10.984578713276711,-247.95448137434192
10.99086189858389,-289.40070139321983
10.997145083891072,-271.6701381516627
11.00342826919825,-271.51869361572426
11.00971145450543,-278.1067888168542
11.01599463981261,-258.63557675816753
11.02227782511979,-255.98464575415693
11.02856101042697,-258.50692323529256
11.034844195734149,-250.1411846003452
11.041127381041328,-258.64601619075194
11.047410566348509,-264.1236164656216
11.053693751655686,-271.87327106815
11.059976936962867,-275.326412351419
11.066260122270046,-294.07414863358014
11.072543307577227,-263.01517119194153
11.078826492884405,-245.36529541903155
11.085109678191586,-287.1409223881501
11.091392863498765,-290.083228596876
11.097676048805944,-276.5705899257474
11.103959234113123,-266.83385830145835
11.110242419420304,-271.20047361382325
11.116525604727483,-282.3801030660672
11.122808790034663,-285.45304111095294
11.129091975341842,-262.257284609981
11.135375160649023,-278.90596794275586
11.141658345956202,-279.495012068859
11.147941531263381,-265.2083695840404
11.15422471657056,-270.37705059699294
11.160507901877741,-270.203816258459
11.166791087184919,-272.20608495875626
11.1730742724921,-273.96595076802885
11.179357457799279,-273.02314141389746
11.18564064310646,-277.62089926483026
11.191923828413637,-261.1993469526017
11.198207013720818,-287.4940862030222
11.204490199027997,-264.49392605536
11.210773384335177,-272.8904892032049
11.217056569642356,-253.6164640767869
11.223339754949537,-267.4295562639912
11.229622940256716,-266.87214992229605
11.235906125563895,-246.63237388337424
11.242189310871074,-255.6076086805241
11.248472496178255,-251.4744207916042
11.254755681485435,-257.0040088316819
11.261038866792614,-264.6142471162901
11.267322052099793,-266.0473667783265
11.273605237406974,-246.2807797557372
11.279888422714151,-239.0420795145123
11.286171608021332,-246.31367044456528
11.292454793328512,-254.88495973598177
11.298737978635693,-259.9345329480825
11.30502116394287,-261.84893170936346
11.311304349250051,-259.99979483626106
11.31758753455723,-263.14455062650654
11.32387071986441,-245.4879709143683
11.330153905171588,-255.51548226535925
11.33643709047877,-252.5473789671945
11.342720275785949,-262.36862477927446
11.349003461093128,-248.25569510156566
11.355286646400307,-258.45714108541716
11.361569831707488,-267.77860065946584
11.367853017014667,-236.34886717678523
11.374136202321846,-222.00111424982532
11.380419387629026,-234.86998134713542
11.386702572936207,-255.5011519482777
11.392985758243386,-238.1079758105807
11.399268943550565,-216.75147037768505
11.405552128857744,-242.7813326829836
11.411835314164925,-241.70692905015005
11.418118499472103,-215.70590850619067
11.424401684779284,-246.00810069504655
11.430684870086463,-225.88421569017254
11.436968055393642,-243.2574980791822
11.443251240700821,-224.02203899702278
11.449534426008002,-237.07305792252708
11.455817611315181,-207.89616127902593
11.46210079662236,-257.9997210028595
11.46838398192954,-205.40146600812054
11.474667167236719,-227.74902204933144
11.4809503525439,-232.19451912515072
11.487233537851077,-221.30103519958402
11.493516723158258,-206.37078277961484
11.499799908465437,-246.8951982743376
11.506083093772618,-228.3396010662281
11.512366279079796,-233.04718324526954
11.518649464386977,-221.28619434211123
11.524932649694156,-209.20224262064463
11.531215835001335,-192.81186159089896
11.537499020308514,-199.01965428353265
11.543782205615695,-189.30375657451526
11.550065390922875,-195.10302248327537
11.556348576230054,-228.84904453046067
11.562631761537233,-225.44687469743312
11.568914946844414,-240.78833072620108
11.575198132151593,-239.3706762733237
11.581481317458772,-234.83665428052825
11.587764502765951,-196.51514835393928
11.594047688073132,-226.85014590871393
11.60033087338031,-243.21006293102494
11.60661405868749,-206.1102995227978
11.61289724399467,-233.1917108294658
11.619180429301851,-227.90227642150984
11.625463614609028,-234.2757974981671
11.63174679991621,-239.08267684890606
11.638029985223389,-234.19492275596585
11.644313170530568,-222.81007860434843
11.650596355837747,-256.1053245508403
11.656879541144928,-219.41806470874457
11.663162726452107,-218.66100078564443
11.669445911759286,-245.685791610212
11.675729097066466,-235.92417331965547
11.682012282373647,-231.20644614466286
11.688295467680826,-217.47823079414232
11.694578652988005,-226.12967630853774
11.700861838295184,-245.92397190088914
11.707145023602365,-239.26724590668638
11.713428208909544,-238.68798232371344
11.719711394216723,-228.6344195296893
11.725994579523903,-229.56910426417463
11.732277764831084,-233.54786680419772
11.738560950138261,-251.71351261989588
11.744844135445442,-256.77574570213903
11.751127320752621,-246.02328936067565
11.7574105060598,-236.3324828630835
11.76369369136698,-256.9956968273002
11.76997687667416,-248.08222493704403
11.77626006198134,-254.0659824938641
11.782543247288519,-241.79292261067536
11.788826432595698,-257.7543491441751
11.79510961790288,-234.91665394571618
11.801392803210058,-266.31433173606763
11.807675988517238,-258.95886150653615
11.813959173824417,-258.47986354155137
11.820242359131598,-242.53472627940062
11.826525544438777,-267.22367924301204
11.832808729745956,-266.2052281807716
11.839091915053135,-255.98507539232668
11.845375100360316,-241.03545079774034
11.851658285667494,-264.0371703096851
11.857941470974675,-276.6975383545633
11.864224656281854,-272.20495106083496
11.870507841589033,-265.86439172768866
11.876791026896212,-270.09515734945217
11.883074212203393,-268.17838102007016
11.889357397510572,-274.1667498613577
11.895640582817752,-254.90095247222828
11.90192376812493,-259.19067251250317
11.908206953432112,-258.7890153681113
11.914490138739291,-261.70818395596245
11.92077332404647,-264.22114598993016
11.92705650935365,-269.7804759987523
11.93333969466083,-271.8176654652631
11.93962287996801,-274.5324403264764
11.945906065275189,-275.91852715072287
11.952189250582368,-271.70333869301317
11.958472435889549,-294.5036376465789
11.964755621196726,-277.6364339470082
11.971038806503907,-280.8859685260018
11.977321991811086,-278.6608044726214
11.983605177118266,-280.46200729951005
11.989888362425445,-277.6396221593535
11.996171547732626,-285.20367273139345
12.002454733039805,-275.6316933189105
12.008737918346984,-299.9632149070306
12.015021103654163,-284.06006646072467
12.021304288961344,-287.0221365889653
12.027587474268524,-280.14793093359947
12.033870659575703,-283.90974608047907
12.040153844882882,-283.2201694942138
12.046437030190063,-291.9385622752817
12.052720215497242,-290.9015403513089
12.059003400804421,-291.07631972752887
12.0652865861116,-289.6875601295251
12.071569771418782,-289.60222703556
12.077852956725959,-292.10247069222095
12.08413614203314,-291.06404834757615
12.090419327340319,-290.96434781467036
12.0967025126475,-274.5764783195706
12.102985697954677,-266.8820628236656
12.109268883261858,-276.9549445634829
12.115552068569038,-266.06117239023104
12.121835253876217,-281.33136671621236
12.128118439183396,-265.2543096411983
12.134401624490577,-266.91339194348893
12.140684809797756,-277.2843454198774
12.146967995104935,-264.6573385913501
12.153251180412115,-245.6102341900906
12.159534365719296,-260.22740566894606
12.165817551026475,-256.53154519812847
12.172100736333654,-242.4825853459126
12.178383921640833,-258.811261832112
12.184667106948014,-276.63246973351414
12.190950292255192,-247.95792327120455
12.197233477562373,-247.8660785830455
12.203516662869552,-264.3951177801896
12.209799848176733,-235.59914905285893
12.21608303348391,-263.4140107617519
12.222366218791091,-261.9277747721811
12.22864940409827,-250.2255472646236
12.23493258940545,-240.12140777935815
12.241215774712629,-247.97761958288007
12.24749896001981,-243.22068240995836
12.253782145326989,-257.21714733790964
12.260065330634168,-230.78227261499978
12.266348515941347,-230.332716697818
12.272631701248526,-269.0450646421004
12.278914886555707,-256.4310580587476
12.285198071862885,-262.4781632287531
12.291481257170066,-242.99354827759493
12.297764442477245,-261.66407010142274
12.304047627784424,-234.01029486027244
12.310330813091603,-235.78109706994536
12.316613998398784,-247.0772603132432
12.322897183705964,-252.98556182680227
12.329180369013143,-248.4627424056782
12.335463554320322,-236.1084191830584
12.341746739627503,-225.33620740249918
12.348029924934682,-247.6381253996218
12.354313110241861,-245.98467145260918
12.36059629554904,-241.72653221105864
12.366879480856221,-239.24423947710324
12.3731626661634,-246.7802811224701
12.37944585147058,-240.314519428942
12.385729036777759,-216.30598054153066
12.39201222208494,-213.30018629198327
12.398295407392117,-215.696005738948
12.404578592699298,-240.36542939365097
12.410861778006478,-256.71604210772296
12.417144963313657,-246.34438223371387
12.423428148620836,-222.81481327892305
12.429711333928017,-250.95694296301548
12.435994519235196,-233.01315001178733
12.442277704542375,-243.492738930393
12.448560889849555,-246.57424432743352
12.454844075156736,-258.47144140399735
12.461127260463915,-255.2261087986578
12.467410445771094,-258.47286821428605
12.473693631078273,-253.29542705648208
12.479976816385454,-218.87245102930692
12.486260001692633,-244.2835653965269
12.492543186999812,-246.74265092691246
12.498826372306992,-254.09634521471165
12.505109557614173,-237.87523127196297
12.51139274292135,-246.31317635507634
12.517675928228531,-244.95664357159978
12.52395911353571,-244.95921931276487
12.530242298842891,-229.85608348829598
12.536525484150069,-233.54606557399092
12.54280866945725,-254.7981737466706
12.549091854764429,-247.7074260474012
12.555375040071608,-256.07260267846107
12.561658225378787,-240.63463754660276
12.567941410685966,-233.6100139865187
12.574224595993147,-244.31404100295467
12.580507781300327,-248.16451769861197
12.586790966607506,-230.39581632617396
12.593074151914685,-233.40082175432983
12.599357337221866,-258.1090729309634
12.605640522529045,-243.71481479794733
12.611923707836224,-273.2934580466832
12.618206893143403,-245.31755971027297
12.624490078450584,-243.79174938257074
12.630773263757764,-243.3066851874305
12.637056449064943,-244.68411391040635
12.643339634372122,-248.75853810566295
12.649622819679303,-262.6641808421696
12.655906004986482,-220.18535120564965
12.662189190293661,-260.451036286287
12.66847237560084,-243.67609419411895
12.674755560908022,-240.46206865601425
12.6810387462152,-240.78760756897805
12.68732193152238,-245.95769240068304
12.69360511682956,-232.02158394546726
12.69988830213674,-254.31614930734747
12.70617148744392,-262.97692127218306
12.712454672751099,-263.0545539357738
12.718737858058276,-229.32439690360027
12.725021043365459,-261.9492141825615
12.731304228672638,-263.3041828576964
12.737587413979815,-256.83692966160555
12.743870599286995,-238.70855309949644
12.750153784594177,-260.29248240614345
12.756436969901356,-263.2353248912762
12.762720155208534,-254.5409397117976
12.769003340515713,-225.1903657390163
12.775286525822896,-245.9502494795114
12.781569711130073,-230.9176519941498
12.787852896437252,-224.75999506339775
12.794136081744432,-257.36592087334475
12.800419267051613,-252.97864137161588
12.806702452358792,-248.55227419414067
12.812985637665971,-253.4682510799162
12.81926882297315,-222.22334133912608
12.825552008280331,-232.24613168470572
12.83183519358751,-261.981982149423
12.83811837889469,-258.0834019195015
12.844401564201869,-225.10628140515797
12.85068474950905,-260.6308262034932
12.856967934816229,-267.1105484121893
12.863251120123408,-263.0506346819633
